timestamp,temp,rhum,wspd,pres
2024-01-01 00:00:00,0.7,96.0,5.4,1020.3
2024-01-01 01:00:00,-1.0,93.0,5.4,1018.0
2024-01-01 02:00:00,-2.0,93.0,5.4,1017.0
2024-01-01 03:00:00,0.3,96.0,3.6,1020.2
2024-01-01 04:00:00,-2.0,93.0,7.6,1017.0
2024-01-01 05:00:00,-3.0,93.0,5.4,1017.0
2024-01-01 06:00:00,-0.2,96.0,1.8,1019.7
2024-01-01 07:00:00,-2.0,93.0,3.6,1016.0
2024-01-01 08:00:00,-1.0,100.0,3.6,1017.0
2024-01-01 09:00:00,3.0,90.0,3.6,1018.5
2024-01-01 10:00:00,3.0,93.0,0.0,1016.0
2024-01-01 11:00:00,4.0,87.0,7.6,1015.0
2024-01-01 12:00:00,6.9,76.0,3.6,1015.9
2024-01-01 13:00:00,9.0,66.0,3.6,1014.0
2024-01-01 14:00:00,10.0,62.0,0.0,1014.0
2024-01-01 15:00:00,7.0,79.0,7.6,1014.8
2024-01-01 16:00:00,5.0,87.0,3.6,1014.0
2024-01-01 17:00:00,6.0,81.0,7.6,1014.0
2024-01-01 18:00:00,5.6,82.0,3.6,1015.0
2024-01-01 19:00:00,5.0,87.0,5.4,1014.0
2024-01-01 20:00:00,4.0,93.0,3.6,1014.0
2024-01-01 21:00:00,5.4,85.0,3.6,1015.3
2024-01-01 22:00:00,4.0,87.0,0.0,1015.0
2024-01-01 23:00:00,4.0,93.0,0.0,1015.0
2024-01-02 00:00:00,6.0,90.0,3.6,1015.6
2024-01-02 01:00:00,6.0,93.0,3.6,1014.0
2024-01-02 02:00:00,4.0,93.0,7.6,1014.0
2024-01-02 03:00:00,5.8,95.0,3.6,1015.3
2024-01-02 04:00:00,5.0,93.0,3.6,1014.0
2024-01-02 05:00:00,6.0,93.0,3.6,1014.0
2024-01-02 06:00:00,5.5,93.0,10.8,1015.6
2024-01-02 07:00:00,5.0,93.0,22.3,1015.0
2024-01-02 08:00:00,5.0,87.0,22.3,1016.0
2024-01-02 09:00:00,4.6,91.0,7.2,1017.4
2024-01-02 10:00:00,6.0,81.0,13.0,1016.0
2024-01-02 11:00:00,7.0,76.0,16.6,1015.0
2024-01-02 12:00:00,7.6,80.0,7.2,1015.8
2024-01-02 13:00:00,9.0,62.0,14.8,1015.0
2024-01-02 14:00:00,9.0,66.0,11.2,1014.0
2024-01-02 15:00:00,6.4,84.0,3.6,1015.5
2024-01-02 16:00:00,6.0,81.0,3.6,1015.0
2024-01-02 17:00:00,4.0,87.0,9.4,1015.0
2024-01-02 18:00:00,2.5,95.0,9.4,1016.9
2024-01-02 19:00:00,1.0,93.0,7.6,1015.0
2024-01-02 20:00:00,2.0,87.0,9.4,1015.0
2024-01-02 21:00:00,2.3,96.0,9.4,1016.6
2024-01-02 22:00:00,0.0,100.0,7.6,1015.0
2024-01-02 23:00:00,-1.0,100.0,7.6,1014.0
2024-01-03 00:00:00,0.2,98.0,3.6,1016.3
2024-01-03 01:00:00,-2.0,100.0,3.6,1013.0
2024-01-03 02:00:00,-1.0,93.0,1.8,1013.0
2024-01-03 03:00:00,1.6,98.0,11.2,1015.5
2024-01-03 04:00:00,0.0,93.0,9.4,1012.0
2024-01-03 05:00:00,0.0,93.0,5.4,1013.0
2024-01-03 06:00:00,0.9,98.0,7.2,1015.0
2024-01-03 07:00:00,0.0,93.0,3.6,1012.0
2024-01-03 08:00:00,1.0,93.0,3.6,1012.0
2024-01-03 09:00:00,4.0,94.0,3.6,1013.9
2024-01-03 10:00:00,3.0,93.0,5.4,1012.0
2024-01-03 11:00:00,5.0,93.0,5.4,1011.0
2024-01-03 12:00:00,4.9,88.0,3.6,1012.0
2024-01-03 13:00:00,7.0,87.0,9.4,1010.0
2024-01-03 14:00:00,7.0,87.0,11.2,1010.0
2024-01-03 15:00:00,6.4,83.0,7.2,1011.1
2024-01-03 16:00:00,6.0,87.0,9.4,1010.0
2024-01-03 17:00:00,6.0,81.0,9.4,1010.0
2024-01-03 18:00:00,6.2,84.0,3.6,1011.5
2024-01-03 19:00:00,5.0,93.0,3.6,1010.0
2024-01-03 20:00:00,6.0,87.0,7.6,1011.0
2024-01-03 21:00:00,6.2,84.0,3.6,1011.4
2024-01-03 22:00:00,4.0,87.0,7.6,1010.0
2024-01-03 23:00:00,2.0,93.0,7.6,1010.0
2024-01-04 00:00:00,3.6,92.0,3.6,1011.5
2024-01-04 01:00:00,1.0,100.0,7.6,1010.0
2024-01-04 02:00:00,1.0,93.0,5.4,1010.0
2024-01-04 03:00:00,3.4,93.0,3.6,1011.3
2024-01-04 04:00:00,1.0,93.0,9.4,1009.0
2024-01-04 05:00:00,2.0,93.0,9.4,1009.0
2024-01-04 06:00:00,3.9,89.0,7.2,1010.7
2024-01-04 07:00:00,2.0,93.0,3.6,1009.0
2024-01-04 08:00:00,4.0,87.0,1.8,1009.0
2024-01-04 09:00:00,7.4,78.0,7.2,1009.4
2024-01-04 10:00:00,9.0,76.0,7.6,1007.0
2024-01-04 11:00:00,11.0,62.0,9.4,1006.0
2024-01-04 12:00:00,12.1,61.0,7.2,1005.3
2024-01-04 13:00:00,12.0,62.0,5.4,1005.0
2024-01-04 14:00:00,13.0,54.0,22.3,1005.0
2024-01-04 15:00:00,6.4,91.0,10.8,1008.9
2024-01-04 16:00:00,7.0,87.0,16.6,1008.0
2024-01-04 17:00:00,8.0,76.0,16.6,1009.0
2024-01-04 18:00:00,8.2,75.0,10.8,1010.2
2024-01-04 19:00:00,6.0,87.0,9.4,1011.0
2024-01-04 20:00:00,6.0,87.0,13.0,1012.0
2024-01-04 21:00:00,5.5,91.0,3.6,1012.9
2024-01-04 22:00:00,2.0,93.0,7.6,1013.0
2024-01-04 23:00:00,2.0,93.0,9.4,1013.0
2024-01-05 00:00:00,3.5,95.0,3.6,1014.8
2024-01-05 01:00:00,1.0,93.0,7.6,1014.0
2024-01-05 02:00:00,0.0,100.0,11.2,1014.0
2024-01-05 03:00:00,1.1,98.0,3.6,1016.6
2024-01-05 04:00:00,0.0,93.0,5.4,1015.0
2024-01-05 05:00:00,-1.0,100.0,9.4,1016.0
2024-01-05 06:00:00,1.4,96.0,3.6,1018.7
2024-01-05 07:00:00,0.0,93.0,1.8,1017.0
2024-01-05 08:00:00,2.0,93.0,7.6,1017.0
2024-01-05 09:00:00,7.4,75.0,3.6,1017.8
2024-01-05 10:00:00,7.0,81.0,0.0,1017.0
2024-01-05 11:00:00,9.0,66.0,5.4,1016.0
2024-01-05 12:00:00,9.4,62.0,3.6,1016.1
2024-01-05 13:00:00,10.0,58.0,5.4,1016.0
2024-01-05 14:00:00,9.0,71.0,7.6,1015.0
2024-01-05 15:00:00,8.2,75.0,3.6,1016.0
2024-01-05 16:00:00,6.0,81.0,0.0,1015.0
2024-01-05 17:00:00,5.0,87.0,0.0,1016.0
2024-01-05 18:00:00,5.6,82.0,3.6,1017.2
2024-01-05 19:00:00,4.0,87.0,1.8,1016.0
2024-01-05 20:00:00,3.0,93.0,3.6,1016.0
2024-01-05 21:00:00,3.7,87.0,3.6,1017.3
2024-01-05 22:00:00,2.0,93.0,3.6,1015.0
2024-01-05 23:00:00,2.0,93.0,7.6,1015.0
2024-01-06 00:00:00,3.9,89.0,3.6,1016.9
2024-01-06 01:00:00,1.0,93.0,3.6,1015.0
2024-01-06 02:00:00,0.0,100.0,3.6,1015.0
2024-01-06 03:00:00,2.8,90.0,3.6,1016.5
2024-01-06 04:00:00,3.0,87.0,3.6,1014.0
2024-01-06 05:00:00,1.0,93.0,1.8,1014.0
2024-01-06 06:00:00,2.9,85.0,3.6,1015.8
2024-01-06 07:00:00,1.0,86.0,3.6,1013.0
2024-01-06 08:00:00,3.0,87.0,7.6,1013.0
2024-01-06 09:00:00,5.6,75.0,7.2,1014.5
2024-01-06 10:00:00,6.0,70.0,3.6,1012.0
2024-01-06 11:00:00,7.0,70.0,3.6,1011.0
2024-01-06 12:00:00,7.3,71.0,3.6,1012.6
2024-01-06 13:00:00,10.0,66.0,5.4,1009.0
2024-01-06 14:00:00,11.0,62.0,5.4,1009.0
2024-01-06 15:00:00,8.3,75.0,11.2,1009.6
2024-01-06 16:00:00,5.0,81.0,11.2,1008.0
2024-01-06 17:00:00,7.0,70.0,11.2,1008.0
2024-01-06 18:00:00,4.8,83.0,7.2,1009.2
2024-01-06 19:00:00,4.0,87.0,7.6,1007.0
2024-01-06 20:00:00,5.0,81.0,7.6,1005.0
2024-01-06 21:00:00,5.0,84.0,3.6,1006.1
2024-01-06 22:00:00,4.0,93.0,7.6,1003.0
2024-01-06 23:00:00,3.0,100.0,0.0,1002.0
2024-01-07 00:00:00,6.3,86.0,7.2,1002.5
2024-01-07 01:00:00,2.0,93.0,11.2,1000.0
2024-01-07 02:00:00,3.0,93.0,5.4,999.0
2024-01-07 03:00:00,6.0,91.0,3.6,998.7
2024-01-07 04:00:00,4.0,100.0,7.6,998.0
2024-01-07 05:00:00,5.0,93.0,14.8,997.0
2024-01-07 06:00:00,5.5,95.0,9.4,998.7
2024-01-07 07:00:00,5.0,93.0,5.4,998.0
2024-01-07 08:00:00,6.0,93.0,7.6,997.0
2024-01-07 09:00:00,7.3,90.0,3.6,998.1
2024-01-07 10:00:00,10.0,76.0,9.4,997.0
2024-01-07 11:00:00,10.0,76.0,11.2,996.0
2024-01-07 12:00:00,10.0,74.0,3.6,996.6
2024-01-07 13:00:00,11.0,62.0,9.4,996.0
2024-01-07 14:00:00,10.0,76.0,1.8,997.0
2024-01-07 15:00:00,9.3,83.0,5.4,996.8
2024-01-07 16:00:00,8.0,93.0,5.4,997.0
2024-01-07 17:00:00,8.0,87.0,5.4,998.0
2024-01-07 18:00:00,7.8,95.0,3.6,997.8
2024-01-07 19:00:00,7.0,93.0,7.6,999.0
2024-01-07 20:00:00,7.0,93.0,3.6,999.0
2024-01-07 21:00:00,7.0,97.0,3.6,999.7
2024-01-07 22:00:00,7.0,93.0,1.8,1000.0
2024-01-07 23:00:00,7.0,100.0,3.6,1000.0
2024-01-08 00:00:00,7.1,97.0,3.6,1001.5
2024-01-08 01:00:00,7.0,93.0,1.8,1001.0
2024-01-08 02:00:00,7.0,93.0,11.2,1001.0
2024-01-08 03:00:00,6.2,94.0,10.8,1002.0
2024-01-08 04:00:00,6.0,93.0,18.4,1002.0
2024-01-08 05:00:00,5.0,93.0,24.1,1003.0
2024-01-08 06:00:00,4.4,92.0,14.4,1005.5
2024-01-08 07:00:00,4.0,87.0,27.7,1005.0
2024-01-08 08:00:00,3.0,87.0,25.9,1007.0
2024-01-08 09:00:00,2.5,91.0,14.4,1009.2
2024-01-08 10:00:00,3.0,81.0,25.9,1008.0
2024-01-08 11:00:00,3.0,81.0,25.9,1008.0
2024-01-08 12:00:00,1.9,84.0,10.8,1010.3
2024-01-08 13:00:00,2.0,87.0,18.4,1009.0
2024-01-08 14:00:00,2.0,80.0,18.4,1010.0
2024-01-08 15:00:00,1.1,85.0,10.8,1012.3
2024-01-08 16:00:00,1.0,80.0,20.5,1011.0
2024-01-08 17:00:00,0.0,86.0,20.5,1012.0
2024-01-08 18:00:00,-0.4,94.0,10.8,1014.8
2024-01-08 19:00:00,-1.0,93.0,18.4,1013.0
2024-01-08 20:00:00,-1.0,93.0,16.6,1014.0
2024-01-08 21:00:00,-1.3,94.0,10.8,1016.9
2024-01-08 22:00:00,-1.0,93.0,16.6,1015.0
2024-01-08 23:00:00,-1.0,93.0,16.6,1015.0
2024-01-09 00:00:00,-1.8,96.0,7.2,1018.5
2024-01-09 01:00:00,-2.0,100.0,11.2,1016.0
2024-01-09 02:00:00,-2.0,100.0,9.4,1017.0
2024-01-09 03:00:00,-1.9,96.0,7.2,1019.7
2024-01-09 04:00:00,-2.0,93.0,7.6,1017.0
2024-01-09 05:00:00,-1.0,86.0,3.6,1018.0
2024-01-09 06:00:00,-1.8,92.0,3.6,1021.7
2024-01-09 07:00:00,-2.0,80.0,18.4,1021.0
2024-01-09 08:00:00,-2.0,80.0,9.4,1021.0
2024-01-09 09:00:00,-2.9,90.0,3.6,1025.2
2024-01-09 10:00:00,-2.0,74.0,13.0,1022.0
2024-01-09 11:00:00,-3.0,80.0,14.8,1022.0
2024-01-09 12:00:00,-4.0,85.0,10.8,1026.8
2024-01-09 13:00:00,-5.0,74.0,7.6,1024.0
2024-01-09 14:00:00,-5.0,74.0,9.4,1024.0
2024-01-09 15:00:00,-5.5,84.0,3.6,1029.0
2024-01-09 16:00:00,-5.0,68.0,7.6,1026.0
2024-01-09 17:00:00,-5.0,74.0,5.4,1026.0
2024-01-09 18:00:00,-5.3,84.0,7.2,1030.4
2024-01-09 19:00:00,-5.0,74.0,1.8,1027.0
2024-01-09 20:00:00,-5.0,68.0,5.4,1027.0
2024-01-09 21:00:00,-5.9,88.0,7.2,1031.6
2024-01-09 22:00:00,-6.0,79.0,5.4,1028.0
2024-01-09 23:00:00,-6.0,79.0,0.0,1028.0
2024-01-10 00:00:00,-6.1,90.0,3.6,1031.8
2024-01-10 01:00:00,-6.0,79.0,1.8,1028.0
2024-01-10 02:00:00,-6.0,79.0,0.0,1028.0
2024-01-10 03:00:00,-6.1,93.0,3.6,1031.8
2024-01-10 04:00:00,-6.0,79.0,3.6,1028.0
2024-01-10 05:00:00,-6.0,79.0,3.6,1028.0
2024-01-10 06:00:00,-6.0,93.0,3.6,1032.6
2024-01-10 07:00:00,-7.0,79.0,3.6,1029.0
2024-01-10 08:00:00,-6.0,73.0,0.0,1029.0
2024-01-10 09:00:00,-4.1,68.0,3.6,1033.1
2024-01-10 10:00:00,-3.0,54.0,1.8,1029.0
2024-01-10 11:00:00,-3.0,58.0,3.6,1029.0
2024-01-10 12:00:00,-2.1,68.0,3.6,1031.1
2024-01-10 13:00:00,-2.0,64.0,3.6,1027.0
2024-01-10 14:00:00,-2.0,64.0,1.8,1027.0
2024-01-10 15:00:00,-1.9,74.0,1.8,1030.8
2024-01-10 16:00:00,-5.0,80.0,7.6,1027.0
2024-01-10 17:00:00,-5.0,86.0,5.4,1028.0
2024-01-10 18:00:00,-6.7,95.0,3.6,1032.2
2024-01-10 19:00:00,-6.0,86.0,5.4,1028.0
2024-01-10 20:00:00,-6.0,93.0,3.6,1028.0
2024-01-10 21:00:00,-5.8,90.0,3.6,1032.0
2024-01-10 22:00:00,-8.0,100.0,3.6,1028.0
2024-01-10 23:00:00,-8.0,86.0,3.6,1028.0
2024-01-11 00:00:00,-8.6,100.0,3.6,1032.2
2024-01-11 01:00:00,-9.0,92.0,3.6,1027.0
2024-01-11 02:00:00,-11.0,92.0,3.6,1026.0
2024-01-11 03:00:00,-10.2,97.0,1.8,1031.4
2024-01-11 04:00:00,-11.0,92.0,3.6,1026.0
2024-01-11 05:00:00,-10.0,92.0,3.6,1025.0
2024-01-11 06:00:00,-10.6,97.0,0.0,1030.7
2024-01-11 07:00:00,-10.0,85.0,3.6,1025.0
2024-01-11 08:00:00,-9.0,92.0,5.4,1025.0
2024-01-11 09:00:00,-5.3,86.0,3.6,1028.5
2024-01-11 10:00:00,-4.0,74.0,0.0,1023.0
2024-01-11 11:00:00,-3.0,74.0,3.6,1022.0
2024-01-11 12:00:00,-1.4,74.0,3.6,1024.3
2024-01-11 13:00:00,-1.0,69.0,5.4,1020.0
2024-01-11 14:00:00,0.0,69.0,5.4,1019.0
2024-01-11 15:00:00,0.9,71.0,3.6,1021.2
2024-01-11 16:00:00,-1.0,74.0,9.4,1019.0
2024-01-11 17:00:00,-1.0,69.0,16.6,1018.0
2024-01-11 18:00:00,-1.7,78.0,3.6,1021.6
2024-01-11 19:00:00,-2.0,59.0,20.5,1018.0
2024-01-11 20:00:00,-3.0,68.0,14.8,1018.0
2024-01-11 21:00:00,-3.7,77.0,3.6,1021.7
2024-01-11 22:00:00,-4.0,68.0,16.6,1017.0
2024-01-11 23:00:00,-4.0,68.0,22.3,1017.0
2024-01-12 00:00:00,-5.4,84.0,3.6,1021.8
2024-01-12 01:00:00,-5.0,74.0,24.1,1017.0
2024-01-12 02:00:00,-5.0,68.0,18.4,1017.0
2024-01-12 03:00:00,-5.2,77.0,7.2,1020.8
2024-01-12 04:00:00,-5.0,74.0,14.8,1016.0
2024-01-12 05:00:00,-5.0,74.0,18.4,1016.0
2024-01-12 06:00:00,-5.1,80.0,7.2,1020.9
2024-01-12 07:00:00,-5.0,68.0,22.3,1017.0
2024-01-12 08:00:00,-5.0,74.0,20.5,1018.0
2024-01-12 09:00:00,-3.9,83.0,18.0,1021.6
2024-01-12 10:00:00,-3.0,74.0,27.7,1018.0
2024-01-12 11:00:00,-3.0,74.0,25.9,1018.0
2024-01-12 12:00:00,-2.9,90.0,18.0,1021.5
2024-01-12 13:00:00,-3.0,74.0,27.7,1019.0
2024-01-12 14:00:00,-3.0,74.0,20.5,1019.0
2024-01-12 15:00:00,-4.0,95.0,14.4,1022.6
2024-01-12 16:00:00,-4.0,80.0,27.7,1020.0
2024-01-12 17:00:00,-4.0,80.0,20.5,1020.0
2024-01-12 18:00:00,-4.6,89.0,14.4,1024.4
2024-01-12 19:00:00,-5.0,86.0,13.0,1021.0
2024-01-12 20:00:00,-5.0,80.0,11.2,1021.0
2024-01-12 21:00:00,-4.9,86.0,10.8,1025.4
2024-01-12 22:00:00,-4.0,74.0,16.6,1021.0
2024-01-12 23:00:00,-5.0,80.0,16.6,1021.0
2024-01-13 00:00:00,-4.8,82.0,10.8,1025.3
2024-01-13 01:00:00,-5.0,80.0,20.5,1021.0
2024-01-13 02:00:00,-4.0,74.0,22.3,1021.0
2024-01-13 03:00:00,-4.5,80.0,10.8,1024.5
2024-01-13 04:00:00,-5.0,74.0,20.5,1021.0
2024-01-13 05:00:00,-5.0,74.0,14.8,1021.0
2024-01-13 06:00:00,-5.0,82.0,7.2,1024.7
2024-01-13 07:00:00,-5.0,74.0,14.8,1021.0
2024-01-13 08:00:00,-4.0,68.0,16.6,1021.0
2024-01-13 09:00:00,-3.5,79.0,10.8,1024.7
2024-01-13 10:00:00,-3.0,68.0,20.5,1020.0
2024-01-13 11:00:00,-2.0,64.0,27.7,1020.0
2024-01-13 12:00:00,-0.9,82.0,10.8,1022.2
2024-01-13 13:00:00,-2.0,69.0,31.7,1019.0
2024-01-13 14:00:00,-2.0,64.0,27.7,1019.0
2024-01-13 15:00:00,-3.0,74.0,10.8,1022.2
2024-01-13 16:00:00,-4.0,74.0,18.4,1018.0
2024-01-13 17:00:00,-4.0,74.0,18.4,1018.0
2024-01-13 18:00:00,-3.9,77.0,7.2,1022.1
2024-01-13 19:00:00,-4.0,74.0,18.4,1018.0
2024-01-13 20:00:00,-5.0,74.0,11.2,1018.0
2024-01-13 21:00:00,-7.8,95.0,3.6,1022.7
2024-01-13 22:00:00,-7.0,86.0,7.6,1017.0
2024-01-13 23:00:00,-7.0,86.0,11.2,1017.0
2024-01-14 00:00:00,-8.8,97.0,3.6,1021.3
2024-01-14 01:00:00,-7.0,79.0,3.6,1016.0
2024-01-14 02:00:00,-10.0,85.0,3.6,1015.0
2024-01-14 03:00:00,-10.0,97.0,3.6,1020.5
2024-01-14 04:00:00,-11.0,92.0,5.4,1015.0
2024-01-14 05:00:00,-11.0,92.0,5.4,1015.0
2024-01-14 06:00:00,-10.4,97.0,7.6,1020.8
2024-01-14 07:00:00,-10.0,92.0,5.4,1015.0
2024-01-14 08:00:00,-7.0,79.0,3.6,1015.0
2024-01-14 09:00:00,-4.7,85.0,3.6,1018.3
2024-01-14 10:00:00,-1.0,59.0,1.8,1014.0
2024-01-14 11:00:00,-1.0,64.0,3.6,1013.0
2024-01-14 12:00:00,0.4,72.0,7.2,1014.9
2024-01-14 13:00:00,1.0,55.0,3.6,1011.0
2024-01-14 14:00:00,0.0,59.0,3.6,1011.0
2024-01-14 15:00:00,1.3,89.0,3.6,1014.1
2024-01-14 16:00:00,-3.0,80.0,7.6,1012.0
2024-01-14 17:00:00,-3.0,80.0,0.0,1012.0
2024-01-14 18:00:00,-2.8,80.0,3.6,1015.2
2024-01-14 19:00:00,-4.0,86.0,9.4,1012.0
2024-01-14 20:00:00,-5.0,86.0,5.4,1012.0
2024-01-14 21:00:00,-3.9,87.0,9.4,1015.3
2024-01-14 22:00:00,-7.0,86.0,5.4,1011.0
2024-01-14 23:00:00,-7.0,93.0,5.4,1011.0
2024-01-15 00:00:00,-5.5,93.0,3.6,1015.4
2024-01-15 01:00:00,-9.0,92.0,0.0,1011.0
2024-01-15 02:00:00,-9.0,92.0,5.4,1011.0
2024-01-15 03:00:00,-6.7,95.0,11.2,1014.3
2024-01-15 04:00:00,-7.0,86.0,1.8,1009.0
2024-01-15 05:00:00,-6.0,79.0,5.4,1009.0
2024-01-15 06:00:00,-6.1,96.0,3.6,1012.9
2024-01-15 07:00:00,-6.0,86.0,3.6,1009.0
2024-01-15 08:00:00,-4.0,86.0,3.6,1009.0
2024-01-15 09:00:00,-1.0,77.0,3.6,1011.3
2024-01-15 10:00:00,-1.0,74.0,3.6,1007.0
2024-01-15 11:00:00,0.0,74.0,5.4,1006.0
2024-01-15 12:00:00,1.0,75.0,3.6,1008.1
2024-01-15 13:00:00,2.0,64.0,3.6,1005.0
2024-01-15 14:00:00,2.0,70.0,3.6,1004.0
2024-01-15 15:00:00,2.7,72.0,3.6,1005.8
2024-01-15 16:00:00,1.0,80.0,3.6,1003.0
2024-01-15 17:00:00,2.0,70.0,5.4,1003.0
2024-01-15 18:00:00,1.9,70.0,3.6,1004.9
2024-01-15 19:00:00,1.0,80.0,5.4,1003.0
2024-01-15 20:00:00,2.0,70.0,5.4,1002.0
2024-01-15 21:00:00,1.9,74.0,7.2,1004.5
2024-01-15 22:00:00,1.0,80.0,1.8,1002.0
2024-01-15 23:00:00,2.0,70.0,5.4,1001.0
2024-01-16 00:00:00,1.1,78.0,3.6,1003.3
2024-01-16 01:00:00,2.0,80.0,7.6,1001.0
2024-01-16 02:00:00,1.0,86.0,5.4,1002.0
2024-01-16 03:00:00,2.3,78.0,3.6,1004.0
2024-01-16 04:00:00,3.0,87.0,25.9,1004.0
2024-01-16 05:00:00,2.0,80.0,22.3,1005.0
2024-01-16 06:00:00,2.0,79.0,14.4,1006.8
2024-01-16 07:00:00,2.0,75.0,22.3,1009.0
2024-01-16 08:00:00,1.0,80.0,24.1,1011.0
2024-01-16 09:00:00,1.4,75.0,10.8,1013.2
2024-01-16 10:00:00,2.0,70.0,20.5,1012.0
2024-01-16 11:00:00,3.0,70.0,18.4,1013.0
2024-01-16 12:00:00,2.8,63.0,10.8,1014.8
2024-01-16 13:00:00,3.0,65.0,20.5,1013.0
2024-01-16 14:00:00,3.0,65.0,16.6,1014.0
2024-01-16 15:00:00,1.7,68.0,10.8,1015.5
2024-01-16 16:00:00,1.0,69.0,9.4,1015.0
2024-01-16 17:00:00,-1.0,80.0,11.2,1015.0
2024-01-16 18:00:00,-0.7,90.0,3.6,1018.1
2024-01-16 19:00:00,-2.0,86.0,3.6,1016.0
2024-01-16 20:00:00,-3.0,86.0,7.6,1016.0
2024-01-16 21:00:00,-3.4,96.0,3.6,1019.6
2024-01-16 22:00:00,-4.0,100.0,5.4,1017.0
2024-01-16 23:00:00,-4.0,93.0,5.4,1016.0
2024-01-17 00:00:00,-4.4,98.0,3.6,1020.4
2024-01-17 01:00:00,-6.0,93.0,3.6,1016.0
2024-01-17 02:00:00,-6.0,93.0,5.4,1019.3
2024-01-17 03:00:00,-4.7,98.0,3.6,1020.3
2024-01-17 04:00:00,-4.0,93.0,5.4,1019.1
2024-01-17 05:00:00,-5.0,93.0,5.4,1016.0
2024-01-17 06:00:00,-4.3,98.0,3.6,1020.3
2024-01-17 07:00:00,-3.0,93.0,3.6,1017.0
2024-01-17 08:00:00,-1.0,80.0,5.4,1017.0
2024-01-17 09:00:00,0.2,82.0,3.6,1018.7
2024-01-17 10:00:00,1.0,75.0,3.6,1016.0
2024-01-17 11:00:00,2.0,75.0,3.6,1015.0
2024-01-17 12:00:00,3.6,63.0,3.6,1016.2
2024-01-17 13:00:00,6.0,61.0,3.6,1013.0
2024-01-17 14:00:00,6.0,65.0,11.2,1013.0
2024-01-17 15:00:00,5.4,69.0,13.0,1014.1
2024-01-17 16:00:00,3.0,70.0,14.8,1013.0
2024-01-17 17:00:00,3.0,75.0,11.2,1013.0
2024-01-17 18:00:00,2.7,77.0,3.6,1014.5
2024-01-17 19:00:00,4.0,70.0,9.4,1012.0
2024-01-17 20:00:00,3.0,75.0,7.6,1012.0
2024-01-17 21:00:00,2.6,78.0,7.2,1013.6
2024-01-17 22:00:00,2.0,80.0,3.6,1011.0
2024-01-17 23:00:00,1.0,86.0,3.6,1011.0
2024-01-18 00:00:00,3.0,77.0,7.2,1012.4
2024-01-18 01:00:00,2.0,87.0,7.6,1010.0
2024-01-18 02:00:00,2.0,87.0,0.0,1009.0
2024-01-18 03:00:00,3.0,85.0,7.2,1010.5
2024-01-18 04:00:00,4.0,81.0,11.2,1008.0
2024-01-18 05:00:00,4.0,81.0,7.6,1008.0
2024-01-18 06:00:00,3.0,87.0,7.2,1010.4
2024-01-18 07:00:00,3.0,87.0,5.4,1009.0
2024-01-18 08:00:00,4.0,87.0,7.6,1007.0
2024-01-18 09:00:00,4.6,86.0,7.2,1008.4
2024-01-18 10:00:00,9.0,76.0,9.4,1005.0
2024-01-18 11:00:00,10.0,66.0,18.4,1004.0
2024-01-18 12:00:00,13.9,62.0,3.6,1003.6
2024-01-18 13:00:00,16.0,48.0,29.5,1003.0
2024-01-18 14:00:00,16.0,48.0,22.3,1003.0
2024-01-18 15:00:00,14.0,59.0,7.2,1003.2
2024-01-18 16:00:00,13.0,58.0,24.1,1003.0
2024-01-18 17:00:00,13.0,58.0,5.4,1003.0
2024-01-18 18:00:00,12.0,69.0,7.2,1002.5
2024-01-18 19:00:00,11.0,76.0,11.2,1004.0
2024-01-18 20:00:00,10.0,82.0,7.6,1004.0
2024-01-18 21:00:00,11.3,72.0,7.2,1004.2
2024-01-18 22:00:00,9.0,87.0,5.4,1006.0
2024-01-18 23:00:00,8.0,93.0,9.4,1006.0
2024-01-19 00:00:00,7.9,95.0,3.6,1005.8
2024-01-19 01:00:00,7.0,93.0,5.4,1006.0
2024-01-19 02:00:00,6.0,100.0,3.6,1006.0
2024-01-19 03:00:00,6.6,96.0,5.4,1006.8
2024-01-19 04:00:00,4.0,93.0,0.0,1006.0
2024-01-19 05:00:00,6.0,93.0,0.0,1007.0
2024-01-19 06:00:00,6.0,95.0,7.2,1008.3
2024-01-19 07:00:00,5.0,93.0,9.4,1008.0
2024-01-19 08:00:00,6.0,93.0,1.8,1008.0
2024-01-19 09:00:00,9.2,87.0,3.6,1008.2
2024-01-19 10:00:00,11.0,76.0,1.8,1008.0
2024-01-19 11:00:00,12.0,72.0,9.4,1007.0
2024-01-19 12:00:00,13.7,69.0,3.6,1006.0
2024-01-19 13:00:00,15.0,55.0,5.4,1007.0
2024-01-19 14:00:00,16.0,48.0,11.2,1007.0
2024-01-19 15:00:00,15.0,53.0,7.2,1005.9
2024-01-19 16:00:00,13.0,58.0,3.6,1008.0
2024-01-19 17:00:00,12.0,67.0,7.6,1008.0
2024-01-19 18:00:00,12.5,63.0,3.6,1007.9
2024-01-19 19:00:00,7.0,81.0,24.1,1010.0
2024-01-19 20:00:00,5.0,81.0,35.3,1012.0
2024-01-19 21:00:00,4.0,81.0,18.0,1013.3
2024-01-19 22:00:00,3.0,75.0,31.7,1013.0
2024-01-19 23:00:00,2.0,75.0,29.5,1013.0
2024-01-20 00:00:00,1.6,74.0,18.0,1015.5
2024-01-20 01:00:00,0.0,80.0,31.7,1015.0
2024-01-20 02:00:00,0.0,80.0,29.5,1015.0
2024-01-20 03:00:00,-0.9,91.0,18.0,1018.4
2024-01-20 04:00:00,-2.0,93.0,31.7,1017.0
2024-01-20 05:00:00,-2.0,93.0,31.7,1018.0
2024-01-20 06:00:00,-2.2,96.0,14.4,1021.8
2024-01-20 07:00:00,-2.0,93.0,27.7,1019.0
2024-01-20 08:00:00,-2.0,93.0,24.1,1020.0
2024-01-20 09:00:00,-2.4,94.0,18.0,1023.9
2024-01-20 10:00:00,-2.0,86.0,25.9,1021.0
2024-01-20 11:00:00,-2.0,86.0,22.3,1021.0
2024-01-20 12:00:00,-2.3,92.0,14.4,1024.3
2024-01-20 13:00:00,-2.0,93.0,14.8,1022.0
2024-01-20 14:00:00,-2.0,93.0,14.8,1023.0
2024-01-20 15:00:00,-1.9,96.0,3.6,1026.2
2024-01-20 16:00:00,-2.0,100.0,5.4,1024.0
2024-01-20 17:00:00,-2.0,93.0,3.6,1025.0
2024-01-20 18:00:00,-2.1,96.0,3.6,1028.5
2024-01-20 19:00:00,-2.0,93.0,1.8,1027.0
2024-01-20 20:00:00,-2.0,93.0,0.0,1027.0
2024-01-20 21:00:00,-2.1,92.0,3.6,1030.2
2024-01-20 22:00:00,-3.0,93.0,3.6,1027.0
2024-01-20 23:00:00,-4.0,100.0,5.4,1027.0
2024-01-21 00:00:00,-3.8,94.0,3.6,1030.9
2024-01-21 01:00:00,-5.0,93.0,3.6,1028.0
2024-01-21 02:00:00,-5.0,93.0,5.4,1028.0
2024-01-21 03:00:00,-4.5,96.0,3.6,1031.7
2024-01-21 04:00:00,-10.0,92.0,5.4,1029.0
2024-01-21 05:00:00,-10.0,92.0,7.6,1029.0
2024-01-21 06:00:00,-5.8,93.0,7.2,1034.0
2024-01-21 07:00:00,-8.0,92.0,5.4,1030.0
2024-01-21 08:00:00,-10.0,92.0,5.4,1031.0
2024-01-21 09:00:00,-2.3,79.0,3.6,1034.2
2024-01-21 10:00:00,-5.0,80.0,3.6,1031.0
2024-01-21 11:00:00,-4.0,80.0,7.6,1031.0
2024-01-21 12:00:00,-1.3,80.0,3.6,1033.7
2024-01-21 13:00:00,-2.0,74.0,5.4,1031.0
2024-01-21 14:00:00,-2.0,74.0,11.2,1031.0
2024-01-21 15:00:00,-1.1,78.0,3.6,1034.0
2024-01-21 16:00:00,-4.0,80.0,1.8,1032.0
2024-01-21 17:00:00,-7.0,93.0,3.6,1033.0
2024-01-21 18:00:00,-6.9,98.0,3.6,1037.6
2024-01-21 19:00:00,-11.0,92.0,5.4,1034.0
2024-01-21 20:00:00,-13.0,92.0,7.6,1034.0
2024-01-21 21:00:00,-9.6,97.0,3.6,1039.6
2024-01-21 22:00:00,-12.0,92.0,9.4,1035.0
2024-01-21 23:00:00,-12.0,85.0,3.6,1035.0
2024-01-22 00:00:00,-7.8,97.0,3.6,1039.6
2024-01-22 01:00:00,-9.0,92.0,5.4,1035.0
2024-01-22 02:00:00,-8.0,92.0,0.0,1035.0
2024-01-22 03:00:00,-8.3,100.0,3.6,1039.4
2024-01-22 04:00:00,-8.0,92.0,3.6,1035.0
2024-01-22 05:00:00,-8.0,92.0,5.4,1035.0
2024-01-22 06:00:00,-9.4,97.0,3.6,1040.1
2024-01-22 07:00:00,-8.0,92.0,3.6,1035.0
2024-01-22 08:00:00,-8.0,92.0,3.6,1035.0
2024-01-22 09:00:00,-6.0,86.0,3.6,1038.8
2024-01-22 10:00:00,-7.0,93.0,1.8,1035.0
2024-01-22 11:00:00,-7.0,93.0,3.6,1034.0
2024-01-22 12:00:00,-5.5,93.0,7.2,1037.6
2024-01-22 13:00:00,-7.0,93.0,5.4,1033.0
2024-01-22 14:00:00,-7.0,93.0,3.6,1033.0
2024-01-22 15:00:00,-6.2,95.0,3.6,1036.4
2024-01-22 16:00:00,-10.0,92.0,7.6,1032.0
2024-01-22 17:00:00,-12.0,92.0,9.4,1032.0
2024-01-22 18:00:00,-10.5,97.0,3.6,1037.8
2024-01-22 19:00:00,-13.0,85.0,3.6,1031.0
2024-01-22 20:00:00,-14.0,92.0,0.0,1031.0
2024-01-22 21:00:00,-11.9,100.0,3.6,1036.8
2024-01-22 22:00:00,-13.0,92.0,0.0,1030.0
2024-01-22 23:00:00,-13.0,85.0,3.6,1030.0
2024-01-23 00:00:00,-13.8,100.0,3.6,1035.8
2024-01-23 01:00:00,-13.0,85.0,1.8,1029.0
2024-01-23 02:00:00,-12.0,85.0,0.0,1028.0
2024-01-23 03:00:00,-14.5,96.0,0.0,1034.8
2024-01-23 04:00:00,-13.0,92.0,3.6,1027.0
2024-01-23 05:00:00,-14.0,92.0,1.8,1026.0
2024-01-23 06:00:00,-15.1,100.0,3.6,1033.4
2024-01-23 07:00:00,-12.0,85.0,0.0,1027.0
2024-01-23 08:00:00,-12.0,92.0,0.0,1027.0
2024-01-23 09:00:00,-9.6,91.0,7.2,1031.5
2024-01-23 10:00:00,-11.0,92.0,3.6,1026.0
2024-01-23 11:00:00,-9.0,92.0,3.6,1025.0
2024-01-23 12:00:00,-4.5,80.0,3.6,1028.6
2024-01-23 13:00:00,-5.0,93.0,0.0,1025.0
2024-01-23 14:00:00,-5.0,93.0,5.4,1025.0
2024-01-23 15:00:00,-2.8,77.0,3.6,1028.2
2024-01-23 16:00:00,-8.0,92.0,1.8,1025.0
2024-01-23 17:00:00,-8.0,92.0,3.6,1026.0
2024-01-23 18:00:00,-8.0,92.5,10.8,1028.2
2024-01-23 19:00:00,-7.0,93.0,3.6,1027.0
2024-01-23 20:00:00,-6.0,93.0,0.0,1027.0
2024-01-23 21:00:00,1.8,84.0,14.4,1029.4
2024-01-23 22:00:00,-1.0,93.0,3.6,1028.0
2024-01-23 23:00:00,2.0,87.0,16.6,1028.0
2024-01-24 00:00:00,1.9,82.0,7.2,1029.4
2024-01-24 01:00:00,1.0,80.0,16.6,1028.0
2024-01-24 02:00:00,0.0,86.0,14.8,1028.0
2024-01-24 03:00:00,0.9,84.0,7.2,1029.9
2024-01-24 04:00:00,-2.0,93.0,13.0,1028.0
2024-01-24 05:00:00,-4.0,93.0,5.4,1028.0
2024-01-24 06:00:00,0.8,82.0,10.8,1030.9
2024-01-24 07:00:00,-2.0,86.0,7.6,1028.0
2024-01-24 08:00:00,1.0,75.0,7.6,1029.0
2024-01-24 09:00:00,2.8,70.0,14.4,1030.8
2024-01-24 10:00:00,3.0,70.0,18.4,1028.0
2024-01-24 11:00:00,3.0,70.0,24.1,1027.0
2024-01-24 12:00:00,4.4,64.0,7.2,1028.4
2024-01-24 13:00:00,4.0,65.0,20.5,1026.0
2024-01-24 14:00:00,5.0,61.0,16.6,1026.0
2024-01-24 15:00:00,4.5,68.0,7.2,1026.9
2024-01-24 16:00:00,3.0,70.0,7.6,1025.0
2024-01-24 17:00:00,3.0,70.0,13.0,1025.0
2024-01-24 18:00:00,2.6,73.0,3.6,1026.8
2024-01-24 19:00:00,1.0,80.0,5.4,1024.0
2024-01-24 20:00:00,1.0,80.0,7.6,1023.0
2024-01-24 21:00:00,0.6,81.0,11.2,1025.9
2024-01-24 22:00:00,0.0,86.0,7.6,1022.0
2024-01-24 23:00:00,1.0,75.0,7.6,1022.0
2024-01-25 00:00:00,1.1,76.0,3.6,1025.0
2024-01-25 01:00:00,2.0,75.0,5.4,1022.0
2024-01-25 02:00:00,1.0,86.0,1.8,1021.0
2024-01-25 03:00:00,1.6,80.0,3.6,1023.2
2024-01-25 04:00:00,2.0,80.0,9.4,1020.0
2024-01-25 05:00:00,4.0,70.0,18.4,1020.0
2024-01-25 06:00:00,6.1,63.0,10.8,1021.7
2024-01-25 07:00:00,5.0,65.0,27.7,1020.0
2024-01-25 08:00:00,6.0,61.0,16.6,1021.0
2024-01-25 09:00:00,6.6,59.0,18.0,1022.2
2024-01-25 10:00:00,6.0,65.0,24.1,1021.0
2024-01-25 11:00:00,7.0,66.0,33.5,1020.0
2024-01-25 12:00:00,7.3,58.0,10.8,1020.8
2024-01-25 13:00:00,9.0,53.0,27.7,1019.0
2024-01-25 14:00:00,8.0,53.0,29.5,1018.0
2024-01-25 15:00:00,7.1,56.0,14.4,1019.9
2024-01-25 16:00:00,7.0,57.0,31.7,1019.0
2024-01-25 17:00:00,6.0,65.0,29.5,1019.0
2024-01-25 18:00:00,6.0,65.0,18.0,1021.4
2024-01-25 19:00:00,6.0,65.0,27.7,1020.0
2024-01-25 20:00:00,6.0,61.0,18.4,1020.0
2024-01-25 21:00:00,5.5,63.0,18.0,1021.4
2024-01-25 22:00:00,5.0,61.0,22.3,1020.0
2024-01-25 23:00:00,4.0,65.0,22.3,1020.0
2024-01-26 00:00:00,4.6,60.0,18.0,1021.9
2024-01-26 01:00:00,4.0,65.0,18.4,1021.0
2024-01-26 02:00:00,4.0,60.0,25.9,1020.0
2024-01-26 03:00:00,4.1,59.0,21.6,1022.0
2024-01-26 04:00:00,4.0,60.0,25.9,1021.0
2024-01-26 05:00:00,4.0,60.0,33.5,1021.0
2024-01-26 06:00:00,4.0,59.0,21.6,1022.7
2024-01-26 07:00:00,4.0,60.0,31.7,1022.0
2024-01-26 08:00:00,5.0,56.0,35.3,1022.0
2024-01-26 09:00:00,5.0,55.0,18.0,1024.0
2024-01-26 10:00:00,6.0,52.0,33.5,1022.0
2024-01-26 11:00:00,7.0,49.0,33.5,1021.0
2024-01-26 12:00:00,6.0,50.0,21.6,1022.7
2024-01-26 13:00:00,7.0,49.0,40.7,1021.0
2024-01-26 14:00:00,6.0,49.0,33.5,1021.0
2024-01-26 15:00:00,5.2,53.0,18.0,1023.1
2024-01-26 16:00:00,5.0,52.0,25.9,1022.0
2024-01-26 17:00:00,4.0,56.0,18.4,1023.0
2024-01-26 18:00:00,3.9,56.0,10.8,1024.3
2024-01-26 19:00:00,3.0,60.0,20.5,1023.0
2024-01-26 20:00:00,2.0,64.0,18.4,1023.0
2024-01-26 21:00:00,2.8,62.0,14.4,1024.8
2024-01-26 22:00:00,3.0,60.0,22.3,1022.0
2024-01-26 23:00:00,2.0,64.0,9.4,1022.0
2024-01-27 00:00:00,2.7,67.0,7.2,1023.9
2024-01-27 01:00:00,-2.0,86.0,0.0,1022.0
2024-01-27 02:00:00,-2.0,86.0,0.0,1021.0
2024-01-27 03:00:00,0.5,77.0,3.6,1023.9
2024-01-27 04:00:00,3.0,70.0,3.6,1021.0
2024-01-27 05:00:00,1.0,86.0,11.2,1021.0
2024-01-27 06:00:00,2.0,88.0,3.6,1022.8
2024-01-27 07:00:00,1.0,93.0,20.5,1022.0
2024-01-27 08:00:00,4.0,75.0,29.5,1022.0
2024-01-27 09:00:00,4.6,65.0,21.6,1023.5
2024-01-27 10:00:00,5.0,65.0,40.7,1022.0
2024-01-27 11:00:00,5.0,65.0,38.9,1022.0
2024-01-27 12:00:00,4.1,68.0,18.0,1024.5
2024-01-27 13:00:00,5.0,65.0,42.5,1023.0
2024-01-27 14:00:00,5.0,56.0,38.9,1024.0
2024-01-27 15:00:00,3.8,58.0,14.4,1025.2
2024-01-27 16:00:00,3.0,60.0,24.1,1025.0
2024-01-27 17:00:00,3.0,60.0,22.3,1026.0
2024-01-27 18:00:00,2.8,58.0,14.4,1028.0
2024-01-27 19:00:00,3.0,60.0,16.6,1026.0
2024-01-27 20:00:00,3.0,60.0,25.9,1026.0
2024-01-27 21:00:00,2.6,58.0,14.4,1028.8
2024-01-27 22:00:00,2.0,64.0,18.4,1027.0
2024-01-27 23:00:00,2.0,64.0,13.0,1027.0
2024-01-28 00:00:00,1.8,66.0,10.8,1029.3
2024-01-28 01:00:00,1.0,69.0,18.4,1027.0
2024-01-28 02:00:00,1.0,75.0,22.3,1027.0
2024-01-28 03:00:00,1.1,72.0,10.8,1030.1
2024-01-28 04:00:00,1.0,75.0,16.6,1028.0
2024-01-28 05:00:00,0.0,74.0,24.1,1029.0
2024-01-28 06:00:00,-0.2,78.0,10.8,1031.9
2024-01-28 07:00:00,1.0,75.0,18.4,1030.0
2024-01-28 08:00:00,1.0,75.0,20.5,1031.0
2024-01-28 09:00:00,1.5,72.0,10.8,1032.6
2024-01-28 10:00:00,3.0,65.0,16.6,1031.0
2024-01-28 11:00:00,3.0,65.0,14.8,1031.0
2024-01-28 12:00:00,2.9,68.0,10.8,1032.3
2024-01-28 13:00:00,3.0,65.0,18.4,1030.0
2024-01-28 14:00:00,3.0,65.0,20.5,1031.0
2024-01-28 15:00:00,2.2,71.0,10.8,1032.8
2024-01-28 16:00:00,2.0,75.0,22.3,1032.0
2024-01-28 17:00:00,2.0,75.0,16.6,1032.0
2024-01-28 18:00:00,1.3,78.0,10.8,1033.9
2024-01-28 19:00:00,1.0,80.0,14.8,1033.0
2024-01-28 20:00:00,1.0,80.0,16.6,1033.0
2024-01-28 21:00:00,0.9,82.0,7.2,1034.9
2024-01-28 22:00:00,1.0,80.0,13.0,1034.0
2024-01-28 23:00:00,1.0,80.0,13.0,1034.0
2024-01-29 00:00:00,0.8,83.0,7.2,1035.6
2024-01-29 01:00:00,1.0,80.0,9.4,1034.0
2024-01-29 02:00:00,1.0,80.0,3.6,1034.0
2024-01-29 03:00:00,0.5,88.0,3.6,1036.1
2024-01-29 04:00:00,0.0,86.0,5.4,1034.0
2024-01-29 05:00:00,1.0,80.0,5.4,1034.0
2024-01-29 06:00:00,0.2,92.0,5.4,1037.5
2024-01-29 07:00:00,1.0,80.0,3.6,1035.0
2024-01-29 08:00:00,2.0,70.0,5.4,1035.0
2024-01-29 09:00:00,1.8,63.0,7.2,1037.8
2024-01-29 10:00:00,2.0,55.0,13.0,1036.0
2024-01-29 11:00:00,3.0,56.0,7.6,1035.0
2024-01-29 12:00:00,2.5,56.0,3.6,1036.9
2024-01-29 13:00:00,3.0,52.0,14.8,1035.0
2024-01-29 14:00:00,3.0,56.0,18.4,1035.0
2024-01-29 15:00:00,1.8,66.0,7.2,1036.9
2024-01-29 16:00:00,1.0,64.0,13.0,1035.0
2024-01-29 17:00:00,1.0,64.0,11.2,1036.0
2024-01-29 18:00:00,0.5,75.0,3.6,1038.4
2024-01-29 19:00:00,1.0,64.0,11.2,1037.0
2024-01-29 20:00:00,0.0,69.0,13.0,1037.0
2024-01-29 21:00:00,0.0,71.0,3.6,1039.5
2024-01-29 22:00:00,-1.0,69.0,11.2,1038.0
2024-01-29 23:00:00,-1.0,69.0,3.6,1037.0
2024-01-30 00:00:00,-2.4,84.0,3.6,1040.6
2024-01-30 01:00:00,-4.0,80.0,1.8,1037.0
2024-01-30 02:00:00,-2.0,69.0,5.4,1037.0
2024-01-30 03:00:00,-3.4,87.0,3.6,1040.9
2024-01-30 04:00:00,-4.0,74.0,3.6,1037.0
2024-01-30 05:00:00,-4.0,74.0,5.4,1038.0
2024-01-30 06:00:00,-3.6,85.0,3.6,1041.4
2024-01-30 07:00:00,-2.0,69.0,7.6,1038.0
2024-01-30 08:00:00,0.0,59.0,7.6,1038.0
2024-01-30 09:00:00,0.1,84.0,7.2,1040.3
2024-01-30 10:00:00,1.0,51.0,13.0,1038.0
2024-01-30 11:00:00,1.0,51.0,13.0,1037.0
2024-01-30 12:00:00,0.8,83.0,3.6,1039.7
2024-01-30 13:00:00,2.0,51.0,11.2,1036.0
2024-01-30 14:00:00,2.0,51.0,14.8,1036.0
2024-01-30 15:00:00,0.6,85.0,7.2,1038.8
2024-01-30 16:00:00,-1.0,69.0,7.6,1036.0
2024-01-30 17:00:00,-2.0,69.0,0.0,1036.0
2024-01-30 18:00:00,-2.4,76.0,3.6,1039.7
2024-01-30 19:00:00,-4.0,80.0,5.4,1036.0
2024-01-30 20:00:00,-5.0,80.0,7.6,1036.0
2024-01-30 21:00:00,-4.2,87.0,3.6,1040.2
2024-01-30 22:00:00,-7.0,86.0,5.4,1036.0
2024-01-30 23:00:00,-6.0,86.0,3.6,1036.0
2024-01-31 00:00:00,-8.1,97.0,3.6,1040.5
2024-01-31 01:00:00,-8.0,92.0,3.6,1035.0
2024-01-31 02:00:00,-8.0,92.0,5.4,1035.0
2024-01-31 03:00:00,-9.1,97.0,3.6,1040.1
2024-01-31 04:00:00,-9.0,92.0,7.6,1035.0
2024-01-31 05:00:00,-9.0,92.0,5.4,1035.0
2024-01-31 06:00:00,-9.3,94.0,5.4,1040.3
2024-01-31 07:00:00,-7.0,86.0,3.6,1035.0
2024-01-31 08:00:00,-5.0,80.0,3.6,1035.0
2024-01-31 09:00:00,-2.0,71.0,3.6,1037.9
2024-01-31 10:00:00,0.0,59.0,3.6,1034.0
2024-01-31 11:00:00,2.0,51.0,3.6,1033.0
2024-01-31 12:00:00,3.9,44.0,3.6,1033.4
2024-01-31 13:00:00,5.0,42.0,5.4,1031.0
2024-01-31 14:00:00,6.0,39.0,5.4,1031.0
2024-01-31 15:00:00,5.5,50.0,3.6,1031.7
2024-01-31 16:00:00,2.0,51.0,5.4,1031.0
2024-01-31 17:00:00,0.0,59.0,7.6,1031.0
2024-01-31 18:00:00,-0.4,57.0,3.6,1033.5
2024-01-31 19:00:00,-3.0,74.0,3.6,1031.0
2024-01-31 20:00:00,-4.0,74.0,3.6,1031.0
2024-01-31 21:00:00,-3.2,73.0,1.8,1034.1
2024-01-31 22:00:00,-5.0,80.0,9.4,1030.0
2024-01-31 23:00:00,-5.0,74.0,1.8,1030.0
2024-02-01 00:00:00,-3.7,77.0,3.6,1033.8
2024-02-01 01:00:00,-6.0,86.0,3.6,1029.0
2024-02-01 02:00:00,-8.0,92.0,3.6,1029.0
2024-02-01 03:00:00,-5.7,83.0,3.6,1033.0
2024-02-01 04:00:00,-8.0,92.0,5.4,1028.0
2024-02-01 05:00:00,-8.0,92.0,0.0,1028.0
2024-02-01 06:00:00,-6.4,90.0,3.6,1032.5
2024-02-01 07:00:00,-6.0,79.0,5.4,1028.0
2024-02-01 08:00:00,-3.0,68.0,5.4,1028.0
2024-02-01 09:00:00,-0.2,86.0,3.6,1029.9
2024-02-01 10:00:00,2.0,51.0,1.8,1027.0
2024-02-01 11:00:00,4.0,45.0,3.6,1025.0
2024-02-01 12:00:00,6.3,35.0,3.6,1025.5
2024-02-01 13:00:00,8.0,34.0,3.6,1023.0
2024-02-01 14:00:00,11.0,17.0,1.8,1023.0
2024-02-01 15:00:00,9.7,28.0,3.6,1023.0
2024-02-01 16:00:00,6.0,39.0,9.4,1022.0
2024-02-01 17:00:00,3.0,48.0,9.4,1023.0
2024-02-01 18:00:00,2.8,55.0,3.6,1025.0
2024-02-01 19:00:00,1.0,60.0,5.4,1023.0
2024-02-01 20:00:00,1.0,60.0,7.6,1023.0
2024-02-01 21:00:00,4.9,55.0,3.6,1024.3
2024-02-01 22:00:00,-2.0,80.0,5.4,1023.0
2024-02-01 23:00:00,-2.0,80.0,5.4,1022.0
2024-02-02 00:00:00,-0.4,83.0,3.6,1025.6
2024-02-02 01:00:00,-3.0,86.0,5.4,1022.0
2024-02-02 02:00:00,-2.0,86.0,3.6,1022.0
2024-02-02 03:00:00,5.4,52.0,18.0,1023.4
2024-02-02 04:00:00,3.0,56.0,14.8,1022.0
2024-02-02 05:00:00,3.0,75.0,35.3,1023.0
2024-02-02 06:00:00,3.7,72.0,14.4,1024.1
2024-02-02 07:00:00,3.0,81.0,29.5,1024.0
2024-02-02 08:00:00,3.0,81.0,27.7,1024.0
2024-02-02 09:00:00,4.0,71.0,18.0,1026.0
2024-02-02 10:00:00,5.0,61.0,27.7,1024.0
2024-02-02 11:00:00,5.0,61.0,25.9,1024.0
2024-02-02 12:00:00,3.9,65.0,14.4,1026.0
2024-02-02 13:00:00,4.0,70.0,16.6,1025.0
2024-02-02 14:00:00,4.0,70.0,16.6,1025.0
2024-02-02 15:00:00,3.2,77.0,10.8,1026.7
2024-02-02 16:00:00,3.0,75.0,11.2,1025.0
2024-02-02 17:00:00,2.0,80.0,11.2,1026.0
2024-02-02 18:00:00,2.9,73.0,7.2,1027.7
2024-02-02 19:00:00,3.0,70.0,16.6,1026.0
2024-02-02 20:00:00,3.0,65.0,14.8,1027.0
2024-02-02 21:00:00,2.7,70.0,10.8,1028.3
2024-02-02 22:00:00,1.0,75.0,16.6,1026.0
2024-02-02 23:00:00,1.0,75.0,14.8,1026.0
2024-02-03 00:00:00,1.5,69.0,7.2,1028.3
2024-02-03 01:00:00,0.0,74.0,7.6,1025.0
2024-02-03 02:00:00,-2.0,86.0,5.4,1025.0
2024-02-03 03:00:00,-1.6,83.0,3.6,1028.2
2024-02-03 04:00:00,-2.0,86.0,3.6,1024.0
2024-02-03 05:00:00,-2.0,86.0,3.6,1024.0
2024-02-03 06:00:00,1.3,66.0,7.2,1027.0
2024-02-03 07:00:00,0.0,80.0,3.6,1024.0
2024-02-03 08:00:00,4.0,65.0,13.0,1024.0
2024-02-03 09:00:00,4.3,52.0,14.4,1026.0
2024-02-03 10:00:00,6.0,52.0,20.5,1024.0
2024-02-03 11:00:00,6.0,49.0,22.3,1023.0
2024-02-03 12:00:00,6.7,56.0,10.8,1023.9
2024-02-03 13:00:00,7.0,53.0,11.2,1021.0
2024-02-03 14:00:00,8.0,53.0,7.6,1021.0
2024-02-03 15:00:00,8.7,53.0,10.8,1021.5
2024-02-03 16:00:00,8.0,53.0,24.1,1020.0
2024-02-03 17:00:00,7.0,53.0,16.6,1021.0
2024-02-03 18:00:00,7.4,56.0,7.2,1021.5
2024-02-03 19:00:00,4.0,65.0,9.4,1022.0
2024-02-03 20:00:00,1.0,80.0,0.0,1022.0
2024-02-03 21:00:00,1.3,80.0,3.6,1023.8
2024-02-03 22:00:00,-1.0,86.0,1.8,1022.0
2024-02-03 23:00:00,0.0,80.0,1.8,1021.0
2024-02-04 00:00:00,7.2,63.0,14.4,1021.9
2024-02-04 01:00:00,2.0,80.0,11.2,1021.0
2024-02-04 02:00:00,3.0,75.0,9.0,1021.0
2024-02-04 03:00:00,8.0,64.0,18.0,1021.2
2024-02-04 04:00:00,5.0,75.0,11.2,1020.0
2024-02-04 05:00:00,5.0,75.0,11.2,1020.0
2024-02-04 06:00:00,8.6,64.0,10.8,1020.7
2024-02-04 07:00:00,6.0,70.0,13.0,1021.0
2024-02-04 08:00:00,9.0,62.0,24.1,1021.0
2024-02-04 09:00:00,9.8,57.0,18.0,1020.9
2024-02-04 10:00:00,10.0,58.0,29.5,1021.0
2024-02-04 11:00:00,11.0,58.0,33.5,1021.0
2024-02-04 12:00:00,10.9,57.0,18.0,1020.4
2024-02-04 13:00:00,12.0,50.0,31.7,1019.0
2024-02-04 14:00:00,12.0,50.0,27.7,1020.0
2024-02-04 15:00:00,11.1,56.0,10.8,1020.1
2024-02-04 16:00:00,10.0,62.0,22.3,1020.0
2024-02-04 17:00:00,8.0,71.0,9.4,1021.0
2024-02-04 18:00:00,9.1,67.0,7.2,1021.0
2024-02-04 19:00:00,6.0,76.0,11.2,1021.0
2024-02-04 20:00:00,5.0,75.0,9.4,1021.0
2024-02-04 21:00:00,9.0,62.0,7.2,1021.6
2024-02-04 22:00:00,4.0,81.0,9.4,1022.2
2024-02-04 23:00:00,3.0,87.0,7.6,1022.1
2024-02-05 00:00:00,2.3,88.0,7.2,1022.8
2024-02-05 01:00:00,1.0,93.0,9.4,1021.8
2024-02-05 02:00:00,1.0,86.0,3.6,1021.5
2024-02-05 03:00:00,1.4,91.0,3.6,1021.0
2024-02-05 04:00:00,-1.0,93.0,9.4,1020.9
2024-02-05 05:00:00,1.0,86.0,5.4,1020.7
2024-02-05 06:00:00,1.7,87.0,9.4,1021.0
2024-02-05 07:00:00,4.0,81.0,9.4,1019.0
2024-02-05 08:00:00,8.0,61.0,3.6,1019.0
2024-02-05 09:00:00,8.5,61.0,3.6,1019.4
2024-02-05 10:00:00,13.0,44.0,3.6,1018.0
2024-02-05 11:00:00,17.0,29.0,18.4,1017.0
2024-02-05 12:00:00,17.3,31.0,14.4,1016.0
2024-02-05 13:00:00,19.0,26.0,31.7,1016.0
2024-02-05 14:00:00,17.0,29.0,18.4,1017.0
2024-02-05 15:00:00,17.5,30.0,14.4,1015.1
2024-02-05 16:00:00,16.0,31.0,18.4,1017.0
2024-02-05 17:00:00,13.0,38.0,13.0,1018.0
2024-02-05 18:00:00,11.5,50.0,3.6,1018.2
2024-02-05 19:00:00,10.0,46.0,16.6,1019.0
2024-02-05 20:00:00,6.0,61.0,11.2,1020.0
2024-02-05 21:00:00,6.4,65.0,3.6,1021.0
2024-02-05 22:00:00,6.0,61.0,7.6,1021.0
2024-02-05 23:00:00,2.0,75.0,5.4,1021.0
2024-02-06 00:00:00,4.1,73.0,3.6,1022.6
2024-02-06 01:00:00,2.0,75.0,1.8,1021.0
2024-02-06 02:00:00,1.0,75.0,5.4,1021.0
2024-02-06 03:00:00,5.2,69.0,3.6,1022.5
2024-02-06 04:00:00,0.0,86.0,3.6,1022.0
2024-02-06 05:00:00,-1.0,86.0,5.4,1022.0
2024-02-06 06:00:00,1.7,80.0,3.6,1024.5
2024-02-06 07:00:00,1.0,86.0,9.4,1022.0
2024-02-06 08:00:00,7.0,61.0,0.0,1022.0
2024-02-06 09:00:00,11.3,47.0,3.6,1021.6
2024-02-06 10:00:00,13.0,38.0,3.6,1021.0
2024-02-06 11:00:00,15.0,31.0,3.6,1020.0
2024-02-06 12:00:00,15.3,36.0,3.6,1018.0
2024-02-06 13:00:00,17.0,27.0,3.6,1018.0
2024-02-06 14:00:00,18.0,28.0,9.4,1017.0
2024-02-06 15:00:00,17.2,34.0,3.6,1015.4
2024-02-06 16:00:00,14.0,36.0,5.4,1016.0
2024-02-06 17:00:00,10.0,46.0,7.6,1016.0
2024-02-06 18:00:00,12.7,41.0,3.6,1016.2
2024-02-06 19:00:00,5.0,61.0,3.6,1016.0
2024-02-06 20:00:00,4.0,65.0,3.6,1017.0
2024-02-06 21:00:00,6.4,56.0,3.6,1017.8
2024-02-06 22:00:00,1.0,75.0,5.4,1017.0
2024-02-06 23:00:00,1.0,75.0,5.4,1017.0
2024-02-07 00:00:00,0.0,94.0,7.2,1017.4
2024-02-07 01:00:00,0.0,80.0,5.4,1017.0
2024-02-07 02:00:00,0.0,80.0,9.4,1018.2
2024-02-07 03:00:00,4.8,65.0,3.6,1017.9
2024-02-07 04:00:00,-1.0,86.0,3.6,1016.0
2024-02-07 05:00:00,0.0,80.0,5.4,1016.0
2024-02-07 06:00:00,2.1,78.0,3.6,1018.2
2024-02-07 07:00:00,1.0,80.0,5.4,1016.0
2024-02-07 08:00:00,4.0,70.0,5.4,1016.0
2024-02-07 09:00:00,7.7,63.0,3.6,1016.2
2024-02-07 10:00:00,11.0,54.0,3.6,1014.0
2024-02-07 11:00:00,13.0,51.0,3.6,1013.0
2024-02-07 12:00:00,14.3,48.0,7.2,1011.9
2024-02-07 13:00:00,15.0,39.0,16.6,1011.0
2024-02-07 14:00:00,15.0,41.0,18.4,1011.0
2024-02-07 15:00:00,13.9,51.0,3.6,1010.7
2024-02-07 16:00:00,12.0,50.0,11.2,1011.0
2024-02-07 17:00:00,10.0,58.0,13.0,1011.0
2024-02-07 18:00:00,11.7,51.0,7.2,1011.4
2024-02-07 19:00:00,10.0,54.0,14.8,1011.0
2024-02-07 20:00:00,10.0,54.0,14.8,1011.0
2024-02-07 21:00:00,11.8,51.0,10.8,1011.1
2024-02-07 22:00:00,6.0,70.0,9.4,1012.0
2024-02-07 23:00:00,5.0,75.0,7.6,1012.0
2024-02-08 00:00:00,5.7,75.0,3.6,1013.0
2024-02-08 01:00:00,4.0,75.0,5.4,1012.0
2024-02-08 02:00:00,2.0,80.0,1.8,1011.0
2024-02-08 03:00:00,3.7,84.0,1.8,1013.3
2024-02-08 04:00:00,0.0,93.0,7.6,1011.0
2024-02-08 05:00:00,1.0,86.0,7.6,1011.0
2024-02-08 06:00:00,3.1,84.0,5.4,1013.4
2024-02-08 07:00:00,3.0,81.0,3.6,1012.0
2024-02-08 08:00:00,6.0,70.0,5.4,1012.0
2024-02-08 09:00:00,9.8,61.0,3.6,1011.5
2024-02-08 10:00:00,12.0,44.0,5.4,1011.0
2024-02-08 11:00:00,13.0,44.0,7.6,1011.0
2024-02-08 12:00:00,15.0,41.0,7.2,1009.5
2024-02-08 13:00:00,16.0,31.0,5.4,1009.0
2024-02-08 14:00:00,17.0,29.0,5.4,1009.0
2024-02-08 15:00:00,16.8,33.0,3.6,1007.7
2024-02-08 16:00:00,11.0,43.0,1.8,1009.0
2024-02-08 17:00:00,11.0,47.0,13.0,1010.0
2024-02-08 18:00:00,10.8,56.0,3.6,1010.0
2024-02-08 19:00:00,8.0,57.0,5.4,1010.0
2024-02-08 20:00:00,4.0,70.0,5.4,1010.0
2024-02-08 21:00:00,5.6,73.0,3.6,1011.7
2024-02-08 22:00:00,3.0,75.0,3.6,1011.0
2024-02-08 23:00:00,1.0,80.0,9.4,1011.0
2024-02-09 00:00:00,4.0,75.0,7.2,1012.1
2024-02-09 01:00:00,1.0,80.0,9.4,1010.0
2024-02-09 02:00:00,-1.0,93.0,0.0,1010.0
2024-02-09 03:00:00,1.6,86.0,3.6,1012.7
2024-02-09 04:00:00,-2.0,93.0,7.6,1011.0
2024-02-09 05:00:00,-1.0,86.0,5.4,1011.0
2024-02-09 06:00:00,0.9,87.0,3.6,1013.5
2024-02-09 07:00:00,1.0,86.0,7.6,1012.0
2024-02-09 08:00:00,6.0,65.0,3.6,1012.0
2024-02-09 09:00:00,7.3,66.0,1.8,1012.0
2024-02-09 10:00:00,10.0,54.0,3.6,1010.0
2024-02-09 11:00:00,12.0,47.0,7.6,1009.0
2024-02-09 12:00:00,12.9,48.0,7.2,1009.6
2024-02-09 13:00:00,14.0,41.0,3.6,1008.0
2024-02-09 14:00:00,14.0,41.0,3.6,1008.0
2024-02-09 15:00:00,14.0,46.0,3.6,1007.4
2024-02-09 16:00:00,12.0,47.0,7.6,1008.0
2024-02-09 17:00:00,10.0,50.0,7.6,1008.0
2024-02-09 18:00:00,8.9,61.0,3.6,1008.9
2024-02-09 19:00:00,10.0,54.0,9.4,1008.0
2024-02-09 20:00:00,8.0,61.0,5.4,1009.0
2024-02-09 21:00:00,6.8,68.0,9.4,1009.4
2024-02-09 22:00:00,4.0,75.0,7.6,1009.0
2024-02-09 23:00:00,4.0,75.0,3.6,1009.0
2024-02-10 00:00:00,4.8,77.0,3.6,1010.0
2024-02-10 01:00:00,2.0,80.0,3.6,1009.0
2024-02-10 02:00:00,1.0,80.0,3.6,1009.0
2024-02-10 03:00:00,4.2,78.0,3.6,1009.9
2024-02-10 04:00:00,1.0,86.0,1.8,1009.0
2024-02-10 05:00:00,3.0,81.0,9.4,1008.0
2024-02-10 06:00:00,6.9,67.0,7.2,1009.7
2024-02-10 07:00:00,3.0,81.0,1.8,1009.0
2024-02-10 08:00:00,9.0,62.0,7.6,1009.0
2024-02-10 09:00:00,9.8,60.0,7.2,1009.4
2024-02-10 10:00:00,12.0,50.0,5.4,1009.0
2024-02-10 11:00:00,15.0,36.0,9.4,1008.0
2024-02-10 12:00:00,14.5,42.0,3.6,1007.4
2024-02-10 13:00:00,16.0,29.0,5.4,1008.0
2024-02-10 14:00:00,15.0,33.0,5.4,1007.0
2024-02-10 15:00:00,15.6,29.0,18.0,1006.3
2024-02-10 16:00:00,14.0,31.0,9.4,1007.0
2024-02-10 17:00:00,15.0,29.0,7.6,1008.0
2024-02-10 18:00:00,14.7,32.0,7.2,1006.7
2024-02-10 19:00:00,13.0,38.0,7.6,1008.0
2024-02-10 20:00:00,15.0,29.0,13.0,1007.0
2024-02-10 21:00:00,14.7,33.0,7.2,1006.6
2024-02-10 22:00:00,16.0,29.0,29.5,1007.0
2024-02-10 23:00:00,16.0,27.0,31.7,1006.0
2024-02-11 00:00:00,14.9,32.0,10.8,1005.6
2024-02-11 01:00:00,12.0,41.0,22.3,1006.0
2024-02-11 02:00:00,10.0,50.0,22.3,1005.0
2024-02-11 03:00:00,14.7,35.0,7.2,1003.9
2024-02-11 04:00:00,14.0,36.0,25.9,1005.0
2024-02-11 05:00:00,12.0,41.0,11.2,1004.0
2024-02-11 06:00:00,14.7,34.0,10.8,1004.1
2024-02-11 07:00:00,12.0,44.0,27.7,1005.0
2024-02-11 08:00:00,13.0,44.0,13.0,1005.0
2024-02-11 09:00:00,13.7,45.0,7.2,1004.1
2024-02-11 10:00:00,15.0,44.0,27.7,1004.0
2024-02-11 11:00:00,17.0,39.0,22.3,1003.0
2024-02-11 12:00:00,17.6,42.0,7.2,1001.1
2024-02-11 13:00:00,16.0,42.0,14.8,1002.0
2024-02-11 14:00:00,17.0,39.0,9.4,1002.0
2024-02-11 15:00:00,16.0,49.0,3.6,1000.8
2024-02-11 16:00:00,14.0,51.0,13.0,1002.0
2024-02-11 17:00:00,13.0,62.0,20.5,1003.0
2024-02-11 18:00:00,12.1,72.0,7.2,1002.7
2024-02-11 19:00:00,10.0,82.0,14.8,1004.0
2024-02-11 20:00:00,8.0,93.0,11.2,1005.0
2024-02-11 21:00:00,8.0,95.0,3.6,1005.0
2024-02-11 22:00:00,8.0,93.0,5.4,1004.0
2024-02-11 23:00:00,8.0,93.0,5.4,1005.0
2024-02-12 00:00:00,7.7,84.0,10.8,1005.4
2024-02-12 01:00:00,7.0,81.0,7.6,1004.0
2024-02-12 02:00:00,6.0,93.0,9.4,1004.3
2024-02-12 03:00:00,6.0,93.0,7.2,1005.2
2024-02-12 04:00:00,6.0,93.0,24.1,1003.0
2024-02-12 05:00:00,6.0,93.0,16.6,1003.0
2024-02-12 06:00:00,5.6,93.0,3.6,1004.1
2024-02-12 07:00:00,6.0,93.0,5.4,1003.0
2024-02-12 08:00:00,7.0,87.0,3.6,1003.0
2024-02-12 09:00:00,6.8,87.0,3.6,1004.4
2024-02-12 10:00:00,9.0,76.0,9.4,1003.0
2024-02-12 11:00:00,11.0,62.0,9.4,1003.0
2024-02-12 12:00:00,11.3,59.0,3.6,1002.3
2024-02-12 13:00:00,12.0,54.0,22.3,1002.0
2024-02-12 14:00:00,12.0,50.0,5.4,1002.0
2024-02-12 15:00:00,12.0,60.0,7.2,1002.0
2024-02-12 16:00:00,10.0,71.0,3.6,1004.0
2024-02-12 17:00:00,9.0,76.0,7.6,1005.0
2024-02-12 18:00:00,8.2,84.0,3.6,1005.7
2024-02-12 19:00:00,7.0,87.0,3.6,1005.0
2024-02-12 20:00:00,6.0,87.0,5.4,1006.0
2024-02-12 21:00:00,6.3,91.0,3.6,1006.9
2024-02-12 22:00:00,6.0,93.0,1.8,1006.0
2024-02-12 23:00:00,5.0,93.0,7.6,1006.0
2024-02-13 00:00:00,6.0,88.0,3.6,1007.7
2024-02-13 01:00:00,4.0,93.0,3.6,1007.0
2024-02-13 02:00:00,7.0,81.0,16.6,1007.9
2024-02-13 03:00:00,6.5,84.0,18.0,1007.9
2024-02-13 04:00:00,6.0,81.0,22.3,1008.0
2024-02-13 05:00:00,6.0,81.0,22.3,1008.0
2024-02-13 06:00:00,6.2,74.0,10.8,1009.2
2024-02-13 07:00:00,7.0,70.0,18.4,1009.0
2024-02-13 08:00:00,7.0,76.0,25.9,1009.0
2024-02-13 09:00:00,7.3,74.0,18.0,1010.3
2024-02-13 10:00:00,8.0,66.0,22.0,1010.0
2024-02-13 11:00:00,8.0,66.0,20.5,1009.0
2024-02-13 12:00:00,7.7,70.0,14.4,1009.9
2024-02-13 13:00:00,7.0,76.0,25.9,1009.0
2024-02-13 14:00:00,7.0,76.0,24.1,1009.0
2024-02-13 15:00:00,5.7,85.0,10.8,1010.4
2024-02-13 16:00:00,6.0,81.0,25.9,1009.0
2024-02-13 17:00:00,6.0,81.0,20.5,1010.0
2024-02-13 18:00:00,6.0,79.0,14.4,1011.9
2024-02-13 19:00:00,6.0,81.0,20.5,1012.0
2024-02-13 20:00:00,6.0,81.0,24.1,1012.0
2024-02-13 21:00:00,5.4,80.0,14.4,1013.1
2024-02-13 22:00:00,6.0,76.0,20.5,1013.0
2024-02-13 23:00:00,5.0,81.0,20.5,1013.0
2024-02-14 00:00:00,4.9,80.0,10.8,1014.5
2024-02-14 01:00:00,5.0,81.0,16.6,1014.0
2024-02-14 02:00:00,5.0,75.0,18.4,1015.0
2024-02-14 03:00:00,5.0,77.0,10.8,1015.3
2024-02-14 04:00:00,5.0,75.0,14.8,1015.0
2024-02-14 05:00:00,5.0,75.0,18.4,1015.0
2024-02-14 06:00:00,4.6,77.0,7.2,1016.3
2024-02-14 07:00:00,5.0,75.0,16.6,1017.0
2024-02-14 08:00:00,5.0,70.0,22.3,1018.0
2024-02-14 09:00:00,4.4,72.0,14.4,1018.9
2024-02-14 10:00:00,5.0,70.0,20.5,1018.0
2024-02-14 11:00:00,5.0,65.0,24.1,1018.0
2024-02-14 12:00:00,4.7,78.0,10.8,1019.5
2024-02-14 13:00:00,6.0,61.0,18.4,1018.0
2024-02-14 14:00:00,6.0,61.0,13.0,1018.0
2024-02-14 15:00:00,5.7,65.0,7.2,1019.6
2024-02-14 16:00:00,6.0,61.0,11.2,1019.0
2024-02-14 17:00:00,6.0,56.0,20.5,1020.0
2024-02-14 18:00:00,5.0,59.0,10.8,1021.3
2024-02-14 19:00:00,5.0,61.0,18.4,1020.0
2024-02-14 20:00:00,5.0,61.0,20.5,1021.0
2024-02-14 21:00:00,3.8,65.0,10.8,1022.1
2024-02-14 22:00:00,3.0,70.0,20.5,1021.0
2024-02-14 23:00:00,3.0,70.0,24.1,1021.0
2024-02-15 00:00:00,3.0,65.0,18.0,1022.5
2024-02-15 01:00:00,3.0,65.0,20.5,1021.0
2024-02-15 02:00:00,3.0,65.0,20.5,1023.2
2024-02-15 03:00:00,2.5,68.0,10.8,1022.9
2024-02-15 04:00:00,2.0,70.0,24.1,1023.4
2024-02-15 05:00:00,2.0,70.0,18.4,1022.0
2024-02-15 06:00:00,1.8,70.0,14.4,1024.6
2024-02-15 07:00:00,2.0,70.0,18.4,1023.0
2024-02-15 08:00:00,3.0,65.0,22.3,1023.0
2024-02-15 09:00:00,4.5,61.0,10.8,1024.0
2024-02-15 10:00:00,6.0,56.0,13.0,1022.0
2024-02-15 11:00:00,7.0,53.0,14.8,1021.0
2024-02-15 12:00:00,8.1,53.0,7.2,1022.1
2024-02-15 13:00:00,9.0,50.0,11.2,1021.0
2024-02-15 14:00:00,9.0,50.0,9.4,1021.0
2024-02-15 15:00:00,8.4,56.0,7.2,1021.2
2024-02-15 16:00:00,7.0,57.0,7.0,1021.0
2024-02-15 17:00:00,6.0,56.0,7.6,1022.0
2024-02-15 18:00:00,5.0,61.0,7.6,1022.9
2024-02-15 19:00:00,2.0,75.0,6.0,1023.0
2024-02-15 20:00:00,2.0,70.0,7.6,1023.0
2024-02-15 21:00:00,1.0,80.0,11.2,1024.7
2024-02-15 22:00:00,0.0,80.0,9.4,1023.0
2024-02-15 23:00:00,0.0,80.0,11.2,1023.0
2024-02-16 00:00:00,-1.0,86.0,9.4,1025.7
2024-02-16 01:00:00,-1.0,86.0,3.6,1023.0
2024-02-16 02:00:00,-3.0,86.0,3.6,1023.0
2024-02-16 03:00:00,-1.6,93.0,3.6,1025.9
2024-02-16 04:00:00,-4.0,100.0,5.4,1023.0
2024-02-16 05:00:00,-3.0,86.0,5.4,1023.0
2024-02-16 06:00:00,-3.0,94.0,1.8,1026.7
2024-02-16 07:00:00,0.0,86.0,5.4,1024.0
2024-02-16 08:00:00,2.0,75.0,3.6,1024.0
2024-02-16 09:00:00,5.0,67.0,3.6,1024.9
2024-02-16 10:00:00,8.0,53.0,5.4,1024.0
2024-02-16 11:00:00,10.0,50.0,3.6,1023.0
2024-02-16 12:00:00,9.4,53.0,3.6,1022.9
2024-02-16 13:00:00,12.0,44.0,7.6,1022.0
2024-02-16 14:00:00,11.0,47.0,3.6,1022.0
2024-02-16 15:00:00,10.8,53.0,3.6,1022.0
2024-02-16 16:00:00,9.0,53.0,11.2,1022.0
2024-02-16 17:00:00,7.0,61.0,3.6,1023.0
2024-02-16 18:00:00,5.7,73.0,3.6,1024.5
2024-02-16 19:00:00,4.0,75.0,5.4,1024.0
2024-02-16 20:00:00,2.0,80.0,3.6,1024.0
2024-02-16 21:00:00,1.2,87.0,5.4,1026.6
2024-02-16 22:00:00,1.0,80.0,5.4,1024.0
2024-02-16 23:00:00,0.0,86.0,3.6,1025.0
2024-02-17 00:00:00,0.7,87.0,3.6,1027.1
2024-02-17 01:00:00,-2.0,93.0,3.6,1025.0
2024-02-17 02:00:00,-2.0,100.0,0.0,1025.0
2024-02-17 03:00:00,-1.1,94.0,3.6,1027.7
2024-02-17 04:00:00,-2.0,93.0,1.8,1025.0
2024-02-17 05:00:00,-3.0,100.0,5.4,1025.0
2024-02-17 06:00:00,-1.2,98.0,3.6,1028.4
2024-02-17 07:00:00,0.0,93.0,1.8,1026.0
2024-02-17 08:00:00,3.0,81.0,1.8,1026.0
2024-02-17 09:00:00,5.8,71.0,3.6,1027.1
2024-02-17 10:00:00,7.0,66.0,3.6,1026.0
2024-02-17 11:00:00,10.0,50.0,3.6,1026.0
2024-02-17 12:00:00,12.0,49.0,3.6,1024.7
2024-02-17 13:00:00,13.0,41.0,1.8,1025.0
2024-02-17 14:00:00,14.0,38.0,3.6,1024.0
2024-02-17 15:00:00,13.9,41.0,3.6,1024.1
2024-02-17 16:00:00,12.0,44.0,5.4,1025.0
2024-02-17 17:00:00,7.0,66.0,7.6,1026.0
2024-02-17 18:00:00,5.8,69.0,3.6,1026.9
2024-02-17 19:00:00,4.0,75.0,3.6,1027.0
2024-02-17 20:00:00,5.0,70.0,13.0,1027.0
2024-02-17 21:00:00,3.7,72.0,7.2,1029.0
2024-02-17 22:00:00,1.0,86.0,0.0,1028.0
2024-02-17 23:00:00,1.0,86.0,3.6,1028.0
2024-02-18 00:00:00,0.5,92.0,3.6,1030.4
2024-02-18 01:00:00,-1.0,86.0,0.0,1028.0
2024-02-18 02:00:00,-2.0,93.0,3.6,1028.0
2024-02-18 03:00:00,-1.1,96.0,0.0,1030.9
2024-02-18 04:00:00,-2.0,93.0,0.0,1029.0
2024-02-18 05:00:00,-4.0,93.0,0.0,1029.0
2024-02-18 06:00:00,-1.5,90.0,3.6,1031.3
2024-02-18 07:00:00,-1.0,93.0,3.6,1029.0
2024-02-18 08:00:00,3.0,81.0,3.6,1030.0
2024-02-18 09:00:00,6.3,74.0,10.8,1030.0
2024-02-18 10:00:00,7.0,76.0,22.3,1030.0
2024-02-18 11:00:00,8.0,76.0,16.6,1029.0
2024-02-18 12:00:00,8.2,71.0,10.8,1028.8
2024-02-18 13:00:00,9.0,66.0,24.1,1028.0
2024-02-18 14:00:00,9.0,66.0,24.1,1028.0
2024-02-18 15:00:00,8.2,68.0,10.8,1028.5
2024-02-18 16:00:00,8.0,66.0,16.6,1028.0
2024-02-18 17:00:00,8.0,71.0,16.6,1028.0
2024-02-18 18:00:00,7.6,71.0,10.8,1029.0
2024-02-18 19:00:00,7.0,76.0,13.0,1028.0
2024-02-18 20:00:00,7.0,70.0,7.6,1028.0
2024-02-18 21:00:00,6.7,77.0,3.6,1028.8
2024-02-18 22:00:00,3.0,87.0,3.6,1027.0
2024-02-18 23:00:00,2.0,93.0,5.4,1027.0
2024-02-19 00:00:00,2.0,93.0,3.6,1029.4
2024-02-19 01:00:00,0.0,93.0,5.4,1027.0
2024-02-19 02:00:00,0.0,100.0,3.6,1028.7
2024-02-19 03:00:00,0.6,94.0,1.8,1028.8
2024-02-19 04:00:00,-1.0,100.0,0.0,1026.0
2024-02-19 05:00:00,0.0,100.0,3.6,1026.0
2024-02-19 06:00:00,1.8,93.0,3.6,1028.4
2024-02-19 07:00:00,2.0,93.0,5.4,1026.0
2024-02-19 08:00:00,3.0,93.0,3.6,1026.0
2024-02-19 09:00:00,4.1,86.0,7.2,1027.5
2024-02-19 10:00:00,6.0,81.0,5.4,1026.0
2024-02-19 11:00:00,7.0,76.0,16.6,1025.0
2024-02-19 12:00:00,6.9,76.0,7.2,1025.6
2024-02-19 13:00:00,8.0,71.0,20.5,1023.0
2024-02-19 14:00:00,8.0,66.0,24.1,1023.0
2024-02-19 15:00:00,6.9,72.0,10.8,1024.2
2024-02-19 16:00:00,6.0,76.0,22.3,1023.0
2024-02-19 17:00:00,6.0,76.0,25.9,1023.0
2024-02-19 18:00:00,4.9,82.0,10.8,1024.5
2024-02-19 19:00:00,5.0,81.0,16.6,1023.0
2024-02-19 20:00:00,5.0,81.0,16.6,1023.0
2024-02-19 21:00:00,3.8,89.0,3.6,1024.9
2024-02-19 22:00:00,3.0,87.0,13.0,1023.0
2024-02-19 23:00:00,4.0,87.0,0.0,1023.0
2024-02-20 00:00:00,3.3,92.0,5.4,1025.1
2024-02-20 01:00:00,4.0,87.0,3.6,1023.0
2024-02-20 02:00:00,3.0,93.0,3.6,1022.0
2024-02-20 03:00:00,3.6,90.0,1.8,1023.9
2024-02-20 04:00:00,4.0,87.0,9.4,1022.0
2024-02-20 05:00:00,3.0,87.0,3.6,1022.0
2024-02-20 06:00:00,3.2,90.0,3.6,1024.3
2024-02-20 07:00:00,4.0,87.0,5.4,1023.0
2024-02-20 08:00:00,4.0,87.0,7.6,1023.0
2024-02-20 09:00:00,5.6,78.0,3.6,1024.3
2024-02-20 10:00:00,7.0,66.0,9.4,1023.0
2024-02-20 11:00:00,8.0,53.0,9.4,1023.0
2024-02-20 12:00:00,8.5,54.0,3.6,1023.1
2024-02-20 13:00:00,9.0,50.0,9.4,1022.0
2024-02-20 14:00:00,9.0,50.0,5.4,1022.0
2024-02-20 15:00:00,8.4,61.0,3.6,1022.4
2024-02-20 16:00:00,8.0,53.0,3.6,1022.0
2024-02-20 17:00:00,7.0,66.0,11.2,1022.0
2024-02-20 18:00:00,6.2,71.0,10.8,1023.5
2024-02-20 19:00:00,6.0,76.0,24.1,1023.0
2024-02-20 20:00:00,5.0,81.0,22.3,1024.0
2024-02-20 21:00:00,5.3,77.0,10.8,1024.8
2024-02-20 22:00:00,5.0,87.0,13.0,1024.0
2024-02-20 23:00:00,5.0,87.0,11.2,1024.0
2024-02-21 00:00:00,4.5,83.0,7.2,1025.6
2024-02-21 01:00:00,4.0,87.0,13.0,1023.0
2024-02-21 02:00:00,4.0,87.0,7.6,1023.0
2024-02-21 03:00:00,4.5,81.0,7.2,1024.7
2024-02-21 04:00:00,4.0,87.0,5.4,1023.0
2024-02-21 05:00:00,3.0,93.0,3.6,1023.0
2024-02-21 06:00:00,3.6,87.0,3.6,1025.2
2024-02-21 07:00:00,4.0,87.0,0.0,1024.0
2024-02-21 08:00:00,6.0,81.0,5.4,1024.0
2024-02-21 09:00:00,7.0,70.0,7.2,1024.6
2024-02-21 10:00:00,8.0,66.0,18.4,1024.0
2024-02-21 11:00:00,9.0,57.0,9.4,1023.0
2024-02-21 12:00:00,9.5,52.0,7.2,1023.2
2024-02-21 13:00:00,9.0,53.0,16.6,1022.0
2024-02-21 14:00:00,9.0,62.0,20.5,1022.0
2024-02-21 15:00:00,8.1,60.0,10.8,1022.6
2024-02-21 16:00:00,8.0,61.0,11.2,1022.0
2024-02-21 17:00:00,5.0,75.0,13.0,1022.0
2024-02-21 18:00:00,6.4,73.0,10.8,1023.7
2024-02-21 19:00:00,5.0,81.0,14.8,1023.0
2024-02-21 20:00:00,5.0,81.0,14.8,1023.0
2024-02-21 21:00:00,4.0,84.0,7.2,1024.4
2024-02-21 22:00:00,3.0,93.0,3.6,1023.0
2024-02-21 23:00:00,2.0,93.0,5.4,1023.0
2024-02-22 00:00:00,0.7,96.0,3.6,1025.4
2024-02-22 01:00:00,0.0,100.0,1.8,1022.0
2024-02-22 02:00:00,0.0,93.0,3.6,1021.0
2024-02-22 03:00:00,0.7,83.0,3.6,1023.9
2024-02-22 04:00:00,-3.0,93.0,3.6,1021.0
2024-02-22 05:00:00,-2.0,93.0,3.6,1021.0
2024-02-22 06:00:00,-1.1,98.0,3.6,1024.4
2024-02-22 07:00:00,-1.0,100.0,0.0,1021.0
2024-02-22 08:00:00,0.0,100.0,5.4,1021.0
2024-02-22 09:00:00,0.9,84.0,1.8,1023.8
2024-02-22 10:00:00,1.0,100.0,3.6,1021.0
2024-02-22 11:00:00,2.0,93.0,3.6,1020.0
2024-02-22 12:00:00,4.5,82.0,3.6,1020.4
2024-02-22 13:00:00,7.0,70.0,5.4,1018.0
2024-02-22 14:00:00,9.0,62.0,3.6,1016.0
2024-02-22 15:00:00,9.7,58.0,3.6,1015.9
2024-02-22 16:00:00,8.0,66.0,0.0,1015.0
2024-02-22 17:00:00,6.0,70.0,3.6,1015.0
2024-02-22 18:00:00,6.0,74.0,3.6,1016.7
2024-02-22 19:00:00,2.0,87.0,11.2,1015.0
2024-02-22 20:00:00,3.0,87.0,3.6,1015.0
2024-02-22 21:00:00,4.6,80.0,3.6,1016.4
2024-02-22 22:00:00,3.0,81.0,5.4,1014.0
2024-02-22 23:00:00,3.0,81.0,3.6,1014.0
2024-02-23 00:00:00,4.2,80.0,3.6,1016.2
2024-02-23 01:00:00,3.0,81.0,5.4,1014.0
2024-02-23 02:00:00,3.0,81.0,7.6,1013.0
2024-02-23 03:00:00,3.7,81.0,3.6,1015.3
2024-02-23 04:00:00,4.0,75.0,3.6,1013.0
2024-02-23 05:00:00,4.0,75.0,13.0,1013.0
2024-02-23 06:00:00,3.0,82.0,3.6,1015.6
2024-02-23 07:00:00,5.0,75.0,9.4,1014.0
2024-02-23 08:00:00,10.0,58.0,11.2,1014.0
2024-02-23 09:00:00,10.1,59.0,10.8,1014.0
2024-02-23 10:00:00,14.0,44.0,9.4,1014.0
2024-02-23 11:00:00,15.0,39.0,3.6,1013.0
2024-02-23 12:00:00,15.1,39.0,7.2,1011.8
2024-02-23 13:00:00,16.0,34.0,6.0,1012.0
2024-02-23 14:00:00,16.0,34.0,7.6,1012.0
2024-02-23 15:00:00,15.1,43.0,7.2,1010.9
2024-02-23 16:00:00,15.0,39.0,9.4,1012.0
2024-02-23 17:00:00,13.0,47.0,13.0,1012.0
2024-02-23 18:00:00,12.0,55.0,3.6,1012.3
2024-02-23 19:00:00,10.0,58.0,5.4,1013.0
2024-02-23 20:00:00,10.0,62.0,5.4,1013.0
2024-02-23 21:00:00,12.8,52.0,7.2,1012.4
2024-02-23 22:00:00,9.0,66.0,13.0,1013.0
2024-02-23 23:00:00,9.0,66.0,9.4,1013.0
2024-02-24 00:00:00,10.7,64.0,3.6,1013.5
2024-02-24 01:00:00,9.0,62.0,9.4,1013.0
2024-02-24 02:00:00,7.0,70.0,9.4,1013.0
2024-02-24 03:00:00,7.4,73.0,7.2,1013.9
2024-02-24 04:00:00,8.0,66.0,11.2,1014.0
2024-02-24 05:00:00,6.0,76.0,7.6,1014.0
2024-02-24 06:00:00,6.1,77.0,3.6,1015.9
2024-02-24 07:00:00,9.0,66.0,9.4,1015.0
2024-02-24 08:00:00,13.0,54.0,9.4,1015.0
2024-02-24 09:00:00,14.7,46.0,3.6,1014.5
2024-02-24 10:00:00,17.0,39.0,5.4,1015.0
2024-02-24 11:00:00,18.0,34.0,16.6,1015.0
2024-02-24 12:00:00,16.0,42.0,7.2,1014.0
2024-02-24 13:00:00,16.0,39.0,20.5,1015.0
2024-02-24 14:00:00,17.0,39.0,18.4,1015.0
2024-02-24 15:00:00,16.2,41.0,10.8,1013.5
2024-02-24 16:00:00,16.0,42.0,14.8,1015.0
2024-02-24 17:00:00,16.0,42.0,3.6,1016.0
2024-02-24 18:00:00,14.8,47.0,10.8,1014.2
2024-02-24 19:00:00,14.0,51.0,16.6,1016.0
2024-02-24 20:00:00,13.0,62.0,9.4,1016.0
2024-02-24 21:00:00,12.0,66.0,3.6,1016.2
2024-02-24 22:00:00,11.0,66.0,7.6,1017.0
2024-02-24 23:00:00,13.0,58.0,9.4,1016.0
2024-02-25 00:00:00,12.4,61.0,7.2,1015.7
2024-02-25 01:00:00,11.0,62.0,3.6,1016.0
2024-02-25 02:00:00,11.0,66.0,3.6,1016.0
2024-02-25 03:00:00,11.5,65.0,7.2,1016.3
2024-02-25 04:00:00,10.0,76.0,13.0,1016.0
2024-02-25 05:00:00,10.0,76.0,5.4,1017.0
2024-02-25 06:00:00,9.0,92.0,13.0,1017.0
2024-02-25 07:00:00,10.0,82.0,11.2,1018.0
2024-02-25 08:00:00,10.0,87.0,7.6,1017.0
2024-02-25 09:00:00,10.1,89.0,3.6,1016.8
2024-02-25 10:00:00,11.0,82.0,5.4,1017.0
2024-02-25 11:00:00,12.0,72.0,3.6,1016.0
2024-02-25 12:00:00,11.2,82.0,3.6,1015.5
2024-02-25 13:00:00,12.0,82.0,5.4,1014.0
2024-02-25 14:00:00,13.0,72.0,5.4,1014.0
2024-02-25 15:00:00,12.1,79.0,1.8,1013.3
2024-02-25 16:00:00,12.0,72.0,11.2,1013.0
2024-02-25 17:00:00,10.0,82.0,11.2,1013.0
2024-02-25 18:00:00,10.0,86.0,3.6,1013.3
2024-02-25 19:00:00,9.0,82.0,5.4,1013.0
2024-02-25 20:00:00,7.0,87.0,9.4,1013.0
2024-02-25 21:00:00,7.8,84.0,7.2,1013.3
2024-02-25 22:00:00,5.0,100.0,5.4,1012.0
2024-02-25 23:00:00,5.0,93.0,5.4,1012.0
2024-02-26 00:00:00,7.0,85.0,3.6,1013.3
2024-02-26 01:00:00,4.0,100.0,3.6,1012.0
2024-02-26 02:00:00,5.0,93.0,3.6,1012.0
2024-02-26 03:00:00,6.5,88.0,7.2,1012.7
2024-02-26 04:00:00,5.0,93.0,0.0,1011.0
2024-02-26 05:00:00,4.0,93.0,7.6,1011.0
2024-02-26 06:00:00,5.9,93.0,3.6,1012.8
2024-02-26 07:00:00,6.0,93.0,1.8,1012.0
2024-02-26 08:00:00,7.0,93.0,1.8,1012.0
2024-02-26 09:00:00,10.0,75.0,7.2,1012.0
2024-02-26 10:00:00,13.0,62.0,24.1,1012.0
2024-02-26 11:00:00,13.0,58.0,16.6,1011.0
2024-02-26 12:00:00,12.9,59.0,7.2,1010.5
2024-02-26 13:00:00,14.0,55.0,20.0,1011.0
2024-02-26 14:00:00,15.0,44.0,14.8,1011.0
2024-02-26 15:00:00,13.7,50.0,7.2,1010.2
2024-02-26 16:00:00,12.0,54.0,11.2,1011.0
2024-02-26 17:00:00,11.0,58.0,11.2,1012.0
2024-02-26 18:00:00,11.2,59.0,9.4,1012.0
2024-02-26 19:00:00,9.0,66.0,16.6,1013.0
2024-02-26 20:00:00,9.0,71.0,13.0,1014.0
2024-02-26 21:00:00,9.1,70.0,7.2,1014.0
2024-02-26 22:00:00,7.0,81.0,9.4,1015.0
2024-02-26 23:00:00,7.0,81.0,7.6,1015.0
2024-02-27 00:00:00,8.7,78.0,3.6,1015.2
2024-02-27 01:00:00,7.0,87.0,5.4,1015.0
2024-02-27 02:00:00,7.0,87.0,7.6,1015.0
2024-02-27 03:00:00,7.2,87.0,0.0,1015.8
2024-02-27 04:00:00,7.0,87.0,5.4,1016.0
2024-02-27 05:00:00,7.0,81.0,7.6,1016.0
2024-02-27 06:00:00,7.4,86.0,3.6,1017.7
2024-02-27 07:00:00,10.0,71.0,5.4,1018.0
2024-02-27 08:00:00,11.0,62.0,3.6,1018.0
2024-02-27 09:00:00,11.9,62.0,3.6,1017.3
2024-02-27 10:00:00,15.0,48.0,5.4,1017.0
2024-02-27 11:00:00,17.0,39.0,7.6,1017.0
2024-02-27 12:00:00,15.5,48.0,3.6,1016.0
2024-02-27 13:00:00,16.0,42.0,3.6,1017.0
2024-02-27 14:00:00,16.0,39.0,1.8,1016.0
2024-02-27 15:00:00,15.6,48.0,3.6,1015.6
2024-02-27 16:00:00,14.0,51.0,16.6,1017.0
2024-02-27 17:00:00,13.0,54.0,14.8,1018.0
2024-02-27 18:00:00,13.1,50.0,3.6,1017.5
2024-02-27 19:00:00,10.0,62.0,13.0,1019.0
2024-02-27 20:00:00,7.0,76.0,20.5,1019.0
2024-02-27 21:00:00,8.3,72.0,7.2,1019.5
2024-02-27 22:00:00,8.0,76.0,13.0,1020.0
2024-02-27 23:00:00,5.0,81.0,9.4,1020.0
2024-02-28 00:00:00,7.2,79.0,7.2,1019.8
2024-02-28 01:00:00,5.0,87.0,5.4,1020.0
2024-02-28 02:00:00,4.0,87.0,5.4,1021.0
2024-02-28 03:00:00,5.8,86.0,3.6,1021.5
2024-02-28 04:00:00,4.0,87.0,5.4,1021.0
2024-02-28 05:00:00,4.0,87.0,11.2,1021.0
2024-02-28 06:00:00,3.7,93.0,3.6,1023.2
2024-02-28 07:00:00,7.0,87.0,5.4,1022.0
2024-02-28 08:00:00,10.0,71.0,7.6,1022.0
2024-02-28 09:00:00,11.2,67.0,7.2,1021.5
2024-02-28 10:00:00,13.0,58.0,7.6,1021.0
2024-02-28 11:00:00,14.0,55.0,11.2,1021.0
2024-02-28 12:00:00,14.5,53.0,3.6,1019.6
2024-02-28 13:00:00,16.0,45.0,3.6,1019.0
2024-02-28 14:00:00,16.0,42.0,5.4,1019.0
2024-02-28 15:00:00,15.2,56.0,3.6,1018.5
2024-02-28 16:00:00,14.0,55.0,16.6,1020.0
2024-02-28 17:00:00,13.0,54.0,16.6,1020.0
2024-02-28 18:00:00,12.8,61.0,3.6,1019.9
2024-02-28 19:00:00,12.0,62.0,11.2,1021.0
2024-02-28 20:00:00,9.0,71.0,9.4,1021.0
2024-02-28 21:00:00,10.0,69.0,4.0,1021.4
2024-02-28 22:00:00,7.0,81.0,7.6,1021.0
2024-02-28 23:00:00,7.0,81.0,3.6,1021.0
2024-02-29 00:00:00,7.8,78.0,3.6,1022.1
2024-02-29 01:00:00,5.0,87.0,5.4,1022.0
2024-02-29 02:00:00,5.0,87.0,7.6,1022.4
2024-02-29 03:00:00,6.3,82.0,3.6,1022.6
2024-02-29 04:00:00,5.0,87.0,7.6,1021.0
2024-02-29 05:00:00,5.0,87.0,7.6,1021.0
2024-02-29 06:00:00,5.9,84.0,7.2,1022.4
2024-02-29 07:00:00,6.0,87.0,1.8,1022.0
2024-02-29 08:00:00,7.0,87.0,7.6,1021.0
2024-02-29 09:00:00,8.2,82.0,3.6,1021.8
2024-02-29 10:00:00,11.0,71.0,11.2,1021.0
2024-02-29 11:00:00,13.0,58.0,11.2,1020.0
2024-02-29 12:00:00,13.1,60.0,7.2,1020.0
2024-02-29 13:00:00,14.0,55.0,11.2,1019.0
2024-02-29 14:00:00,14.0,55.0,16.6,1019.0
2024-02-29 15:00:00,13.8,58.0,10.8,1018.4
2024-02-29 16:00:00,12.0,62.0,13.0,1018.0
2024-02-29 17:00:00,10.0,71.0,16.6,1018.0
2024-02-29 18:00:00,11.1,66.0,7.2,1018.3
2024-02-29 19:00:00,9.0,76.0,18.4,1017.0
2024-02-29 20:00:00,10.0,76.0,22.3,1017.0
2024-02-29 21:00:00,9.4,78.0,3.6,1017.6
2024-02-29 22:00:00,10.0,76.0,11.2,1017.3
2024-02-29 23:00:00,9.0,82.0,11.2,1017.0
2024-03-01 00:00:00,8.9,79.0,7.2,1016.8
2024-03-01 01:00:00,9.0,82.0,16.6,1015.0
2024-03-01 02:00:00,9.0,76.0,14.8,1016.2
2024-03-01 03:00:00,7.2,89.0,3.6,1015.2
2024-03-01 04:00:00,9.0,76.0,5.4,1014.0
2024-03-01 05:00:00,8.0,81.0,11.2,1014.0
2024-03-01 06:00:00,7.7,81.0,3.6,1014.7
2024-03-01 07:00:00,9.0,82.0,13.0,1014.0
2024-03-01 08:00:00,9.0,76.0,24.1,1014.0
2024-03-01 09:00:00,9.8,72.0,3.6,1014.1
2024-03-01 10:00:00,10.0,71.0,24.1,1014.0
2024-03-01 11:00:00,10.0,66.0,27.7,1013.0
2024-03-01 12:00:00,11.1,60.0,7.2,1013.1
2024-03-01 13:00:00,11.0,66.0,24.1,1012.9
2024-03-01 14:00:00,11.0,66.0,25.9,1012.0
2024-03-01 15:00:00,10.3,67.0,7.2,1012.0
2024-03-01 16:00:00,10.0,66.0,25.9,1012.0
2024-03-01 17:00:00,8.0,81.0,18.4,1013.0
2024-03-01 18:00:00,7.9,85.0,3.6,1012.8
2024-03-01 19:00:00,7.0,93.0,9.4,1012.0
2024-03-01 20:00:00,8.0,81.0,9.4,1012.0
2024-03-01 21:00:00,6.8,87.0,11.0,1013.0
2024-03-01 22:00:00,7.0,87.0,14.8,1011.0
2024-03-01 23:00:00,7.0,87.0,11.2,1011.0
2024-03-02 00:00:00,6.8,86.0,7.2,1012.3
2024-03-02 01:00:00,7.0,87.0,16.6,1011.0
2024-03-02 02:00:00,7.0,87.0,9.4,1010.0
2024-03-02 03:00:00,6.8,87.0,7.2,1011.7
2024-03-02 04:00:00,7.0,87.0,9.4,1010.0
2024-03-02 05:00:00,7.0,87.0,11.2,1011.0
2024-03-02 06:00:00,6.4,94.0,3.6,1011.8
2024-03-02 07:00:00,7.0,93.0,11.2,1011.0
2024-03-02 08:00:00,7.0,93.0,9.4,1012.0
2024-03-02 09:00:00,6.8,94.0,3.6,1012.3
2024-03-02 10:00:00,8.0,87.0,7.6,1012.0
2024-03-02 11:00:00,8.0,93.0,9.4,1012.0
2024-03-02 12:00:00,7.7,93.0,7.2,1012.1
2024-03-02 13:00:00,9.0,82.0,5.4,1011.0
2024-03-02 14:00:00,9.0,87.0,3.6,1012.0
2024-03-02 15:00:00,8.4,87.0,3.6,1012.1
2024-03-02 16:00:00,9.0,82.0,0.0,1012.0
2024-03-02 17:00:00,8.0,87.0,0.0,1012.0
2024-03-02 18:00:00,6.8,94.0,0.0,1013.1
2024-03-02 19:00:00,6.0,93.0,5.4,1013.0
2024-03-02 20:00:00,5.0,100.0,5.4,1013.0
2024-03-02 21:00:00,5.3,97.0,7.6,1014.3
2024-03-02 22:00:00,6.0,93.0,5.4,1013.0
2024-03-02 23:00:00,5.0,93.0,3.6,1014.0
2024-03-03 00:00:00,4.6,95.0,5.4,1014.7
2024-03-03 01:00:00,3.0,100.0,3.6,1013.0
2024-03-03 02:00:00,3.0,100.0,3.6,1015.0
2024-03-03 03:00:00,2.8,95.0,3.6,1014.9
2024-03-03 04:00:00,3.0,93.0,1.8,1014.0
2024-03-03 05:00:00,4.0,93.0,0.0,1014.0
2024-03-03 06:00:00,4.0,93.0,3.6,1020.5
2024-03-03 07:00:00,5.0,93.0,5.4,1014.0
2024-03-03 08:00:00,5.0,100.0,3.6,1014.0
2024-03-03 09:00:00,6.1,91.0,3.6,1015.3
2024-03-03 10:00:00,7.0,87.0,3.6,1014.0
2024-03-03 11:00:00,9.0,76.0,3.6,1014.0
2024-03-03 12:00:00,10.5,71.0,3.6,1012.7
2024-03-03 13:00:00,13.0,62.0,3.6,1012.0
2024-03-03 14:00:00,13.0,58.0,3.6,1011.0
2024-03-03 15:00:00,12.7,62.0,3.6,1011.4
2024-03-03 16:00:00,11.0,66.0,14.8,1012.0
2024-03-03 17:00:00,8.0,76.0,13.0,1012.0
2024-03-03 18:00:00,9.0,73.0,7.2,1012.8
2024-03-03 19:00:00,8.0,87.0,9.4,1013.0
2024-03-03 20:00:00,8.0,81.0,20.5,1013.0
2024-03-03 21:00:00,6.6,90.0,7.2,1014.0
2024-03-03 22:00:00,6.0,93.0,13.0,1013.0
2024-03-03 23:00:00,5.0,87.0,5.4,1014.0
2024-03-04 00:00:00,3.6,96.0,3.6,1015.1
2024-03-04 01:00:00,4.0,93.0,5.4,1013.0
2024-03-04 02:00:00,4.0,93.0,1.8,1014.8
2024-03-04 03:00:00,2.8,95.0,3.6,1015.4
2024-03-04 04:00:00,2.0,100.0,5.4,1014.0
2024-03-04 05:00:00,2.0,93.0,0.0,1014.0
2024-03-04 06:00:00,1.8,96.0,3.6,1016.3
2024-03-04 07:00:00,5.0,93.0,1.8,1014.0
2024-03-04 08:00:00,9.0,82.0,7.6,1014.0
2024-03-04 09:00:00,10.0,68.0,7.2,1013.7
2024-03-04 10:00:00,11.0,66.0,22.3,1013.0
2024-03-04 11:00:00,12.0,62.0,22.3,1013.0
2024-03-04 12:00:00,12.3,60.0,14.4,1011.9
2024-03-04 13:00:00,13.0,58.0,29.5,1011.0
2024-03-04 14:00:00,13.0,58.0,29.5,1010.0
2024-03-04 15:00:00,11.3,64.0,7.2,1010.2
2024-03-04 16:00:00,10.0,71.0,27.7,1010.0
2024-03-04 17:00:00,8.0,76.0,24.1,1010.0
2024-03-04 18:00:00,8.2,75.0,7.2,1010.9
2024-03-04 19:00:00,9.0,76.0,22.3,1010.0
2024-03-04 20:00:00,8.0,81.0,18.4,1010.0
2024-03-04 21:00:00,8.4,78.0,10.8,1010.1
2024-03-04 22:00:00,8.0,81.0,18.4,1009.0
2024-03-04 23:00:00,8.0,81.0,18.4,1008.0
2024-03-05 00:00:00,7.9,84.0,7.2,1009.1
2024-03-05 01:00:00,8.0,81.0,14.8,1008.0
2024-03-05 02:00:00,8.0,87.0,16.6,1007.0
2024-03-05 03:00:00,7.6,85.0,7.2,1007.9
2024-03-05 04:00:00,8.0,81.0,16.6,1007.0
2024-03-05 05:00:00,7.0,87.0,22.3,1007.0
2024-03-05 06:00:00,7.8,80.0,7.2,1007.9
2024-03-05 07:00:00,9.0,76.0,14.8,1007.0
2024-03-05 08:00:00,10.0,71.0,13.0,1008.0
2024-03-05 09:00:00,9.9,72.0,10.8,1007.7
2024-03-05 10:00:00,12.0,62.0,13.0,1008.0
2024-03-05 11:00:00,12.0,62.0,20.5,1008.0
2024-03-05 12:00:00,12.3,59.0,10.8,1007.0
2024-03-05 13:00:00,11.0,62.0,16.6,1008.0
2024-03-05 14:00:00,9.0,76.0,16.6,1009.0
2024-03-05 15:00:00,8.1,80.0,7.2,1010.0
2024-03-05 16:00:00,8.0,76.0,3.6,1011.0
2024-03-05 17:00:00,7.0,76.0,7.6,1011.0
2024-03-05 18:00:00,6.4,84.0,3.6,1012.7
2024-03-05 19:00:00,4.0,87.0,3.6,1013.0
2024-03-05 20:00:00,3.0,93.0,3.6,1013.0
2024-03-05 21:00:00,3.0,95.0,0.0,1014.8
2024-03-05 22:00:00,2.0,93.0,3.6,1014.0
2024-03-05 23:00:00,3.0,93.0,3.6,1014.0
2024-03-06 00:00:00,4.7,89.0,3.6,1015.4
2024-03-06 01:00:00,2.0,93.0,3.6,1016.0
2024-03-06 02:00:00,0.0,100.0,7.6,1016.3
2024-03-06 03:00:00,1.2,96.0,3.6,1016.8
2024-03-06 04:00:00,-1.0,100.0,0.0,1016.8
2024-03-06 05:00:00,0.0,93.0,3.6,1017.0
2024-03-06 06:00:00,2.0,96.0,3.6,1017.9
2024-03-06 07:00:00,2.0,93.0,5.4,1017.1
2024-03-06 08:00:00,4.0,93.0,3.6,1016.0
2024-03-06 09:00:00,7.7,74.0,3.6,1016.6
2024-03-06 10:00:00,10.0,66.0,9.4,1016.0
2024-03-06 11:00:00,13.0,51.0,9.4,1015.0
2024-03-06 12:00:00,13.2,47.0,7.2,1013.8
2024-03-06 13:00:00,13.0,51.0,16.6,1014.0
2024-03-06 14:00:00,13.0,47.0,9.4,1014.0
2024-03-06 15:00:00,11.8,57.0,3.6,1013.5
2024-03-06 16:00:00,10.0,76.0,13.0,1014.0
2024-03-06 17:00:00,9.0,82.0,0.0,1015.0
2024-03-06 18:00:00,7.8,85.0,3.6,1015.3
2024-03-06 19:00:00,7.0,93.0,16.6,1015.0
2024-03-06 20:00:00,7.0,81.0,18.4,1015.0
2024-03-06 21:00:00,6.8,88.0,3.6,1015.8
2024-03-06 22:00:00,7.0,87.0,18.4,1015.0
2024-03-06 23:00:00,7.0,93.0,20.5,1016.1
2024-03-07 00:00:00,6.6,96.0,3.6,1015.6
2024-03-07 01:00:00,6.0,93.0,16.6,1015.8
2024-03-07 02:00:00,6.0,93.0,22.3,1015.6
2024-03-07 03:00:00,5.3,89.0,10.8,1015.7
2024-03-07 04:00:00,5.0,87.0,16.6,1015.8
2024-03-07 05:00:00,4.0,93.0,18.4,1016.0
2024-03-07 06:00:00,3.8,92.0,7.2,1016.4
2024-03-07 07:00:00,5.0,87.0,16.6,1016.3
2024-03-07 08:00:00,6.0,81.0,20.5,1016.5
2024-03-07 09:00:00,5.8,84.0,7.2,1016.1
2024-03-07 10:00:00,7.0,76.0,14.8,1016.3
2024-03-07 11:00:00,8.0,76.0,18.4,1015.0
2024-03-07 12:00:00,7.2,79.0,10.8,1015.7
2024-03-07 13:00:00,7.0,76.0,25.9,1015.0
2024-03-07 14:00:00,7.0,76.0,25.9,1015.0
2024-03-07 15:00:00,6.6,81.0,3.6,1016.0
2024-03-07 16:00:00,6.0,87.0,11.2,1015.0
2024-03-07 17:00:00,6.0,87.0,7.6,1016.0
2024-03-07 18:00:00,4.5,88.0,7.2,1017.6
2024-03-07 19:00:00,5.0,87.0,3.6,1016.0
2024-03-07 20:00:00,5.0,87.0,9.4,1017.0
2024-03-07 21:00:00,3.6,95.0,4.0,1018.4
2024-03-07 22:00:00,4.0,93.0,7.6,1017.0
2024-03-07 23:00:00,5.0,87.0,3.6,1018.6
2024-03-08 00:00:00,4.0,94.0,3.6,1018.7
2024-03-08 01:00:00,4.0,93.0,5.4,1018.7
2024-03-08 02:00:00,4.0,87.0,3.6,1018.7
2024-03-08 03:00:00,3.5,95.0,3.6,1018.6
2024-03-08 04:00:00,4.0,81.0,1.8,1019.0
2024-03-08 05:00:00,3.0,93.0,5.4,1019.3
2024-03-08 06:00:00,3.1,90.0,3.6,1019.0
2024-03-08 07:00:00,4.0,81.0,5.4,1019.8
2024-03-08 08:00:00,4.0,81.0,7.6,1020.0
2024-03-08 09:00:00,4.4,81.0,3.6,1020.0
2024-03-08 10:00:00,6.0,70.0,11.2,1019.9
2024-03-08 11:00:00,7.0,61.0,9.4,1019.8
2024-03-08 12:00:00,7.3,63.0,7.2,1019.4
2024-03-08 13:00:00,8.0,53.0,9.4,1019.6
2024-03-08 14:00:00,8.0,57.0,13.0,1019.5
2024-03-08 15:00:00,6.7,65.0,10.8,1019.0
2024-03-08 16:00:00,5.0,70.0,11.2,1019.9
2024-03-08 17:00:00,4.0,75.0,0.0,1019.0
2024-03-08 18:00:00,3.9,79.0,7.2,1020.0
2024-03-08 19:00:00,3.0,87.0,7.6,1019.0
2024-03-08 20:00:00,3.0,81.0,11.2,1019.0
2024-03-08 21:00:00,2.7,83.0,3.6,1020.8
2024-03-08 22:00:00,2.0,87.0,5.4,1021.1
2024-03-08 23:00:00,1.0,93.0,3.6,1019.0
2024-03-09 00:00:00,0.1,96.0,3.6,1021.5
2024-03-09 01:00:00,1.0,93.0,5.4,1019.0
2024-03-09 02:00:00,2.0,87.0,3.6,1021.6
2024-03-09 03:00:00,1.9,91.0,0.0,1020.9
2024-03-09 04:00:00,2.0,93.0,3.6,1021.7
2024-03-09 05:00:00,2.0,87.0,0.0,1021.8
2024-03-09 06:00:00,2.8,85.0,3.6,1020.7
2024-03-09 07:00:00,4.0,87.0,11.2,1021.6
2024-03-09 08:00:00,5.0,81.0,13.0,1021.2
2024-03-09 09:00:00,5.1,80.0,7.2,1020.5
2024-03-09 10:00:00,7.0,70.0,11.2,1020.2
2024-03-09 11:00:00,8.0,66.0,7.6,1019.4
2024-03-09 12:00:00,9.0,66.0,3.6,1018.7
2024-03-09 13:00:00,11.0,58.0,7.6,1017.0
2024-03-09 14:00:00,11.0,58.0,9.4,1017.0
2024-03-09 15:00:00,10.8,62.0,3.6,1017.0
2024-03-09 16:00:00,10.0,66.0,13.0,1017.0
2024-03-09 17:00:00,6.0,76.0,24.1,1017.8
2024-03-09 18:00:00,5.2,70.0,3.6,1018.8
2024-03-09 19:00:00,4.0,87.0,27.7,1018.5
2024-03-09 20:00:00,4.0,81.0,27.7,1018.7
2024-03-09 21:00:00,1.7,93.0,3.6,1020.4
2024-03-09 22:00:00,4.0,87.0,18.4,1019.6
2024-03-09 23:00:00,5.0,81.0,18.4,1019.6
2024-03-10 00:00:00,3.7,89.0,3.6,1019.9
2024-03-10 01:00:00,5.0,81.0,16.6,1019.6
2024-03-10 02:00:00,4.0,87.0,13.0,1019.5
2024-03-10 03:00:00,3.9,89.0,3.6,1019.5
2024-03-10 04:00:00,3.0,93.0,9.4,1019.5
2024-03-10 05:00:00,4.0,87.0,7.6,1019.6
2024-03-10 06:00:00,2.9,95.0,3.6,1020.1
2024-03-10 07:00:00,5.0,87.0,7.6,1019.0
2024-03-10 08:00:00,7.0,76.0,5.4,1019.0
2024-03-10 09:00:00,8.6,71.0,7.2,1018.8
2024-03-10 10:00:00,11.0,62.0,7.6,1017.2
2024-03-10 11:00:00,13.0,58.0,5.4,1016.2
2024-03-10 12:00:00,13.1,60.0,3.6,1015.9
2024-03-10 13:00:00,15.0,51.0,11.2,1014.7
2024-03-10 14:00:00,16.0,52.0,9.4,1014.2
2024-03-10 15:00:00,16.3,51.0,7.2,1013.6
2024-03-10 16:00:00,13.0,62.0,16.6,1014.0
2024-03-10 17:00:00,11.0,66.0,22.3,1015.0
2024-03-10 18:00:00,11.3,70.0,3.6,1014.9
2024-03-10 19:00:00,9.0,76.0,24.1,1016.0
2024-03-10 20:00:00,9.0,76.0,25.9,1017.0
2024-03-10 21:00:00,8.2,80.0,3.6,1017.3
2024-03-10 22:00:00,8.0,81.0,20.5,1017.0
2024-03-10 23:00:00,8.0,81.0,20.5,1016.0
2024-03-11 00:00:00,7.2,86.0,3.6,1017.3
2024-03-11 01:00:00,8.0,81.0,16.6,1017.3
2024-03-11 02:00:00,9.0,76.0,11.2,1017.2
2024-03-11 03:00:00,7.4,89.0,3.6,1016.6
2024-03-11 04:00:00,8.0,81.0,14.8,1017.0
2024-03-11 05:00:00,8.0,81.0,11.2,1016.9
2024-03-11 06:00:00,7.2,87.0,3.6,1016.7
2024-03-11 07:00:00,9.0,82.0,24.1,1016.4
2024-03-11 08:00:00,10.0,76.0,27.7,1016.2
2024-03-11 09:00:00,10.3,71.0,10.8,1016.3
2024-03-11 10:00:00,12.0,67.0,24.1,1014.5
2024-03-11 11:00:00,12.0,67.0,25.9,1013.7
2024-03-11 12:00:00,12.9,64.0,10.8,1013.3
2024-03-11 13:00:00,14.0,58.0,29.5,1012.3
2024-03-11 14:00:00,13.0,62.0,24.1,1011.6
2024-03-11 15:00:00,12.6,62.0,14.4,1011.2
2024-03-11 16:00:00,11.0,71.0,25.9,1010.7
2024-03-11 17:00:00,10.0,76.0,24.1,1010.5
2024-03-11 18:00:00,10.0,75.0,10.8,1010.9
2024-03-11 19:00:00,11.0,71.0,9.4,1010.4
2024-03-11 20:00:00,10.0,82.0,7.6,1011.0
2024-03-11 21:00:00,9.3,88.0,7.2,1011.1
2024-03-11 22:00:00,9.0,87.0,7.6,1010.8
2024-03-11 23:00:00,9.0,87.0,9.4,1010.8
2024-03-12 00:00:00,8.6,96.0,1.8,1011.2
2024-03-12 01:00:00,8.0,87.0,7.6,1010.7
2024-03-12 02:00:00,8.0,93.0,14.8,1010.6
2024-03-12 03:00:00,7.0,89.0,14.8,1009.9
2024-03-12 04:00:00,7.0,87.0,5.4,1010.7
2024-03-12 05:00:00,6.0,93.0,7.6,1010.8
2024-03-12 06:00:00,6.9,94.0,3.6,1010.4
2024-03-12 07:00:00,9.0,82.0,5.4,1010.8
2024-03-12 08:00:00,10.0,76.0,5.4,1010.0
2024-03-12 09:00:00,10.0,78.0,3.6,1010.0
2024-03-12 10:00:00,12.0,67.0,5.4,1010.0
2024-03-12 11:00:00,12.0,67.0,5.4,1009.0
2024-03-12 12:00:00,13.1,64.0,7.2,1008.7
2024-03-12 13:00:00,12.0,67.0,18.4,1008.0
2024-03-12 14:00:00,11.0,66.0,18.4,1008.0
2024-03-12 15:00:00,11.0,71.0,10.8,1008.4
2024-03-12 16:00:00,10.0,71.0,22.3,1009.0
2024-03-12 17:00:00,9.0,76.0,9.4,1009.0
2024-03-12 18:00:00,7.6,88.0,3.6,1010.1
2024-03-12 19:00:00,8.0,81.0,9.4,1010.0
2024-03-12 20:00:00,8.0,81.0,7.6,1010.0
2024-03-12 21:00:00,7.5,80.0,11.0,1010.9
2024-03-12 22:00:00,7.0,87.0,9.4,1011.0
2024-03-12 23:00:00,7.0,87.0,9.4,1011.0
2024-03-13 00:00:00,7.4,82.0,7.2,1011.1
2024-03-13 01:00:00,7.0,87.0,13.0,1011.4
2024-03-13 02:00:00,8.0,81.0,16.6,1010.0
2024-03-13 03:00:00,7.4,82.0,10.8,1010.9
2024-03-13 04:00:00,7.0,87.0,22.3,1011.8
2024-03-13 05:00:00,7.0,81.0,22.3,1012.1
2024-03-13 06:00:00,6.2,85.0,14.4,1012.1
2024-03-13 07:00:00,8.0,76.0,27.7,1012.5
2024-03-13 08:00:00,8.0,71.0,29.5,1012.6
2024-03-13 09:00:00,7.9,69.0,14.4,1012.3
2024-03-13 10:00:00,9.0,66.0,27.7,1012.3
2024-03-13 11:00:00,9.0,66.0,27.7,1012.0
2024-03-13 12:00:00,8.7,70.0,10.8,1012.0
2024-03-13 13:00:00,10.0,62.0,20.5,1011.0
2024-03-13 14:00:00,9.0,71.0,16.6,1011.0
2024-03-13 15:00:00,8.3,76.0,7.2,1012.0
2024-03-13 16:00:00,8.0,71.0,27.7,1012.0
2024-03-13 17:00:00,7.0,76.0,20.5,1012.0
2024-03-13 18:00:00,7.0,74.0,10.8,1013.0
2024-03-13 19:00:00,8.0,71.0,22.3,1013.0
2024-03-13 20:00:00,7.0,81.0,14.8,1013.0
2024-03-13 21:00:00,6.4,84.0,10.8,1014.1
2024-03-13 22:00:00,7.0,81.0,16.6,1013.0
2024-03-13 23:00:00,7.0,87.0,16.6,1013.0
2024-03-14 00:00:00,5.9,90.0,7.2,1014.2
2024-03-14 01:00:00,7.0,81.0,14.8,1013.0
2024-03-14 02:00:00,7.0,81.0,16.6,1012.0
2024-03-14 03:00:00,6.8,80.0,10.8,1013.6
2024-03-14 04:00:00,7.0,81.0,14.8,1012.0
2024-03-14 05:00:00,7.0,81.0,18.4,1013.0
2024-03-14 06:00:00,6.5,81.0,14.4,1014.1
2024-03-14 07:00:00,7.0,81.0,20.5,1014.0
2024-03-14 08:00:00,8.0,81.0,22.3,1014.0
2024-03-14 09:00:00,7.9,77.0,10.8,1014.4
2024-03-14 10:00:00,8.0,76.0,24.1,1014.0
2024-03-14 11:00:00,7.0,81.0,25.9,1015.0
2024-03-14 12:00:00,6.8,77.0,18.0,1015.6
2024-03-14 13:00:00,7.0,76.0,22.3,1015.0
2024-03-14 14:00:00,7.0,81.0,20.5,1016.0
2024-03-14 15:00:00,6.3,83.0,10.8,1016.7
2024-03-14 16:00:00,6.0,87.0,18.4,1016.0
2024-03-14 17:00:00,6.0,81.0,11.2,1017.0
2024-03-14 18:00:00,6.0,81.0,10.8,1018.1
2024-03-14 19:00:00,6.0,81.0,11.2,1017.0
2024-03-14 20:00:00,6.0,81.0,11.2,1017.0
2024-03-14 21:00:00,5.9,81.0,7.2,1018.4
2024-03-14 22:00:00,5.0,87.0,5.4,1018.6
2024-03-14 23:00:00,5.0,93.0,0.0,1017.0
2024-03-15 00:00:00,5.3,86.0,3.6,1018.4
2024-03-15 01:00:00,5.0,93.0,3.6,1018.9
2024-03-15 02:00:00,4.0,93.0,0.0,1018.9
2024-03-15 03:00:00,3.5,90.0,5.4,1018.7
2024-03-15 04:00:00,2.0,87.0,9.4,1018.9
2024-03-15 05:00:00,2.0,93.0,3.6,1019.0
2024-03-15 06:00:00,2.5,93.0,3.6,1019.1
2024-03-15 07:00:00,5.0,87.0,1.8,1018.8
2024-03-15 08:00:00,7.0,76.0,3.6,1018.5
2024-03-15 09:00:00,6.4,80.0,5.4,1018.1
2024-03-15 10:00:00,7.0,70.0,7.6,1017.9
2024-03-15 11:00:00,9.0,66.0,3.6,1017.4
2024-03-15 12:00:00,9.2,66.0,3.6,1016.8
2024-03-15 13:00:00,11.0,54.0,3.6,1016.7
2024-03-15 14:00:00,11.0,54.0,3.6,1016.5
2024-03-15 15:00:00,10.1,61.0,7.2,1016.1
2024-03-15 16:00:00,10.0,58.0,3.6,1016.7
2024-03-15 17:00:00,9.0,66.0,3.6,1017.0
2024-03-15 18:00:00,8.3,73.0,3.6,1017.5
2024-03-15 19:00:00,7.0,76.0,9.4,1017.0
2024-03-15 20:00:00,5.0,81.0,9.4,1018.0
2024-03-15 21:00:00,3.8,90.0,3.6,1019.5
2024-03-15 22:00:00,2.0,93.0,7.6,1019.8
2024-03-15 23:00:00,2.0,87.0,0.0,1018.0
2024-03-16 00:00:00,0.7,94.0,3.6,1020.9
2024-03-16 01:00:00,1.0,93.0,1.8,1020.5
2024-03-16 02:00:00,0.0,100.0,0.0,1020.6
2024-03-16 03:00:00,1.5,91.0,3.6,1020.7
2024-03-16 04:00:00,1.0,93.0,5.4,1020.7
2024-03-16 05:00:00,2.0,87.0,5.4,1020.8
2024-03-16 06:00:00,3.0,87.0,3.6,1020.7
2024-03-16 07:00:00,4.0,87.0,3.6,1020.4
2024-03-16 08:00:00,7.0,76.0,5.4,1020.0
2024-03-16 09:00:00,8.4,67.0,3.6,1019.5
2024-03-16 10:00:00,11.0,58.0,7.6,1019.0
2024-03-16 11:00:00,13.0,47.0,5.4,1018.0
2024-03-16 12:00:00,13.8,49.0,3.6,1017.4
2024-03-16 13:00:00,15.0,39.0,5.4,1017.0
2024-03-16 14:00:00,16.0,39.0,5.4,1017.0
2024-03-16 15:00:00,14.5,47.0,3.6,1015.7
2024-03-16 16:00:00,13.0,51.0,14.8,1017.0
2024-03-16 17:00:00,11.0,62.0,9.4,1018.0
2024-03-16 18:00:00,9.9,68.0,3.6,1017.7
2024-03-16 19:00:00,8.0,76.0,16.6,1019.0
2024-03-16 20:00:00,8.0,71.0,14.8,1019.0
2024-03-16 21:00:00,6.6,83.0,3.6,1019.6
2024-03-16 22:00:00,6.0,81.0,7.6,1019.0
2024-03-16 23:00:00,4.0,87.0,7.6,1019.0
2024-03-17 00:00:00,3.7,92.0,5.4,1020.7
2024-03-17 01:00:00,3.0,93.0,3.6,1019.0
2024-03-17 02:00:00,4.0,87.0,7.6,1019.0
2024-03-17 03:00:00,2.8,95.0,0.0,1021.1
2024-03-17 04:00:00,2.0,93.0,9.4,1020.0
2024-03-17 05:00:00,2.0,93.0,3.6,1020.0
2024-03-17 06:00:00,3.2,90.0,1.8,1022.3
2024-03-17 07:00:00,6.0,81.0,1.8,1021.0
2024-03-17 08:00:00,8.0,71.0,5.4,1021.0
2024-03-17 09:00:00,8.9,68.0,7.2,1021.0
2024-03-17 10:00:00,12.0,54.0,11.2,1020.3
2024-03-17 11:00:00,13.0,44.0,16.6,1020.0
2024-03-17 12:00:00,13.1,46.0,7.2,1019.2
2024-03-17 13:00:00,14.0,48.0,18.4,1019.0
2024-03-17 14:00:00,13.0,54.0,18.4,1019.0
2024-03-17 15:00:00,12.0,58.0,10.8,1018.8
2024-03-17 16:00:00,12.0,62.0,11.2,1018.0
2024-03-17 17:00:00,11.0,66.0,7.6,1019.0
2024-03-17 18:00:00,10.8,69.0,10.8,1019.2
2024-03-17 19:00:00,10.0,71.0,16.6,1019.0
2024-03-17 20:00:00,10.0,76.0,16.6,1019.0
2024-03-17 21:00:00,9.0,74.0,10.8,1020.0
2024-03-17 22:00:00,6.0,87.0,9.4,1019.0
2024-03-17 23:00:00,6.0,87.0,11.2,1019.0
2024-03-18 00:00:00,6.8,79.0,3.6,1019.8
2024-03-18 01:00:00,3.0,100.0,7.6,1020.3
2024-03-18 02:00:00,2.0,100.0,9.4,1018.0
2024-03-18 03:00:00,2.1,94.0,3.6,1020.1
2024-03-18 04:00:00,0.0,93.0,3.6,1018.0
2024-03-18 05:00:00,-1.0,100.0,7.6,1018.0
2024-03-18 06:00:00,3.6,92.0,3.6,1019.6
2024-03-18 07:00:00,4.0,93.0,5.4,1017.0
2024-03-18 08:00:00,8.0,76.0,3.6,1017.0
2024-03-18 09:00:00,10.0,64.0,7.2,1016.7
2024-03-18 10:00:00,13.0,51.0,9.4,1015.0
2024-03-18 11:00:00,14.0,41.0,9.4,1014.0
2024-03-18 12:00:00,15.5,42.0,7.2,1012.7
2024-03-18 13:00:00,15.0,41.0,16.6,1013.0
2024-03-18 14:00:00,15.0,41.0,11.2,1012.0
2024-03-18 15:00:00,15.0,46.0,7.2,1011.0
2024-03-18 16:00:00,14.0,44.0,16.6,1012.0
2024-03-18 17:00:00,12.0,54.0,13.0,1012.0
2024-03-18 18:00:00,11.2,62.0,3.6,1012.3
2024-03-18 19:00:00,11.0,62.0,5.4,1013.0
2024-03-18 20:00:00,11.0,58.0,11.2,1013.0
2024-03-18 21:00:00,9.7,70.0,3.6,1012.8
2024-03-18 22:00:00,9.0,71.0,3.6,1012.0
2024-03-18 23:00:00,10.0,66.0,11.2,1012.0
2024-03-19 00:00:00,10.0,67.0,3.6,1012.5
2024-03-19 01:00:00,8.0,81.0,7.6,1013.8
2024-03-19 02:00:00,7.0,93.0,3.6,1011.0
2024-03-19 03:00:00,7.3,87.0,3.6,1012.6
2024-03-19 04:00:00,7.0,87.0,9.4,1011.0
2024-03-19 05:00:00,7.0,87.0,9.4,1012.0
2024-03-19 06:00:00,7.7,86.0,7.2,1012.9
2024-03-19 07:00:00,7.0,81.0,11.2,1013.0
2024-03-19 08:00:00,6.0,81.0,14.8,1013.0
2024-03-19 09:00:00,5.8,93.0,7.2,1015.0
2024-03-19 10:00:00,6.0,81.0,9.4,1014.0
2024-03-19 11:00:00,6.0,81.0,7.6,1014.0
2024-03-19 12:00:00,6.8,83.0,7.2,1014.5
2024-03-19 13:00:00,9.0,62.0,11.2,1013.0
2024-03-19 14:00:00,9.0,50.0,9.4,1013.0
2024-03-19 15:00:00,8.8,54.0,7.2,1013.8
2024-03-19 16:00:00,8.0,53.0,3.6,1014.9
2024-03-19 17:00:00,7.0,53.0,7.6,1015.0
2024-03-19 18:00:00,6.6,46.0,10.8,1016.3
2024-03-19 19:00:00,6.0,49.0,22.3,1017.0
2024-03-19 20:00:00,5.0,48.0,25.9,1018.0
2024-03-19 21:00:00,3.6,51.0,14.4,1019.8
2024-03-19 22:00:00,2.0,55.0,18.4,1019.0
2024-03-19 23:00:00,2.0,55.0,24.1,1019.0
2024-03-20 00:00:00,1.4,56.0,14.4,1021.3
2024-03-20 01:00:00,1.0,60.0,20.5,1019.0
2024-03-20 02:00:00,0.0,69.0,16.6,1019.0
2024-03-20 03:00:00,0.4,61.0,10.8,1021.6
2024-03-20 04:00:00,0.0,69.0,13.0,1020.0
2024-03-20 05:00:00,0.0,64.0,3.6,1020.0
2024-03-20 06:00:00,1.2,62.0,7.2,1021.9
2024-03-20 07:00:00,3.0,60.0,16.6,1021.0
2024-03-20 08:00:00,4.0,60.0,18.4,1021.0
2024-03-20 09:00:00,5.1,57.0,10.8,1022.4
2024-03-20 10:00:00,7.0,49.0,22.3,1021.0
2024-03-20 11:00:00,9.0,43.0,20.5,1020.0
2024-03-20 12:00:00,9.6,44.0,7.2,1020.8
2024-03-20 13:00:00,11.0,37.0,18.4,1019.0
2024-03-20 14:00:00,12.0,30.0,13.0,1019.0
2024-03-20 15:00:00,10.9,39.0,7.2,1019.7
2024-03-20 16:00:00,10.0,37.0,9.4,1020.0
2024-03-20 17:00:00,9.0,40.0,9.4,1021.0
2024-03-20 18:00:00,8.9,46.0,7.2,1021.5
2024-03-20 19:00:00,6.0,52.0,16.6,1021.0
2024-03-20 20:00:00,6.0,52.0,16.6,1022.0
2024-03-20 21:00:00,6.2,54.0,7.2,1023.0
2024-03-20 22:00:00,4.0,60.0,13.0,1022.0
2024-03-20 23:00:00,4.0,60.0,7.6,1022.0
2024-03-21 00:00:00,4.7,65.0,7.2,1023.3
2024-03-21 01:00:00,0.0,80.0,5.4,1023.8
2024-03-21 02:00:00,-1.0,86.0,3.6,1023.7
2024-03-21 03:00:00,-0.7,86.0,5.4,1023.9
2024-03-21 04:00:00,-3.0,93.0,0.0,1023.8
2024-03-21 05:00:00,-2.0,86.0,3.6,1023.7
2024-03-21 06:00:00,1.1,75.0,3.6,1023.8
2024-03-21 07:00:00,4.0,70.0,0.0,1021.0
2024-03-21 08:00:00,7.0,57.0,3.6,1021.0
2024-03-21 09:00:00,9.3,49.0,7.2,1020.9
2024-03-21 10:00:00,12.0,41.0,14.8,1020.0
2024-03-21 11:00:00,13.0,33.0,18.4,1019.0
2024-03-21 12:00:00,13.6,29.0,14.4,1017.9
2024-03-21 13:00:00,14.0,28.0,24.1,1017.0
2024-03-21 14:00:00,14.0,24.0,27.7,1016.0
2024-03-21 15:00:00,14.0,27.0,10.8,1015.6
2024-03-21 16:00:00,13.0,26.0,22.3,1016.0
2024-03-21 17:00:00,12.0,30.0,14.8,1016.0
2024-03-21 18:00:00,11.7,37.0,7.2,1016.2
2024-03-21 19:00:00,10.0,34.0,11.2,1017.0
2024-03-21 20:00:00,8.0,39.0,7.6,1017.0
2024-03-21 21:00:00,7.9,54.0,3.6,1017.6
2024-03-21 22:00:00,5.0,56.0,5.4,1017.0
2024-03-21 23:00:00,2.0,70.0,11.2,1018.0
2024-03-22 00:00:00,3.9,62.0,3.6,1019.1
2024-03-22 01:00:00,1.0,69.0,5.4,1019.5
2024-03-22 02:00:00,0.0,74.0,3.6,1018.0
2024-03-22 03:00:00,1.1,72.0,3.6,1020.0
2024-03-22 04:00:00,-1.0,80.0,9.4,1018.0
2024-03-22 05:00:00,1.0,69.0,7.6,1019.0
2024-03-22 06:00:00,3.3,67.0,3.6,1020.6
2024-03-22 07:00:00,5.0,61.0,5.4,1020.0
2024-03-22 08:00:00,9.0,46.0,3.6,1020.0
2024-03-22 09:00:00,10.2,46.0,7.2,1019.4
2024-03-22 10:00:00,12.0,35.0,5.4,1019.0
2024-03-22 11:00:00,12.0,41.0,11.2,1019.0
2024-03-22 12:00:00,12.3,41.0,7.2,1018.0
2024-03-22 13:00:00,14.0,33.0,5.4,1017.0
2024-03-22 14:00:00,14.0,33.0,9.4,1017.0
2024-03-22 15:00:00,12.7,42.0,7.2,1016.5
2024-03-22 16:00:00,12.0,38.0,11.2,1016.0
2024-03-22 17:00:00,10.0,43.0,13.0,1017.0
2024-03-22 18:00:00,8.2,57.0,3.6,1018.2
2024-03-22 19:00:00,8.0,49.0,9.4,1018.0
2024-03-22 20:00:00,7.0,53.0,7.6,1018.0
2024-03-22 21:00:00,5.8,55.0,7.2,1019.1
2024-03-22 22:00:00,3.0,70.0,3.6,1018.0
2024-03-22 23:00:00,2.0,70.0,5.4,1018.0
2024-03-23 00:00:00,3.7,64.0,7.2,1019.6
2024-03-23 01:00:00,0.0,80.0,5.4,1018.0
2024-03-23 02:00:00,-2.0,93.0,0.0,1018.0
2024-03-23 03:00:00,2.2,69.0,7.2,1019.8
2024-03-23 04:00:00,-2.0,93.0,3.6,1018.0
2024-03-23 05:00:00,-1.0,86.0,3.6,1018.0
2024-03-23 06:00:00,2.7,68.0,7.2,1019.9
2024-03-23 07:00:00,4.0,70.0,3.6,1018.0
2024-03-23 08:00:00,8.0,53.0,1.8,1017.0
2024-03-23 09:00:00,8.8,53.0,3.6,1017.7
2024-03-23 10:00:00,12.0,44.0,5.4,1016.0
2024-03-23 11:00:00,14.0,36.0,7.6,1015.0
2024-03-23 12:00:00,15.3,36.0,3.6,1012.9
2024-03-23 13:00:00,17.0,29.0,5.4,1012.0
2024-03-23 14:00:00,18.0,26.0,5.4,1011.0
2024-03-23 15:00:00,17.4,28.0,7.2,1009.7
2024-03-23 16:00:00,16.0,27.0,3.6,1010.0
2024-03-23 17:00:00,14.0,38.0,11.2,1010.0
2024-03-23 18:00:00,11.2,44.0,7.2,1010.1
2024-03-23 19:00:00,10.0,46.0,18.4,1010.0
2024-03-23 20:00:00,9.0,50.0,20.5,1010.0
2024-03-23 21:00:00,6.5,63.0,3.6,1011.4
2024-03-23 22:00:00,7.0,53.0,3.6,1011.4
2024-03-23 23:00:00,5.0,61.0,7.6,1011.0
2024-03-24 00:00:00,5.5,65.0,3.6,1011.7
2024-03-24 01:00:00,3.0,70.0,1.8,1011.2
2024-03-24 02:00:00,3.0,75.0,7.6,1011.0
2024-03-24 03:00:00,3.9,73.0,5.4,1011.3
2024-03-24 04:00:00,3.0,75.0,7.6,1009.0
2024-03-24 05:00:00,2.0,80.0,5.4,1009.0
2024-03-24 06:00:00,6.8,62.0,3.6,1010.4
2024-03-24 07:00:00,9.0,57.0,3.6,1009.0
2024-03-24 08:00:00,12.0,50.0,3.6,1009.0
2024-03-24 09:00:00,12.3,53.0,7.2,1007.9
2024-03-24 10:00:00,17.0,36.0,24.1,1007.0
2024-03-24 11:00:00,18.0,34.0,31.7,1006.0
2024-03-24 12:00:00,18.3,33.0,10.8,1004.0
2024-03-24 13:00:00,18.0,32.0,13.0,1004.0
2024-03-24 14:00:00,19.0,28.0,3.6,1003.0
2024-03-24 15:00:00,19.3,29.0,10.8,1001.2
2024-03-24 16:00:00,17.0,34.0,13.0,1002.0
2024-03-24 17:00:00,15.0,44.0,18.4,1003.0
2024-03-24 18:00:00,13.1,56.0,7.2,1002.4
2024-03-24 19:00:00,11.0,66.0,25.9,1003.0
2024-03-24 20:00:00,8.0,76.0,31.7,1004.0
2024-03-24 21:00:00,6.9,79.0,14.4,1004.3
2024-03-24 22:00:00,7.0,76.0,14.8,1003.0
2024-03-24 23:00:00,6.0,81.0,27.7,1003.0
2024-03-25 00:00:00,2.5,93.0,14.4,1005.4
2024-03-25 01:00:00,2.0,93.0,18.4,1004.5
2024-03-25 02:00:00,3.0,87.0,22.3,1004.9
2024-03-25 03:00:00,2.5,91.0,10.8,1005.6
2024-03-25 04:00:00,3.0,87.0,20.5,1005.8
2024-03-25 05:00:00,3.0,87.0,24.1,1006.4
2024-03-25 06:00:00,3.2,80.0,14.4,1007.2
2024-03-25 07:00:00,5.0,75.0,25.9,1006.0
2024-03-25 08:00:00,6.0,65.0,27.7,1007.0
2024-03-25 09:00:00,6.6,64.0,14.4,1008.3
2024-03-25 10:00:00,7.0,61.0,27.7,1007.0
2024-03-25 11:00:00,8.0,53.0,29.5,1007.0
2024-03-25 12:00:00,8.0,52.0,21.6,1008.4
2024-03-25 13:00:00,9.0,50.0,29.5,1007.0
2024-03-25 14:00:00,9.0,46.0,35.3,1008.0
2024-03-25 15:00:00,7.0,58.0,10.8,1009.8
2024-03-25 16:00:00,7.0,53.0,31.7,1009.0
2024-03-25 17:00:00,6.0,56.0,20.5,1010.0
2024-03-25 18:00:00,5.8,55.0,7.2,1011.1
2024-03-25 19:00:00,4.0,70.0,9.4,1011.0
2024-03-25 20:00:00,3.0,75.0,5.4,1012.0
2024-03-25 21:00:00,1.9,79.0,3.6,1014.0
2024-03-25 22:00:00,0.0,86.0,1.8,1013.0
2024-03-25 23:00:00,0.0,86.0,5.4,1013.8
2024-03-26 00:00:00,1.4,72.0,3.6,1015.0
2024-03-26 01:00:00,-1.0,86.0,3.6,1014.5
2024-03-26 02:00:00,-2.0,93.0,5.4,1014.8
2024-03-26 03:00:00,-1.1,82.0,3.6,1016.1
2024-03-26 04:00:00,-2.0,93.0,7.6,1016.1
2024-03-26 05:00:00,-2.0,100.0,3.6,1016.2
2024-03-26 06:00:00,1.7,68.0,3.6,1015.7
2024-03-26 07:00:00,3.0,75.0,5.4,1015.6
2024-03-26 08:00:00,5.0,70.0,3.6,1015.1
2024-03-26 09:00:00,6.4,63.0,3.6,1014.5
2024-03-26 10:00:00,8.0,53.0,3.6,1013.0
2024-03-26 11:00:00,10.0,43.0,5.4,1013.0
2024-03-26 12:00:00,10.5,49.0,3.6,1013.0
2024-03-26 13:00:00,12.0,41.0,6.0,1011.0
2024-03-26 14:00:00,12.0,35.0,6.0,1011.0
2024-03-26 15:00:00,11.2,51.0,4.0,1011.2
2024-03-26 16:00:00,11.0,40.0,7.6,1011.0
2024-03-26 17:00:00,9.0,66.0,9.4,1011.0
2024-03-26 18:00:00,8.0,64.0,7.2,1010.9
2024-03-26 19:00:00,7.0,71.0,9.0,1010.0
2024-03-26 20:00:00,8.0,66.0,7.0,1010.0
2024-03-26 21:00:00,6.7,75.0,7.0,1011.1
2024-03-26 22:00:00,7.0,81.0,11.0,1010.0
2024-03-26 23:00:00,6.0,87.0,11.0,1010.0
2024-03-27 00:00:00,6.0,93.0,0.0,1010.6
2024-03-27 01:00:00,6.7,82.0,3.7,1010.3
2024-03-27 02:00:00,6.6,84.0,3.7,1009.9
2024-03-27 03:00:00,5.9,94.0,0.0,1009.6
2024-03-27 04:00:00,6.0,93.0,13.0,1009.0
2024-03-27 05:00:00,6.0,87.0,13.0,1009.0
2024-03-27 06:00:00,6.3,90.0,3.6,1009.9
2024-03-27 07:00:00,8.0,81.0,18.4,1009.0
2024-03-27 08:00:00,9.0,76.0,29.5,1009.0
2024-03-27 09:00:00,10.0,74.0,7.2,1008.9
2024-03-27 10:00:00,13.0,67.0,11.2,1009.0
2024-03-27 11:00:00,13.0,67.0,25.9,1008.0
2024-03-27 12:00:00,14.0,62.0,7.2,1007.4
2024-03-27 13:00:00,15.0,59.0,33.5,1007.0
2024-03-27 14:00:00,15.0,59.0,33.5,1007.0
2024-03-27 15:00:00,15.9,59.0,7.2,1006.1
2024-03-27 16:00:00,13.0,67.0,29.5,1007.0
2024-03-27 17:00:00,12.0,72.0,29.5,1007.0
2024-03-27 18:00:00,11.3,75.0,7.0,1007.1
2024-03-27 19:00:00,11.0,82.0,19.0,1007.0
2024-03-27 20:00:00,10.0,87.0,7.0,1007.0
2024-03-27 21:00:00,10.6,83.0,7.0,1006.8
2024-03-27 22:00:00,11.0,82.0,9.0,1006.0
2024-03-27 23:00:00,10.0,87.0,11.0,1006.0
2024-03-28 00:00:00,8.5,91.0,0.0,1006.4
2024-03-28 01:00:00,11.0,82.0,9.0,1005.0
2024-03-28 02:00:00,11.0,82.0,22.0,1003.0
2024-03-28 03:00:00,9.9,86.0,4.0,1003.5
2024-03-28 04:00:00,9.0,87.0,9.0,1004.0
2024-03-28 05:00:00,11.0,82.0,28.0,1004.0
2024-03-28 06:00:00,11.0,82.0,4.0,1004.0
2024-03-28 07:00:00,14.0,55.0,24.0,1008.0
2024-03-28 08:00:00,15.0,67.0,9.0,1009.0
2024-03-28 09:00:00,16.3,49.0,4.0,1007.3
2024-03-28 10:00:00,19.0,40.0,30.0,1009.0
2024-03-28 11:00:00,19.0,32.0,15.0,1009.0
2024-03-28 12:00:00,20.0,31.0,7.0,1006.6
2024-03-28 13:00:00,21.0,31.0,17.0,1009.0
2024-03-28 14:00:00,21.0,27.0,20.0,1009.0
2024-03-28 15:00:00,20.6,28.0,11.0,1006.7
2024-03-28 16:00:00,19.0,28.0,24.0,1010.0
2024-03-28 17:00:00,18.0,30.0,11.0,1010.0
2024-03-28 18:00:00,16.6,39.0,7.0,1009.5
2024-03-28 19:00:00,13.0,47.0,11.0,1012.0
2024-03-28 20:00:00,13.0,47.0,20.0,1012.0
2024-03-28 21:00:00,11.0,57.0,4.0,1012.4
2024-03-28 22:00:00,10.0,62.0,7.0,1014.0
2024-03-28 23:00:00,12.0,50.0,15.0,1014.0
2024-03-29 00:00:00,11.1,59.0,4.0,1014.1
2024-03-29 01:00:00,10.0,58.0,13.0,1015.0
2024-03-29 02:00:00,10.0,58.0,11.0,1015.0
2024-03-29 03:00:00,9.1,66.0,4.0,1016.5
2024-03-29 04:00:00,7.0,71.0,13.0,1017.0
2024-03-29 05:00:00,7.0,71.0,4.0,1018.0
2024-03-29 06:00:00,12.1,61.0,0.0,1018.1
2024-03-29 07:00:00,13.0,54.0,7.0,1019.0
2024-03-29 08:00:00,16.0,45.0,9.0,1019.0
2024-03-29 09:00:00,18.3,42.0,4.0,1017.1
2024-03-29 10:00:00,20.0,33.0,4.0,1018.0
2024-03-29 11:00:00,21.0,31.0,7.0,1017.0
2024-03-29 12:00:00,21.1,37.0,7.0,1015.1
2024-03-29 13:00:00,22.0,33.0,6.0,1017.0
2024-03-29 14:00:00,24.0,25.0,7.0,1016.0
2024-03-29 15:00:00,22.8,33.0,7.0,1013.7
2024-03-29 16:00:00,21.0,38.0,7.0,1016.0
2024-03-29 17:00:00,18.0,42.0,9.0,1016.0
2024-03-29 18:00:00,18.3,39.0,7.0,1014.7
2024-03-29 19:00:00,14.0,55.0,9.0,1017.0
2024-03-29 20:00:00,14.0,55.0,13.0,1017.0
2024-03-29 21:00:00,12.8,59.0,4.0,1016.4
2024-03-29 22:00:00,10.0,71.0,9.0,1018.0
2024-03-29 23:00:00,11.0,67.0,6.0,1018.0
2024-03-30 00:00:00,9.8,76.0,0.0,1018.4
2024-03-30 01:00:00,8.0,87.0,2.0,1018.0
2024-03-30 02:00:00,6.0,87.0,7.0,1018.0
2024-03-30 03:00:00,10.6,64.0,7.0,1018.2
2024-03-30 04:00:00,5.0,87.0,6.0,1018.0
2024-03-30 05:00:00,6.0,87.0,4.0,1018.0
2024-03-30 06:00:00,10.5,65.0,7.0,1018.6
2024-03-30 07:00:00,13.0,63.0,6.0,1019.0
2024-03-30 08:00:00,16.0,52.0,4.0,1019.0
2024-03-30 09:00:00,18.1,48.0,7.0,1016.5
2024-03-30 10:00:00,21.0,40.0,7.0,1017.0
2024-03-30 11:00:00,23.0,33.0,7.0,1016.0
2024-03-30 12:00:00,23.3,36.0,7.0,1013.1
2024-03-30 13:00:00,25.0,28.0,7.0,1015.0
2024-03-30 14:00:00,25.0,32.0,7.0,1014.0
2024-03-30 15:00:00,25.5,25.0,7.0,1011.0
2024-03-30 16:00:00,24.0,21.0,15.0,1014.0
2024-03-30 17:00:00,21.0,27.0,9.0,1015.0
2024-03-30 18:00:00,17.7,44.0,0.0,1013.3
2024-03-30 19:00:00,14.0,51.0,6.0,1016.0
2024-03-30 20:00:00,14.0,59.0,11.0,1016.0
2024-03-30 21:00:00,14.9,56.0,4.0,1015.2
2024-03-30 22:00:00,11.0,71.0,3.7,1017.0
2024-03-30 23:00:00,11.0,67.0,7.0,1017.0
2024-03-31 00:00:00,11.2,66.0,4.0,1016.8
2024-03-31 01:00:00,8.0,76.0,11.0,1017.0
2024-03-31 02:00:00,9.0,71.0,4.0,1017.0
2024-03-31 03:00:00,9.7,71.0,4.0,1017.3
2024-03-31 04:00:00,7.0,76.0,9.0,1018.0
2024-03-31 05:00:00,7.0,81.0,7.0,1018.0
2024-03-31 06:00:00,11.4,66.0,4.0,1017.8
2024-03-31 07:00:00,12.0,72.0,6.0,1019.0
2024-03-31 08:00:00,16.0,55.0,4.0,1019.0
2024-03-31 09:00:00,17.8,47.0,4.0,1016.8
2024-03-31 10:00:00,20.0,40.0,4.0,1018.0
2024-03-31 11:00:00,21.0,38.0,7.0,1017.0
2024-03-31 12:00:00,20.8,43.0,4.0,1015.5
2024-03-31 13:00:00,23.0,33.0,7.0,1016.0
2024-03-31 14:00:00,26.0,26.0,6.0,1016.0
2024-03-31 15:00:00,26.2,22.0,11.0,1012.4
2024-03-31 16:00:00,25.0,21.0,17.0,1015.0
2024-03-31 17:00:00,23.0,23.0,11.0,1016.0
2024-03-31 18:00:00,22.2,30.0,7.0,1013.2
2024-03-31 19:00:00,17.0,48.0,11.0,1016.0
2024-03-31 20:00:00,15.0,55.0,4.0,1017.0
2024-03-31 21:00:00,18.4,40.0,7.0,1014.9
2024-03-31 22:00:00,13.0,58.0,4.0,1017.0
2024-03-31 23:00:00,12.0,62.0,7.0,1017.0
2024-04-01 00:00:00,13.7,58.0,4.0,1016.5
2024-04-01 01:00:00,11.0,67.0,7.0,1017.0
2024-04-01 02:00:00,10.0,66.0,6.0,1017.0
2024-04-01 03:00:00,11.2,68.0,4.0,1017.0
2024-04-01 04:00:00,11.0,67.0,4.0,1017.0
2024-04-01 05:00:00,7.0,87.0,7.0,1018.0
2024-04-01 06:00:00,14.8,55.0,4.0,1016.5
2024-04-01 07:00:00,15.0,59.0,6.0,1018.0
2024-04-01 08:00:00,18.0,49.0,4.0,1018.0
2024-04-01 09:00:00,20.0,42.0,7.0,1015.2
2024-04-01 10:00:00,24.0,27.0,7.0,1016.0
2024-04-01 11:00:00,26.0,23.0,6.0,1016.0
2024-04-01 12:00:00,27.2,23.0,4.0,1011.7
2024-04-01 13:00:00,28.0,15.0,19.0,1014.0
2024-04-01 14:00:00,28.0,16.0,19.0,1013.0
2024-04-01 15:00:00,27.5,21.0,7.0,1009.5
2024-04-01 16:00:00,27.0,17.0,19.0,1012.0
2024-04-01 17:00:00,25.0,18.0,20.0,1012.0
2024-04-01 18:00:00,24.4,22.0,7.2,1009.8
2024-04-01 19:00:00,21.0,28.0,11.2,1012.0
2024-04-01 20:00:00,21.0,26.0,18.4,1012.0
2024-04-01 21:00:00,23.0,22.0,14.4,1009.7
2024-04-01 22:00:00,25.0,16.0,31.7,1010.0
2024-04-01 23:00:00,24.0,16.0,44.6,1010.0
2024-04-02 00:00:00,19.2,31.0,7.2,1008.8
2024-04-02 01:00:00,21.0,21.0,7.6,1009.0
2024-04-02 02:00:00,18.0,30.0,5.4,1009.0
2024-04-02 03:00:00,17.8,35.0,7.2,1007.3
2024-04-02 04:00:00,18.0,28.0,7.6,1009.0
2024-04-02 05:00:00,17.0,37.0,11.0,1009.0
2024-04-02 06:00:00,19.8,30.0,11.0,1007.2
2024-04-02 07:00:00,17.0,45.0,20.0,1011.0
2024-04-02 08:00:00,20.0,40.0,17.0,1011.0
2024-04-02 09:00:00,20.6,38.0,14.0,1008.2
2024-04-02 10:00:00,19.0,28.0,22.0,1011.0
2024-04-02 11:00:00,21.0,23.0,28.0,1011.0
2024-04-02 12:00:00,21.1,23.0,14.0,1008.0
2024-04-02 13:00:00,21.0,23.0,24.0,1010.0
2024-04-02 14:00:00,20.0,21.0,22.0,1010.0
2024-04-02 15:00:00,20.0,26.0,11.0,1007.9
2024-04-02 16:00:00,19.0,26.0,19.0,1010.0
2024-04-02 17:00:00,16.0,34.0,33.0,1012.0
2024-04-02 18:00:00,14.0,44.0,7.0,1012.6
2024-04-02 19:00:00,14.0,41.0,19.0,1014.0
2024-04-02 20:00:00,13.0,44.0,28.0,1015.0
2024-04-02 21:00:00,11.9,53.0,11.0,1015.2
2024-04-02 22:00:00,12.0,50.0,7.6,1016.0
2024-04-02 23:00:00,11.0,54.0,7.6,1016.0
2024-04-03 00:00:00,11.3,51.0,10.8,1016.2
2024-04-03 01:00:00,7.0,70.0,5.4,1017.0
2024-04-03 02:00:00,8.0,61.0,7.6,1017.0
2024-04-03 03:00:00,7.5,67.0,3.6,1017.6
2024-04-03 04:00:00,5.0,75.0,5.4,1018.0
2024-04-03 05:00:00,5.0,75.0,0.0,1018.0
2024-04-03 06:00:00,9.2,62.0,3.6,1018.6
2024-04-03 07:00:00,12.0,54.0,5.4,1019.0
2024-04-03 08:00:00,14.0,44.0,1.8,1019.0
2024-04-03 09:00:00,15.2,42.0,7.2,1017.3
2024-04-03 10:00:00,17.0,32.0,13.0,1018.0
2024-04-03 11:00:00,17.0,34.0,13.0,1018.0
2024-04-03 12:00:00,17.9,34.0,10.8,1015.2
2024-04-03 13:00:00,18.0,32.0,9.4,1016.0
2024-04-03 14:00:00,18.0,30.0,7.6,1015.0
2024-04-03 15:00:00,17.4,35.0,7.2,1014.0
2024-04-03 16:00:00,18.0,28.0,5.4,1015.0
2024-04-03 17:00:00,14.0,48.0,5.4,1016.0
2024-04-03 18:00:00,12.2,56.0,3.6,1015.6
2024-04-03 19:00:00,14.0,41.0,7.6,1016.0
2024-04-03 20:00:00,11.0,58.0,7.6,1016.0
2024-04-03 21:00:00,12.0,49.0,7.2,1015.7
2024-04-03 22:00:00,9.0,66.0,7.6,1016.0
2024-04-03 23:00:00,9.0,66.0,9.4,1016.0
2024-04-04 00:00:00,10.3,60.0,3.6,1016.0
2024-04-04 01:00:00,8.0,71.0,1.8,1016.0
2024-04-04 02:00:00,8.0,71.0,3.6,1016.0
2024-04-04 03:00:00,7.3,73.0,1.8,1016.8
2024-04-04 04:00:00,8.0,66.0,5.4,1016.0
2024-04-04 05:00:00,7.0,76.0,5.4,1016.0
2024-04-04 06:00:00,9.0,69.0,3.6,1017.1
2024-04-04 07:00:00,12.0,54.0,0.0,1017.0
2024-04-04 08:00:00,16.0,39.0,14.8,1017.0
2024-04-04 09:00:00,16.4,37.0,10.8,1015.5
2024-04-04 10:00:00,18.0,34.0,22.3,1016.0
2024-04-04 11:00:00,19.0,28.0,20.5,1016.0
2024-04-04 12:00:00,18.7,34.0,10.8,1014.5
2024-04-04 13:00:00,19.0,26.0,24.1,1016.0
2024-04-04 14:00:00,18.0,28.0,22.3,1016.0
2024-04-04 15:00:00,18.9,30.0,10.8,1014.5
2024-04-04 16:00:00,17.0,34.0,20.5,1017.0
2024-04-04 17:00:00,17.0,32.0,14.8,1018.0
2024-04-04 18:00:00,15.4,42.0,7.2,1016.7
2024-04-04 19:00:00,10.0,54.0,9.4,1019.0
2024-04-04 20:00:00,11.0,54.0,5.4,1019.0
2024-04-04 21:00:00,8.7,69.0,0.0,1020.0
2024-04-04 22:00:00,8.0,66.0,5.4,1020.0
2024-04-04 23:00:00,6.0,76.0,0.0,1020.0
2024-04-05 00:00:00,6.8,72.0,3.6,1021.1
2024-04-05 01:00:00,4.0,87.0,3.6,1020.0
2024-04-05 02:00:00,4.0,81.0,3.6,1021.0
2024-04-05 03:00:00,3.7,87.0,3.6,1022.6
2024-04-05 04:00:00,3.0,81.0,9.4,1021.0
2024-04-05 05:00:00,4.0,81.0,3.6,1022.0
2024-04-05 06:00:00,9.8,63.0,3.6,1022.2
2024-04-05 07:00:00,12.0,58.0,3.6,1023.0
2024-04-05 08:00:00,14.0,51.0,5.4,1023.0
2024-04-05 09:00:00,17.9,40.0,7.2,1020.5
2024-04-05 10:00:00,19.0,34.0,13.0,1022.0
2024-04-05 11:00:00,20.0,32.0,9.4,1022.0
2024-04-05 12:00:00,19.2,38.0,3.6,1019.8
2024-04-05 13:00:00,20.0,32.0,18.4,1021.0
2024-04-05 14:00:00,21.0,30.0,13.0,1021.0
2024-04-05 15:00:00,20.6,32.0,3.6,1018.6
2024-04-05 16:00:00,20.0,30.0,1.8,1020.0
2024-04-05 17:00:00,17.0,39.0,9.4,1020.0
2024-04-05 18:00:00,14.0,55.0,3.6,1020.3
2024-04-05 19:00:00,12.0,54.0,5.4,1022.0
2024-04-05 20:00:00,11.0,58.0,3.6,1022.0
2024-04-05 21:00:00,9.5,74.0,3.6,1022.4
2024-04-05 22:00:00,9.0,66.0,5.4,1022.0
2024-04-05 23:00:00,7.0,76.0,3.6,1022.0
2024-04-06 00:00:00,8.5,71.0,3.6,1023.1
2024-04-06 01:00:00,6.0,81.0,3.6,1022.0
2024-04-06 02:00:00,5.0,81.0,7.6,1022.0
2024-04-06 03:00:00,6.8,77.0,3.6,1023.4
2024-04-06 04:00:00,4.0,87.0,0.0,1022.0
2024-04-06 05:00:00,5.0,87.0,0.0,1023.0
2024-04-06 06:00:00,10.5,64.0,0.0,1022.7
2024-04-06 07:00:00,12.0,58.0,3.6,1023.0
2024-04-06 08:00:00,14.0,51.0,3.6,1023.0
2024-04-06 09:00:00,16.9,49.0,3.6,1021.2
2024-04-06 10:00:00,20.0,35.0,14.8,1022.0
2024-04-06 11:00:00,22.0,33.0,9.4,1021.0
2024-04-06 12:00:00,22.0,31.0,7.2,1018.0
2024-04-06 13:00:00,23.0,23.0,13.0,1019.0
2024-04-06 14:00:00,24.0,20.0,13.0,1019.0
2024-04-06 15:00:00,22.8,27.0,10.8,1015.9
2024-04-06 16:00:00,22.0,31.0,11.2,1018.0
2024-04-06 17:00:00,20.0,37.0,3.6,1018.0
2024-04-06 18:00:00,16.8,55.0,0.0,1017.5
2024-04-06 19:00:00,17.0,48.0,7.6,1019.0
2024-04-06 20:00:00,15.0,59.0,5.4,1019.0
2024-04-06 21:00:00,16.1,53.0,3.6,1018.0
2024-04-06 22:00:00,16.0,52.0,3.6,1019.0
2024-04-06 23:00:00,15.0,55.0,14.8,1019.0
2024-04-07 00:00:00,17.7,45.0,7.2,1017.3
2024-04-07 01:00:00,15.0,55.0,11.2,1019.0
2024-04-07 02:00:00,15.0,55.0,13.0,1019.0
2024-04-07 03:00:00,15.9,57.0,7.2,1017.8
2024-04-07 04:00:00,14.0,63.0,9.4,1019.0
2024-04-07 05:00:00,15.0,63.0,11.2,1020.0
2024-04-07 06:00:00,15.0,65.0,7.2,1018.3
2024-04-07 07:00:00,18.0,49.0,9.4,1020.0
2024-04-07 08:00:00,18.0,49.0,5.4,1020.0
2024-04-07 09:00:00,17.8,53.0,3.6,1018.3
2024-04-07 10:00:00,19.0,43.0,16.6,1021.0
2024-04-07 11:00:00,18.0,52.0,24.1,1021.0
2024-04-07 12:00:00,17.2,53.0,3.6,1019.4
2024-04-07 13:00:00,20.0,40.0,18.4,1021.0
2024-04-07 14:00:00,20.0,35.0,18.4,1021.0
2024-04-07 15:00:00,18.9,41.0,10.8,1019.1
2024-04-07 16:00:00,18.0,37.0,25.9,1022.0
2024-04-07 17:00:00,16.0,42.0,13.0,1022.0
2024-04-07 18:00:00,14.5,48.0,7.2,1021.9
2024-04-07 19:00:00,15.0,44.0,11.2,1024.0
2024-04-07 20:00:00,13.0,51.0,5.4,1024.0
2024-04-07 21:00:00,9.1,74.0,3.6,1024.3
2024-04-07 22:00:00,8.0,76.0,3.6,1024.0
2024-04-07 23:00:00,7.0,81.0,0.0,1024.0
2024-04-08 00:00:00,9.2,66.0,7.2,1023.9
2024-04-08 01:00:00,6.0,81.0,0.0,1023.0
2024-04-08 02:00:00,5.0,87.0,3.6,1023.0
2024-04-08 03:00:00,4.3,91.0,3.6,1025.1
2024-04-08 04:00:00,4.0,87.0,0.0,1024.0
2024-04-08 05:00:00,6.0,81.0,3.6,1024.0
2024-04-08 06:00:00,10.1,69.0,0.0,1024.3
2024-04-08 07:00:00,12.0,62.0,3.6,1024.0
2024-04-08 08:00:00,16.0,52.0,3.6,1024.0
2024-04-08 09:00:00,16.4,50.0,7.2,1022.6
2024-04-08 10:00:00,19.0,34.0,5.4,1023.0
2024-04-08 11:00:00,21.0,33.0,16.6,1022.0
2024-04-08 12:00:00,20.2,39.0,7.2,1020.1
2024-04-08 13:00:00,22.0,31.0,7.6,1021.0
2024-04-08 14:00:00,22.0,31.0,9.4,1020.0
2024-04-08 15:00:00,21.5,34.0,7.2,1018.1
2024-04-08 16:00:00,21.0,33.0,20.5,1020.0
2024-04-08 17:00:00,17.0,39.0,14.8,1020.0
2024-04-08 18:00:00,16.7,39.0,7.2,1019.0
2024-04-08 19:00:00,11.0,54.0,13.0,1021.0
2024-04-08 20:00:00,9.0,62.0,13.0,1021.0
2024-04-08 21:00:00,11.3,55.0,3.6,1021.4
2024-04-08 22:00:00,7.0,70.0,9.4,1021.0
2024-04-08 23:00:00,8.0,71.0,14.8,1021.0
2024-04-09 00:00:00,8.2,71.0,3.6,1022.0
2024-04-09 01:00:00,9.0,62.0,3.6,1020.0
2024-04-09 02:00:00,5.0,81.0,0.0,1020.0
2024-04-09 03:00:00,4.8,83.0,3.6,1022.2
2024-04-09 04:00:00,4.0,81.0,3.6,1021.0
2024-04-09 05:00:00,6.0,81.0,3.6,1021.0
2024-04-09 06:00:00,9.1,61.0,7.2,1021.1
2024-04-09 07:00:00,12.0,54.0,1.8,1021.0
2024-04-09 08:00:00,15.0,48.0,3.6,1021.0
2024-04-09 09:00:00,16.5,44.0,7.2,1018.8
2024-04-09 10:00:00,20.0,35.0,3.6,1019.0
2024-04-09 11:00:00,22.0,29.0,7.6,1018.0
2024-04-09 12:00:00,22.7,26.0,7.2,1015.4
2024-04-09 13:00:00,24.0,20.0,5.4,1017.0
2024-04-09 14:00:00,25.0,18.0,5.4,1016.0
2024-04-09 15:00:00,24.4,27.0,3.6,1013.3
2024-04-09 16:00:00,23.0,25.0,13.0,1016.0
2024-04-09 17:00:00,20.0,32.0,9.4,1016.0
2024-04-09 18:00:00,17.0,51.0,7.2,1015.4
2024-04-09 19:00:00,13.0,54.0,14.8,1017.0
2024-04-09 20:00:00,12.0,58.0,11.2,1018.0
2024-04-09 21:00:00,12.0,61.0,3.6,1017.5
2024-04-09 22:00:00,11.0,58.0,11.2,1018.0
2024-04-09 23:00:00,10.0,62.0,7.6,1018.0
2024-04-10 00:00:00,9.2,70.0,7.2,1018.3
2024-04-10 01:00:00,9.0,66.0,3.6,1018.0
2024-04-10 02:00:00,7.0,76.0,1.8,1017.0
2024-04-10 03:00:00,8.1,71.0,3.6,1018.2
2024-04-10 04:00:00,5.0,81.0,5.4,1017.0
2024-04-10 05:00:00,7.0,76.0,3.6,1018.0
2024-04-10 06:00:00,11.7,60.0,3.6,1017.6
2024-04-10 07:00:00,14.0,51.0,3.6,1018.0
2024-04-10 08:00:00,17.0,42.0,3.6,1018.0
2024-04-10 09:00:00,19.1,42.0,7.2,1015.5
2024-04-10 10:00:00,22.0,29.0,9.4,1018.0
2024-04-10 11:00:00,24.0,20.0,5.4,1017.0
2024-04-10 12:00:00,24.0,26.0,7.2,1014.0
2024-04-10 13:00:00,25.0,21.0,13.0,1016.0
2024-04-10 14:00:00,26.0,21.0,13.0,1016.0
2024-04-10 15:00:00,24.2,26.0,10.8,1013.8
2024-04-10 16:00:00,22.0,27.0,16.6,1017.0
2024-04-10 17:00:00,19.0,34.0,11.2,1018.0
2024-04-10 18:00:00,15.2,55.0,3.6,1017.3
2024-04-10 19:00:00,14.0,51.0,9.4,1020.0
2024-04-10 20:00:00,12.0,58.0,9.4,1021.0
2024-04-10 21:00:00,12.9,60.0,7.2,1021.0
2024-04-10 22:00:00,11.0,58.0,11.2,1023.0
2024-04-10 23:00:00,9.0,66.0,11.2,1023.0
2024-04-11 00:00:00,11.0,61.0,3.6,1022.6
2024-04-11 01:00:00,8.0,71.0,5.4,1023.0
2024-04-11 02:00:00,8.0,71.0,7.6,1023.0
2024-04-11 03:00:00,5.6,85.0,3.6,1024.2
2024-04-11 04:00:00,6.0,76.0,5.4,1024.0
2024-04-11 05:00:00,8.0,71.0,3.6,1025.0
2024-04-11 06:00:00,12.0,61.0,3.6,1024.6
2024-04-11 07:00:00,15.0,48.0,7.6,1026.0
2024-04-11 08:00:00,18.0,42.0,5.4,1026.0
2024-04-11 09:00:00,19.1,40.0,3.6,1023.9
2024-04-11 10:00:00,22.0,20.0,9.4,1026.0
2024-04-11 11:00:00,23.0,19.0,11.2,1026.0
2024-04-11 12:00:00,22.6,26.0,7.2,1022.9
2024-04-11 13:00:00,23.0,25.0,16.6,1025.0
2024-04-11 14:00:00,24.0,25.0,16.6,1025.0
2024-04-11 15:00:00,22.6,30.0,10.8,1022.4
2024-04-11 16:00:00,21.0,30.0,18.4,1025.0
2024-04-11 17:00:00,19.0,34.0,14.8,1026.0
2024-04-11 18:00:00,15.5,53.0,3.6,1025.0
2024-04-11 19:00:00,14.0,51.0,7.6,1027.0
2024-04-11 20:00:00,13.0,54.0,3.6,1027.0
2024-04-11 21:00:00,9.8,75.0,3.6,1027.7
2024-04-11 22:00:00,12.0,58.0,7.6,1028.0
2024-04-11 23:00:00,9.0,71.0,7.6,1028.0
2024-04-12 00:00:00,8.6,79.0,3.6,1028.2
2024-04-12 01:00:00,7.0,81.0,0.0,1028.0
2024-04-12 02:00:00,7.0,76.0,3.6,1028.0
2024-04-12 03:00:00,6.8,90.0,3.6,1029.0
2024-04-12 04:00:00,7.0,76.0,1.8,1029.0
2024-04-12 05:00:00,7.0,81.0,5.4,1029.0
2024-04-12 06:00:00,11.6,73.0,3.6,1028.6
2024-04-12 07:00:00,14.0,58.0,7.6,1029.0
2024-04-12 08:00:00,17.0,52.0,7.6,1029.0
2024-04-12 09:00:00,19.8,46.0,3.6,1026.3
2024-04-12 10:00:00,22.0,38.0,7.6,1028.0
2024-04-12 11:00:00,23.0,33.0,9.4,1027.0
2024-04-12 12:00:00,22.7,37.0,7.2,1024.1
2024-04-12 13:00:00,25.0,28.0,14.8,1026.0
2024-04-12 14:00:00,24.0,29.0,14.8,1026.0
2024-04-12 15:00:00,23.5,36.0,7.2,1022.5
2024-04-12 16:00:00,23.0,38.0,11.2,1025.0
2024-04-12 17:00:00,20.0,46.0,9.4,1025.0
2024-04-12 18:00:00,16.8,62.0,3.6,1024.0
2024-04-12 19:00:00,15.0,63.0,5.4,1026.0
2024-04-12 20:00:00,15.0,63.0,3.6,1026.0
2024-04-12 21:00:00,12.7,76.0,3.6,1025.6
2024-04-12 22:00:00,12.0,72.0,0.0,1027.0
2024-04-12 23:00:00,11.0,76.0,1.8,1026.0
2024-04-13 00:00:00,11.2,85.0,3.6,1026.3
2024-04-13 01:00:00,10.0,82.0,5.4,1026.0
2024-04-13 02:00:00,10.0,82.0,7.6,1026.0
2024-04-13 03:00:00,9.7,92.0,3.6,1026.5
2024-04-13 04:00:00,7.0,93.0,3.6,1026.0
2024-04-13 05:00:00,10.0,87.0,3.6,1027.0
2024-04-13 06:00:00,15.2,74.0,10.8,1025.4
2024-04-13 07:00:00,17.0,68.0,18.4,1027.0
2024-04-13 08:00:00,19.0,60.0,14.8,1026.0
2024-04-13 09:00:00,20.2,55.0,7.2,1023.7
2024-04-13 10:00:00,22.0,43.0,16.6,1025.0
2024-04-13 11:00:00,23.0,41.0,7.6,1025.0
2024-04-13 12:00:00,18.8,62.0,10.8,1023.5
2024-04-13 13:00:00,21.0,46.0,24.1,1024.0
2024-04-13 14:00:00,21.0,40.0,24.1,1024.0
2024-04-13 15:00:00,18.8,67.0,7.2,1021.5
2024-04-13 16:00:00,22.0,43.0,11.2,1023.0
2024-04-13 17:00:00,20.0,49.0,9.4,1023.0
2024-04-13 18:00:00,19.0,58.0,7.2,1022.0
2024-04-13 19:00:00,17.0,59.0,5.4,1025.0
2024-04-13 20:00:00,17.0,59.0,9.4,1025.0
2024-04-13 21:00:00,16.4,64.0,7.2,1024.0
2024-04-13 22:00:00,14.0,67.0,16.6,1025.0
2024-04-13 23:00:00,15.0,59.0,7.6,1025.0
2024-04-14 00:00:00,14.5,61.0,7.2,1024.3
2024-04-14 01:00:00,9.0,87.0,7.6,1025.0
2024-04-14 02:00:00,8.0,87.0,7.6,1025.0
2024-04-14 03:00:00,8.4,88.0,3.6,1025.8
2024-04-14 04:00:00,7.0,93.0,3.6,1025.0
2024-04-14 05:00:00,8.0,87.0,3.6,1026.0
2024-04-14 06:00:00,13.2,70.0,3.6,1025.1
2024-04-14 07:00:00,15.0,59.0,3.6,1026.0
2024-04-14 08:00:00,18.0,49.0,11.2,1026.0
2024-04-14 09:00:00,20.0,51.0,7.2,1023.2
2024-04-14 10:00:00,22.0,41.0,7.6,1025.0
2024-04-14 11:00:00,24.0,29.0,7.6,1024.0
2024-04-14 12:00:00,23.8,35.0,7.2,1020.7
2024-04-14 13:00:00,25.0,28.0,9.4,1022.0
2024-04-14 14:00:00,26.0,21.0,11.2,1021.0
2024-04-14 15:00:00,25.5,28.0,7.2,1018.3
2024-04-14 16:00:00,25.0,22.0,14.8,1021.0
2024-04-14 17:00:00,23.0,29.0,11.2,1021.0
2024-04-14 18:00:00,21.4,40.0,3.6,1019.1
2024-04-14 19:00:00,16.0,52.0,7.6,1022.0
2024-04-14 20:00:00,15.0,59.0,3.6,1022.0
2024-04-14 21:00:00,12.8,63.0,3.6,1021.7
2024-04-14 22:00:00,11.0,66.0,5.4,1022.0
2024-04-14 23:00:00,10.0,76.0,7.6,1021.0
2024-04-15 00:00:00,12.0,61.0,5.4,1021.4
2024-04-15 01:00:00,9.0,76.0,5.4,1021.0
2024-04-15 02:00:00,6.0,87.0,5.4,1021.0
2024-04-15 03:00:00,6.7,86.0,0.0,1021.7
2024-04-15 04:00:00,6.0,87.0,7.6,1020.0
2024-04-15 05:00:00,8.0,81.0,3.6,1021.0
2024-04-15 06:00:00,13.0,65.0,3.6,1020.0
2024-04-15 07:00:00,15.0,59.0,3.6,1020.0
2024-04-15 08:00:00,18.0,45.0,5.4,1019.0
2024-04-15 09:00:00,20.6,44.0,3.6,1016.8
2024-04-15 10:00:00,24.0,34.0,5.4,1017.0
2024-04-15 11:00:00,27.0,26.0,3.6,1016.0
2024-04-15 12:00:00,27.6,29.0,7.2,1011.5
2024-04-15 13:00:00,29.0,18.0,16.6,1014.0
2024-04-15 14:00:00,30.0,19.0,20.5,1013.0
2024-04-15 15:00:00,27.5,25.0,14.4,1009.3
2024-04-15 16:00:00,28.0,20.0,13.0,1012.0
2024-04-15 17:00:00,25.0,22.0,7.6,1012.0
2024-04-15 18:00:00,22.8,37.0,10.8,1009.2
2024-04-15 19:00:00,20.0,35.0,9.4,1012.0
2024-04-15 20:00:00,19.0,40.0,7.6,1012.0
2024-04-15 21:00:00,21.4,41.0,7.2,1009.5
2024-04-15 22:00:00,18.0,49.0,5.4,1011.0
2024-04-15 23:00:00,19.0,46.0,9.4,1011.0
2024-04-16 00:00:00,20.7,43.0,7.2,1009.2
2024-04-16 01:00:00,16.0,55.0,16.6,1011.0
2024-04-16 02:00:00,15.0,55.0,18.4,1011.0
2024-04-16 03:00:00,15.4,64.0,3.6,1010.3
2024-04-16 04:00:00,13.0,62.0,7.6,1011.0
2024-04-16 05:00:00,15.0,55.0,5.4,1011.0
2024-04-16 06:00:00,16.3,64.0,3.6,1009.8
2024-04-16 07:00:00,18.0,49.0,7.6,1010.0
2024-04-16 08:00:00,21.0,38.0,7.6,1010.0
2024-04-16 09:00:00,20.6,48.0,3.6,1007.6
2024-04-16 10:00:00,23.0,33.0,7.6,1009.0
2024-04-16 11:00:00,24.0,31.0,7.6,1008.0
2024-04-16 12:00:00,23.1,46.0,3.6,1005.2
2024-04-16 13:00:00,26.0,26.0,16.6,1006.0
2024-04-16 14:00:00,25.0,26.0,22.3,1006.0
2024-04-16 15:00:00,23.6,31.0,10.8,1002.6
2024-04-16 16:00:00,24.0,27.0,20.5,1004.0
2024-04-16 17:00:00,23.0,29.0,16.6,1004.0
2024-04-16 18:00:00,21.0,41.0,7.2,1001.9
2024-04-16 19:00:00,22.0,33.0,22.3,1004.0
2024-04-16 20:00:00,20.0,43.0,16.6,1004.0
2024-04-16 21:00:00,18.4,54.0,10.8,1002.1
2024-04-16 22:00:00,18.0,56.0,22.3,1004.0
2024-04-16 23:00:00,16.0,63.0,7.6,1003.0
2024-04-17 00:00:00,15.4,70.0,3.6,1001.6
2024-04-17 01:00:00,14.0,77.0,7.6,1001.0
2024-04-17 02:00:00,14.0,77.0,13.0,1001.0
2024-04-17 03:00:00,15.6,66.0,7.2,998.7
2024-04-17 04:00:00,16.0,59.0,25.9,1000.0
2024-04-17 05:00:00,17.0,59.0,35.3,1000.0
2024-04-17 06:00:00,14.5,77.0,3.6,998.8
2024-04-17 07:00:00,16.0,63.0,22.3,999.0
2024-04-17 08:00:00,15.0,67.0,27.7,998.1
2024-04-17 09:00:00,14.4,73.0,7.2,997.9
2024-04-17 10:00:00,17.0,59.0,25.9,998.0
2024-04-17 11:00:00,19.0,52.0,27.7,997.0
2024-04-17 12:00:00,19.0,51.0,10.8,995.8
2024-04-17 13:00:00,9.0,82.0,25.9,999.0
2024-04-17 14:00:00,7.0,93.0,29.5,1000.0
2024-04-17 15:00:00,7.7,90.0,7.2,1000.9
2024-04-17 16:00:00,8.0,87.0,3.6,1001.0
2024-04-17 17:00:00,7.0,100.0,3.6,1001.0
2024-04-17 18:00:00,7.5,97.0,7.2,1002.0
2024-04-17 19:00:00,6.0,87.0,14.8,1003.0
2024-04-17 20:00:00,6.0,87.0,22.3,1003.1
2024-04-17 21:00:00,4.6,94.0,7.2,1003.9
2024-04-17 22:00:00,5.0,87.0,22.3,1002.0
2024-04-17 23:00:00,5.0,81.0,18.4,1003.0
2024-04-18 00:00:00,4.0,91.0,7.2,1004.3
2024-04-18 01:00:00,4.0,87.0,22.3,1003.0
2024-04-18 02:00:00,4.0,87.0,25.9,1003.0
2024-04-18 03:00:00,4.1,84.0,10.8,1004.5
2024-04-18 04:00:00,5.0,81.0,14.8,1003.0
2024-04-18 05:00:00,5.0,81.0,18.4,1004.0
2024-04-18 06:00:00,5.1,79.0,10.8,1005.8
2024-04-18 07:00:00,7.0,70.0,24.1,1005.0
2024-04-18 08:00:00,8.0,57.0,27.7,1005.0
2024-04-18 09:00:00,7.7,64.0,14.4,1006.4
2024-04-18 10:00:00,9.0,57.0,27.7,1006.0
2024-04-18 11:00:00,10.0,54.0,29.5,1006.0
2024-04-18 12:00:00,9.3,58.0,7.2,1006.6
2024-04-18 13:00:00,11.0,43.0,22.3,1007.0
2024-04-18 14:00:00,11.0,47.0,20.5,1007.0
2024-04-18 15:00:00,11.3,52.0,7.2,1006.7
2024-04-18 16:00:00,11.0,47.0,18.4,1008.0
2024-04-18 17:00:00,9.0,53.0,11.2,1008.0
2024-04-18 18:00:00,8.4,61.0,7.2,1009.1
2024-04-18 19:00:00,6.0,70.0,13.0,1010.0
2024-04-18 20:00:00,6.0,70.0,18.4,1011.0
2024-04-18 21:00:00,6.4,71.0,7.2,1011.7
2024-04-18 22:00:00,4.0,81.0,7.6,1011.0
2024-04-18 23:00:00,2.0,87.0,5.4,1012.0
2024-04-19 00:00:00,3.6,81.0,3.6,1013.4
2024-04-19 01:00:00,2.0,87.0,3.6,1013.4
2024-04-19 02:00:00,0.0,93.0,3.6,1012.0
2024-04-19 03:00:00,-0.4,96.0,3.6,1014.8
2024-04-19 04:00:00,0.0,93.0,0.0,1013.0
2024-04-19 05:00:00,3.0,87.0,5.4,1013.0
2024-04-19 06:00:00,4.1,79.0,3.6,1015.1
2024-04-19 07:00:00,6.0,70.0,3.6,1014.0
2024-04-19 08:00:00,9.0,57.0,7.6,1013.0
2024-04-19 09:00:00,10.1,51.0,3.6,1012.9
2024-04-19 10:00:00,12.0,41.0,9.4,1012.0
2024-04-19 11:00:00,13.0,35.0,7.6,1011.0
2024-04-19 12:00:00,12.6,41.0,3.6,1010.7
2024-04-19 13:00:00,13.0,38.0,11.2,1010.0
2024-04-19 14:00:00,13.0,35.0,9.4,1010.0
2024-04-19 15:00:00,12.6,42.0,10.8,1009.0
2024-04-19 16:00:00,12.0,44.0,13.0,1009.0
2024-04-19 17:00:00,11.0,47.0,11.2,1010.0
2024-04-19 18:00:00,10.2,54.0,3.6,1009.8
2024-04-19 19:00:00,10.0,50.0,9.4,1010.0
2024-04-19 20:00:00,10.0,46.0,5.4,1010.0
2024-04-19 21:00:00,8.3,70.0,3.6,1010.5
2024-04-19 22:00:00,9.0,57.0,1.8,1009.0
2024-04-19 23:00:00,9.0,57.0,0.0,1009.0
2024-04-20 00:00:00,8.2,63.0,7.2,1009.4
2024-04-20 01:00:00,9.0,57.0,14.8,1008.0
2024-04-20 02:00:00,8.0,71.0,3.6,1008.0
2024-04-20 03:00:00,7.2,78.0,3.6,1009.2
2024-04-20 04:00:00,7.0,76.0,9.4,1009.0
2024-04-20 05:00:00,7.0,70.0,1.8,1009.0
2024-04-20 06:00:00,7.3,70.0,3.6,1009.6
2024-04-20 07:00:00,10.0,54.0,7.6,1009.0
2024-04-20 08:00:00,11.0,50.0,3.6,1009.0
2024-04-20 09:00:00,11.2,53.0,7.2,1008.6
2024-04-20 10:00:00,13.0,44.0,5.4,1008.0
2024-04-20 11:00:00,14.0,38.0,5.4,1008.0
2024-04-20 12:00:00,13.2,44.0,7.2,1007.6
2024-04-20 13:00:00,14.0,38.0,11.2,1008.0
2024-04-20 14:00:00,15.0,36.0,13.0,1007.0
2024-04-20 15:00:00,13.2,48.0,3.6,1007.1
2024-04-20 16:00:00,13.0,47.0,14.8,1008.0
2024-04-20 17:00:00,12.0,50.0,9.4,1008.0
2024-04-20 18:00:00,9.7,71.0,3.6,1008.9
2024-04-20 19:00:00,9.0,76.0,13.0,1010.0
2024-04-20 20:00:00,9.0,82.0,9.4,1010.0
2024-04-20 21:00:00,7.8,89.0,7.2,1010.6
2024-04-20 22:00:00,8.0,87.0,11.2,1010.0
2024-04-20 23:00:00,8.0,81.0,3.6,1010.0
2024-04-21 00:00:00,6.6,90.0,3.6,1010.7
2024-04-21 01:00:00,7.0,93.0,5.4,1010.0
2024-04-21 02:00:00,5.0,100.0,3.6,1010.0
2024-04-21 03:00:00,4.1,96.0,0.0,1011.5
2024-04-21 04:00:00,4.0,100.0,5.4,1010.0
2024-04-21 05:00:00,6.0,93.0,1.8,1010.0
2024-04-21 06:00:00,6.5,90.0,3.6,1011.3
2024-04-21 07:00:00,9.0,82.0,3.6,1011.0
2024-04-21 08:00:00,10.0,71.0,13.0,1010.0
2024-04-21 09:00:00,10.5,69.0,10.8,1010.1
2024-04-21 10:00:00,11.0,66.0,5.4,1010.0
2024-04-21 11:00:00,11.0,66.0,7.6,1009.0
2024-04-21 12:00:00,9.4,84.0,3.6,1009.8
2024-04-21 13:00:00,10.0,82.0,9.4,1008.0
2024-04-21 14:00:00,10.0,82.0,7.6,1008.0
2024-04-21 15:00:00,8.9,92.0,3.6,1008.6
2024-04-21 16:00:00,9.0,87.0,11.2,1008.0
2024-04-21 17:00:00,7.0,87.0,20.5,1009.0
2024-04-21 18:00:00,5.8,94.0,7.2,1010.6
2024-04-21 19:00:00,5.0,93.0,11.2,1011.0
2024-04-21 20:00:00,5.0,87.0,16.6,1012.0
2024-04-21 21:00:00,4.8,94.0,7.2,1013.4
2024-04-21 22:00:00,6.0,87.0,9.4,1013.0
2024-04-21 23:00:00,6.0,87.0,9.4,1013.0
2024-04-22 00:00:00,5.8,81.0,10.8,1014.5
2024-04-22 01:00:00,6.0,81.0,13.0,1014.0
2024-04-22 02:00:00,6.0,81.0,14.8,1015.0
2024-04-22 03:00:00,5.0,88.0,7.2,1016.1
2024-04-22 04:00:00,5.0,87.0,14.8,1015.0
2024-04-22 05:00:00,6.0,87.0,13.0,1016.0
2024-04-22 06:00:00,6.5,81.0,7.2,1016.9
2024-04-22 07:00:00,9.0,66.0,14.8,1017.0
2024-04-22 08:00:00,10.0,62.0,11.2,1017.0
2024-04-22 09:00:00,10.5,55.0,7.2,1017.1
2024-04-22 10:00:00,11.0,54.0,11.2,1017.0
2024-04-22 11:00:00,12.0,50.0,13.0,1017.0
2024-04-22 12:00:00,12.5,53.0,7.2,1016.5
2024-04-22 13:00:00,14.0,44.0,7.6,1017.0
2024-04-22 14:00:00,15.0,44.0,7.6,1017.0
2024-04-22 15:00:00,14.0,49.0,7.2,1015.7
2024-04-22 16:00:00,14.0,51.0,7.6,1016.0
2024-04-22 17:00:00,14.0,51.0,7.6,1016.0
2024-04-22 18:00:00,11.7,65.0,7.2,1016.8
2024-04-22 19:00:00,10.0,76.0,11.2,1017.0
2024-04-22 20:00:00,10.0,76.0,11.2,1017.0
2024-04-22 21:00:00,9.1,80.0,3.6,1017.6
2024-04-22 22:00:00,9.0,82.0,9.4,1017.0
2024-04-22 23:00:00,9.0,82.0,9.4,1017.0
2024-04-23 00:00:00,8.5,86.0,3.6,1017.4
2024-04-23 01:00:00,10.0,87.0,16.6,1016.0
2024-04-23 02:00:00,9.0,94.0,9.4,1015.0
2024-04-23 03:00:00,9.1,91.0,7.2,1015.4
2024-04-23 04:00:00,10.0,87.0,20.5,1015.0
2024-04-23 05:00:00,10.0,76.0,25.9,1015.0
2024-04-23 06:00:00,9.2,88.0,10.8,1015.1
2024-04-23 07:00:00,10.0,87.0,24.1,1015.0
2024-04-23 08:00:00,10.0,94.0,33.5,1014.0
2024-04-23 09:00:00,9.5,92.0,7.2,1014.1
2024-04-23 10:00:00,10.0,94.0,14.8,1014.0
2024-04-23 11:00:00,10.0,94.0,20.5,1013.0
2024-04-23 12:00:00,10.1,92.0,7.2,1011.7
2024-04-23 13:00:00,12.0,82.0,24.1,1010.0
2024-04-23 14:00:00,12.0,82.0,16.6,1009.0
2024-04-23 15:00:00,10.7,92.0,7.2,1007.7
2024-04-23 16:00:00,12.0,88.0,25.9,1007.0
2024-04-23 17:00:00,11.0,94.0,33.5,1006.0
2024-04-23 18:00:00,10.8,94.0,3.6,1005.8
2024-04-23 19:00:00,12.0,82.0,13.0,1007.0
2024-04-23 20:00:00,12.0,82.0,25.9,1006.0
2024-04-23 21:00:00,10.7,87.0,10.8,1005.5
2024-04-23 22:00:00,10.0,87.0,7.6,1005.0
2024-04-23 23:00:00,11.0,88.0,11.2,1006.0
2024-04-24 00:00:00,10.0,94.0,3.6,1005.5
2024-04-24 01:00:00,9.0,94.0,7.6,1005.0
2024-04-24 02:00:00,9.0,94.0,5.4,1005.0
2024-04-24 03:00:00,9.7,95.0,3.6,1005.5
2024-04-24 04:00:00,10.0,94.0,3.6,1006.0
2024-04-24 05:00:00,11.0,94.0,9.4,1006.0
2024-04-24 06:00:00,11.3,90.0,3.6,1005.3
2024-04-24 07:00:00,13.0,77.0,7.6,1006.0
2024-04-24 08:00:00,15.0,59.0,13.0,1006.0
2024-04-24 09:00:00,15.0,65.0,7.2,1005.0
2024-04-24 10:00:00,16.0,55.0,9.4,1006.0
2024-04-24 11:00:00,17.0,52.0,9.4,1005.0
2024-04-24 12:00:00,18.0,54.0,10.8,1003.8
2024-04-24 13:00:00,19.0,46.0,9.4,1005.0
2024-04-24 14:00:00,19.0,43.0,5.4,1004.0
2024-04-24 15:00:00,19.2,50.0,3.6,1002.2
2024-04-24 16:00:00,20.0,32.0,13.0,1004.0
2024-04-24 17:00:00,18.0,37.0,25.9,1003.0
2024-04-24 18:00:00,16.5,45.0,7.2,1002.9
2024-04-24 19:00:00,16.0,45.0,18.4,1005.0
2024-04-24 20:00:00,13.0,54.0,13.0,1005.0
2024-04-24 21:00:00,11.8,61.0,7.2,1005.2
2024-04-24 22:00:00,12.0,58.0,18.4,1006.0
2024-04-24 23:00:00,13.0,47.0,13.0,1006.0
2024-04-25 00:00:00,11.8,57.0,7.2,1005.3
2024-04-25 01:00:00,9.0,76.0,7.6,1005.0
2024-04-25 02:00:00,8.0,87.0,7.6,1005.0
2024-04-25 03:00:00,8.8,79.0,10.8,1005.7
2024-04-25 04:00:00,9.0,82.0,20.5,1005.0
2024-04-25 05:00:00,9.0,82.0,14.8,1005.0
2024-04-25 06:00:00,8.8,84.0,7.2,1005.9
2024-04-25 07:00:00,9.0,82.0,18.4,1005.0
2024-04-25 08:00:00,9.0,87.0,14.8,1006.0
2024-04-25 09:00:00,9.6,85.0,7.2,1006.0
2024-04-25 10:00:00,12.0,72.0,11.2,1006.0
2024-04-25 11:00:00,11.0,76.0,13.0,1006.0
2024-04-25 12:00:00,10.3,86.0,7.2,1005.8
2024-04-25 13:00:00,11.0,82.0,16.6,1006.0
2024-04-25 14:00:00,10.0,82.0,16.6,1006.0
2024-04-25 15:00:00,9.9,82.0,7.2,1006.1
2024-04-25 16:00:00,10.0,82.0,16.6,1006.0
2024-04-25 17:00:00,10.0,76.0,18.4,1007.0
2024-04-25 18:00:00,9.0,84.0,10.8,1007.4
2024-04-25 19:00:00,9.0,82.0,11.2,1009.0
2024-04-25 20:00:00,9.0,76.0,13.0,1010.0
2024-04-25 21:00:00,7.8,82.0,7.2,1010.1
2024-04-25 22:00:00,7.0,87.0,14.8,1010.0
2024-04-25 23:00:00,7.0,81.0,13.0,1010.0
2024-04-26 00:00:00,6.5,86.0,3.6,1011.3
2024-04-26 01:00:00,5.0,87.0,9.4,1011.0
2024-04-26 02:00:00,4.0,93.0,11.2,1011.0
2024-04-26 03:00:00,2.2,96.0,3.6,1013.2
2024-04-26 04:00:00,2.0,100.0,3.6,1013.0
2024-04-26 05:00:00,3.0,93.0,3.6,1013.0
2024-04-26 06:00:00,7.3,79.0,3.6,1014.2
2024-04-26 07:00:00,9.0,76.0,3.6,1014.0
2024-04-26 08:00:00,11.0,66.0,9.4,1014.0
2024-04-26 09:00:00,12.9,60.0,7.2,1013.1
2024-04-26 10:00:00,14.0,55.0,11.2,1014.0
2024-04-26 11:00:00,16.0,48.0,9.4,1014.0
2024-04-26 12:00:00,15.2,48.0,7.2,1012.4
2024-04-26 13:00:00,16.0,39.0,7.6,1013.0
2024-04-26 14:00:00,16.0,42.0,5.4,1013.0
2024-04-26 15:00:00,16.1,45.0,3.6,1012.0
2024-04-26 16:00:00,17.0,36.0,9.4,1013.0
2024-04-26 17:00:00,16.0,45.0,5.4,1014.0
2024-04-26 18:00:00,12.6,63.0,3.6,1013.5
2024-04-26 19:00:00,12.0,62.0,5.4,1015.0
2024-04-26 20:00:00,9.0,76.0,7.6,1015.0
2024-04-26 21:00:00,9.3,70.0,3.6,1015.9
2024-04-26 22:00:00,7.0,81.0,3.6,1016.0
2024-04-26 23:00:00,6.0,87.0,7.6,1016.0
2024-04-27 00:00:00,7.5,77.0,7.2,1017.1
2024-04-27 01:00:00,5.0,93.0,7.6,1017.0
2024-04-27 02:00:00,5.0,87.0,3.6,1017.0
2024-04-27 03:00:00,5.0,92.0,7.2,1018.5
2024-04-27 04:00:00,5.0,93.0,3.6,1018.0
2024-04-27 05:00:00,7.0,87.0,7.6,1019.0
2024-04-27 06:00:00,9.3,79.0,7.2,1019.3
2024-04-27 07:00:00,12.0,76.0,11.2,1019.0
2024-04-27 08:00:00,14.0,72.0,18.4,1019.0
2024-04-27 09:00:00,14.8,65.0,10.8,1018.7
2024-04-27 10:00:00,16.0,59.0,14.8,1019.0
2024-04-27 11:00:00,17.0,55.0,16.6,1019.0
2024-04-27 12:00:00,17.8,51.0,10.8,1017.2
2024-04-27 13:00:00,19.0,43.0,14.8,1018.0
2024-04-27 14:00:00,19.0,46.0,14.8,1018.0
2024-04-27 15:00:00,19.1,44.0,7.2,1016.6
2024-04-27 16:00:00,18.0,52.0,18.4,1019.0
2024-04-27 17:00:00,17.0,52.0,16.6,1019.0
2024-04-27 18:00:00,14.6,66.0,3.6,1018.5
2024-04-27 19:00:00,12.0,76.0,11.2,1021.0
2024-04-27 20:00:00,11.0,82.0,9.4,1021.0
2024-04-27 21:00:00,11.3,74.0,7.2,1021.3
2024-04-27 22:00:00,10.0,82.0,18.4,1022.0
2024-04-27 23:00:00,9.0,82.0,11.2,1022.0
2024-04-28 00:00:00,9.5,81.0,3.6,1022.1
2024-04-28 01:00:00,8.0,87.0,7.6,1022.0
2024-04-28 02:00:00,7.0,87.0,7.6,1022.0
2024-04-28 03:00:00,6.0,94.0,3.6,1023.4
2024-04-28 04:00:00,7.0,87.0,0.0,1023.0
2024-04-28 05:00:00,9.0,82.0,1.8,1023.0
2024-04-28 06:00:00,11.1,74.0,3.6,1023.2
2024-04-28 07:00:00,13.0,67.0,5.4,1023.0
2024-04-28 08:00:00,16.0,59.0,3.6,1023.0
2024-04-28 09:00:00,17.2,53.0,7.2,1021.5
2024-04-28 10:00:00,20.0,37.0,9.4,1023.0
2024-04-28 11:00:00,21.0,33.0,11.2,1023.0
2024-04-28 12:00:00,20.6,40.0,7.2,1020.1
2024-04-28 13:00:00,20.0,46.0,14.8,1022.0
2024-04-28 14:00:00,21.0,43.0,14.8,1021.0
2024-04-28 15:00:00,20.4,44.0,7.2,1019.7
2024-04-28 16:00:00,20.0,43.0,16.6,1022.0
2024-04-28 17:00:00,18.0,49.0,11.2,1022.0
2024-04-28 18:00:00,16.1,60.0,3.6,1021.6
2024-04-28 19:00:00,14.0,63.0,13.0,1024.0
2024-04-28 20:00:00,12.0,72.0,11.2,1024.0
2024-04-28 21:00:00,11.4,76.0,3.6,1024.0
2024-04-28 22:00:00,10.0,82.0,9.4,1024.0
2024-04-28 23:00:00,9.0,82.0,1.8,1024.0
2024-04-29 00:00:00,9.4,82.0,3.6,1024.7
2024-04-29 01:00:00,9.0,82.0,9.4,1024.0
2024-04-29 02:00:00,7.0,87.0,11.2,1025.2
2024-04-29 03:00:00,8.4,87.0,7.2,1025.1
2024-04-29 04:00:00,8.0,87.0,7.6,1025.0
2024-04-29 05:00:00,10.0,82.0,3.6,1025.0
2024-04-29 06:00:00,12.4,77.0,3.6,1024.6
2024-04-29 07:00:00,15.0,72.0,9.4,1025.0
2024-04-29 08:00:00,17.0,52.0,18.4,1025.0
2024-04-29 09:00:00,18.2,49.0,10.8,1023.2
2024-04-29 10:00:00,20.0,37.0,18.4,1025.0
2024-04-29 11:00:00,20.0,37.0,13.0,1025.0
2024-04-29 12:00:00,19.9,39.0,10.8,1022.4
2024-04-29 13:00:00,19.0,40.0,24.1,1024.0
2024-04-29 14:00:00,19.0,40.0,22.3,1024.0
2024-04-29 15:00:00,19.0,41.0,14.4,1022.0
2024-04-29 16:00:00,16.0,39.0,20.5,1025.0
2024-04-29 17:00:00,16.0,39.0,11.2,1025.0
2024-04-29 18:00:00,13.6,55.0,3.6,1024.3
2024-04-29 19:00:00,14.0,48.0,11.2,1026.0
2024-04-29 20:00:00,14.0,51.0,24.1,1026.0
2024-04-29 21:00:00,13.7,56.0,7.2,1025.0
2024-04-29 22:00:00,13.0,54.0,7.6,1026.0
2024-04-29 23:00:00,11.0,66.0,3.6,1025.0
2024-04-30 00:00:00,10.5,67.0,3.6,1025.5
2024-04-30 01:00:00,13.0,62.0,5.4,1025.0
2024-04-30 02:00:00,12.0,67.0,7.6,1024.0
2024-04-30 03:00:00,11.8,76.0,3.6,1024.3
2024-04-30 04:00:00,13.0,72.0,3.6,1024.0
2024-04-30 05:00:00,14.0,72.0,5.4,1025.0
2024-04-30 06:00:00,12.8,79.0,3.6,1024.5
2024-04-30 07:00:00,14.0,67.0,7.6,1025.0
2024-04-30 08:00:00,14.0,67.0,11.2,1025.0
2024-04-30 09:00:00,14.9,67.0,7.2,1024.1
2024-04-30 10:00:00,16.0,63.0,13.0,1025.0
2024-04-30 11:00:00,17.0,59.0,13.0,1024.0
2024-04-30 12:00:00,16.5,64.0,14.4,1022.9
2024-04-30 13:00:00,17.0,63.0,14.8,1024.0
2024-04-30 14:00:00,17.0,63.0,18.4,1023.0
2024-04-30 15:00:00,16.5,65.0,10.8,1021.6
2024-04-30 16:00:00,15.0,67.0,20.5,1023.0
2024-04-30 17:00:00,14.0,72.0,13.0,1023.0
2024-04-30 18:00:00,13.5,75.0,7.2,1022.1
2024-04-30 19:00:00,14.0,72.0,5.4,1023.0
2024-04-30 20:00:00,13.0,77.0,5.4,1023.0
2024-04-30 21:00:00,12.8,79.0,3.6,1022.6
2024-04-30 22:00:00,12.0,88.0,4.0,1023.0
2024-04-30 23:00:00,12.0,88.0,6.0,1022.0
2024-05-01 00:00:00,11.8,89.0,4.0,1021.9
2024-05-01 01:00:00,11.0,94.0,9.0,1021.0
2024-05-01 02:00:00,11.0,88.0,9.0,1021.0
2024-05-01 03:00:00,10.6,89.0,4.0,1021.4
2024-05-01 04:00:00,10.0,94.0,9.0,1021.0
2024-05-01 05:00:00,11.0,88.0,7.0,1021.0
2024-05-01 06:00:00,11.1,82.0,4.0,1020.9
2024-05-01 07:00:00,12.0,77.0,7.0,1021.0
2024-05-01 08:00:00,14.0,67.0,7.0,1020.0
2024-05-01 09:00:00,13.8,72.0,7.0,1019.8
2024-05-01 10:00:00,16.0,63.0,9.0,1020.0
2024-05-01 11:00:00,16.0,59.0,15.0,1020.0
2024-05-01 12:00:00,16.0,64.0,7.0,1018.9
2024-05-01 13:00:00,16.0,63.0,17.0,1018.0
2024-05-01 14:00:00,17.0,59.0,15.0,1018.0
2024-05-01 15:00:00,16.2,67.0,11.0,1016.8
2024-05-01 16:00:00,17.0,59.0,19.0,1017.0
2024-05-01 17:00:00,15.0,63.0,19.0,1017.0
2024-05-01 18:00:00,13.5,73.0,7.0,1016.4
2024-05-01 19:00:00,12.0,77.0,11.0,1018.0
2024-05-01 20:00:00,12.0,82.0,11.0,1018.0
2024-05-01 21:00:00,11.6,78.0,7.0,1017.4
2024-05-01 22:00:00,11.0,88.0,11.2,1017.0
2024-05-01 23:00:00,12.0,82.0,11.2,1016.0
2024-05-02 00:00:00,11.0,86.0,7.2,1016.2
2024-05-02 01:00:00,12.0,82.0,7.6,1015.0
2024-05-02 02:00:00,11.0,88.0,5.4,1015.0
2024-05-02 03:00:00,10.6,96.0,3.6,1015.3
2024-05-02 04:00:00,11.0,94.0,7.6,1015.0
2024-05-02 05:00:00,12.0,88.0,0.0,1015.0
2024-05-02 06:00:00,11.4,94.0,7.6,1014.9
2024-05-02 07:00:00,13.0,88.0,9.4,1015.0
2024-05-02 08:00:00,14.0,82.0,9.4,1014.0
2024-05-02 09:00:00,14.3,82.0,3.6,1013.7
2024-05-02 10:00:00,17.0,63.0,7.6,1014.0
2024-05-02 11:00:00,19.0,49.0,5.4,1013.0
2024-05-02 12:00:00,18.0,58.0,3.6,1011.0
2024-05-02 13:00:00,20.0,46.0,5.4,1011.0
2024-05-02 14:00:00,20.0,46.0,14.8,1011.0
2024-05-02 15:00:00,18.6,52.0,7.2,1009.1
2024-05-02 16:00:00,17.0,48.0,18.4,1011.0
2024-05-02 17:00:00,16.0,52.0,9.4,1011.0
2024-05-02 18:00:00,14.3,70.0,3.6,1010.4
2024-05-02 19:00:00,13.0,77.0,14.8,1012.0
2024-05-02 20:00:00,13.0,72.0,5.4,1012.0
2024-05-02 21:00:00,11.9,85.0,3.6,1011.3
2024-05-02 22:00:00,12.0,82.0,0.0,1011.0
2024-05-02 23:00:00,11.0,82.0,0.0,1010.0
2024-05-03 00:00:00,10.5,92.0,7.6,1009.9
2024-05-03 01:00:00,9.0,94.0,7.6,1009.0
2024-05-03 02:00:00,10.0,87.0,1.8,1009.0
2024-05-03 03:00:00,8.0,96.0,7.6,1009.1
2024-05-03 04:00:00,9.0,94.0,3.6,1008.0
2024-05-03 05:00:00,10.0,87.0,5.4,1008.0
2024-05-03 06:00:00,11.3,84.0,1.8,1007.7
2024-05-03 07:00:00,12.0,82.0,5.4,1008.0
2024-05-03 08:00:00,12.0,82.0,7.6,1008.0
2024-05-03 09:00:00,11.9,64.0,7.2,1007.4
2024-05-03 10:00:00,12.0,67.0,33.5,1008.0
2024-05-03 11:00:00,11.0,76.0,31.7,1008.0
2024-05-03 12:00:00,9.8,80.0,7.2,1008.0
2024-05-03 13:00:00,11.0,82.0,16.6,1007.0
2024-05-03 14:00:00,12.0,76.0,14.8,1007.0
2024-05-03 15:00:00,11.3,78.0,7.2,1006.8
2024-05-03 16:00:00,12.0,76.0,14.8,1006.0
2024-05-03 17:00:00,12.0,76.0,13.0,1006.0
2024-05-03 18:00:00,10.6,82.0,7.2,1006.4
2024-05-03 19:00:00,11.0,82.0,18.4,1007.0
2024-05-03 20:00:00,10.0,94.0,20.5,1006.0
2024-05-03 21:00:00,9.9,89.0,10.8,1006.6
2024-05-03 22:00:00,11.0,82.0,18.4,1006.0
2024-05-03 23:00:00,10.0,94.0,18.4,1006.0
2024-05-04 00:00:00,9.6,94.0,10.8,1006.3
2024-05-04 01:00:00,10.0,94.0,20.5,1005.0
2024-05-04 02:00:00,10.0,94.0,20.5,1005.0
2024-05-04 03:00:00,9.4,95.0,7.2,1005.8
2024-05-04 04:00:00,10.0,94.0,13.0,1006.0
2024-05-04 05:00:00,10.0,94.0,13.0,1006.0
2024-05-04 06:00:00,9.9,94.0,7.2,1007.1
2024-05-04 07:00:00,12.0,76.0,11.2,1008.0
2024-05-04 08:00:00,13.0,77.0,13.0,1009.0
2024-05-04 09:00:00,12.4,77.0,7.2,1009.2
2024-05-04 10:00:00,13.0,77.0,7.6,1011.0
2024-05-04 11:00:00,14.0,67.0,16.6,1011.0
2024-05-04 12:00:00,14.4,67.0,7.2,1010.0
2024-05-04 13:00:00,14.0,77.0,13.0,1011.0
2024-05-04 14:00:00,15.0,72.0,9.4,1011.0
2024-05-04 15:00:00,14.3,74.0,3.6,1011.0
2024-05-04 16:00:00,12.0,82.0,7.6,1013.0
2024-05-04 17:00:00,12.0,82.0,7.6,1014.0
2024-05-04 18:00:00,10.7,95.0,3.6,1013.6
2024-05-04 19:00:00,11.0,88.0,7.6,1015.0
2024-05-04 20:00:00,11.0,94.0,9.4,1016.0
2024-05-04 21:00:00,10.3,96.0,3.6,1015.8
2024-05-04 22:00:00,10.0,94.0,5.4,1016.0
2024-05-04 23:00:00,8.0,93.0,7.6,1016.0
2024-05-05 00:00:00,7.2,97.0,3.6,1017.3
2024-05-05 01:00:00,8.0,93.0,5.4,1017.0
2024-05-05 02:00:00,6.0,100.0,1.8,1017.0
2024-05-05 03:00:00,5.9,99.0,3.6,1018.4
2024-05-05 04:00:00,6.0,93.0,3.6,1018.0
2024-05-05 05:00:00,7.0,100.0,3.6,1019.0
2024-05-05 06:00:00,9.2,94.0,3.6,1018.9
2024-05-05 07:00:00,9.0,100.0,3.6,1019.0
2024-05-05 08:00:00,13.0,82.0,7.6,1019.0
2024-05-05 09:00:00,15.4,63.0,3.6,1016.9
2024-05-05 10:00:00,18.0,49.0,7.6,1018.0
2024-05-05 11:00:00,19.0,49.0,7.6,1017.0
2024-05-05 12:00:00,19.4,45.0,7.2,1014.8
2024-05-05 13:00:00,21.0,40.0,5.4,1016.0
2024-05-05 14:00:00,21.0,40.0,9.4,1015.0
2024-05-05 15:00:00,20.7,38.0,7.2,1013.0
2024-05-05 16:00:00,21.0,35.0,3.6,1015.0
2024-05-05 17:00:00,19.0,49.0,7.6,1015.0
2024-05-05 18:00:00,15.3,66.0,3.6,1014.4
2024-05-05 19:00:00,14.0,67.0,3.6,1016.0
2024-05-05 20:00:00,13.0,72.0,9.4,1016.0
2024-05-05 21:00:00,11.7,73.0,3.6,1016.0
2024-05-05 22:00:00,10.0,82.0,7.6,1016.0
2024-05-05 23:00:00,11.0,76.0,7.6,1016.0
2024-05-06 00:00:00,9.4,82.0,3.6,1016.6
2024-05-06 01:00:00,9.0,87.0,0.0,1016.0
2024-05-06 02:00:00,7.0,93.0,3.6,1016.0
2024-05-06 03:00:00,5.9,95.0,3.6,1017.6
2024-05-06 04:00:00,6.0,93.0,3.6,1017.0
2024-05-06 05:00:00,10.0,82.0,3.6,1017.0
2024-05-06 06:00:00,12.2,72.0,3.6,1016.4
2024-05-06 07:00:00,15.0,63.0,3.6,1017.0
2024-05-06 08:00:00,16.0,59.0,5.4,1016.0
2024-05-06 09:00:00,17.8,59.0,3.6,1014.5
2024-05-06 10:00:00,21.0,49.0,5.4,1015.0
2024-05-06 11:00:00,23.0,50.0,5.4,1015.0
2024-05-06 12:00:00,22.6,46.0,7.2,1011.9
2024-05-06 13:00:00,23.0,36.0,7.6,1014.0
2024-05-06 14:00:00,22.0,38.0,14.8,1013.0
2024-05-06 15:00:00,22.7,43.0,3.6,1011.1
2024-05-06 16:00:00,22.0,41.0,9.4,1013.0
2024-05-06 17:00:00,21.0,46.0,7.6,1013.0
2024-05-06 18:00:00,18.9,54.0,3.6,1011.5
2024-05-06 19:00:00,16.0,68.0,20.5,1014.0
2024-05-06 20:00:00,15.0,67.0,14.8,1015.0
2024-05-06 21:00:00,13.8,79.0,3.6,1013.7
2024-05-06 22:00:00,12.0,82.0,7.6,1015.0
2024-05-06 23:00:00,11.0,88.0,1.8,1015.0
2024-05-07 00:00:00,10.1,96.0,7.6,1014.7
2024-05-07 01:00:00,9.0,94.0,3.6,1015.0
2024-05-07 02:00:00,9.0,94.0,0.0,1015.0
2024-05-07 03:00:00,8.7,95.0,3.6,1015.5
2024-05-07 04:00:00,9.0,94.0,3.6,1015.0
2024-05-07 05:00:00,11.0,88.0,7.6,1016.0
2024-05-07 06:00:00,13.3,81.0,3.6,1014.9
2024-05-07 07:00:00,17.0,63.0,3.6,1015.0
2024-05-07 08:00:00,18.0,60.0,9.4,1015.0
2024-05-07 09:00:00,19.7,61.0,3.6,1013.0
2024-05-07 10:00:00,23.0,44.0,9.4,1014.0
2024-05-07 11:00:00,24.0,36.0,9.4,1014.0
2024-05-07 12:00:00,24.0,41.0,7.2,1010.6
2024-05-07 13:00:00,25.0,30.0,7.6,1013.0
2024-05-07 14:00:00,25.0,30.0,9.4,1012.0
2024-05-07 15:00:00,23.7,42.0,7.2,1009.9
2024-05-07 16:00:00,24.0,38.0,7.6,1013.0
2024-05-07 17:00:00,22.0,47.0,11.0,1013.0
2024-05-07 18:00:00,20.5,51.0,4.0,1010.9
2024-05-07 19:00:00,19.0,56.0,3.6,1015.0
2024-05-07 20:00:00,17.0,63.0,5.4,1015.0
2024-05-07 21:00:00,17.3,59.0,3.6,1013.4
2024-05-07 22:00:00,16.0,72.0,7.6,1015.0
2024-05-07 23:00:00,14.0,82.0,3.6,1016.0
2024-05-08 00:00:00,14.2,78.0,4.0,1014.8
2024-05-08 01:00:00,12.0,88.0,5.4,1016.0
2024-05-08 02:00:00,12.0,88.0,9.4,1016.0
2024-05-08 03:00:00,12.2,85.0,7.2,1015.3
2024-05-08 04:00:00,12.0,94.0,3.6,1016.0
2024-05-08 05:00:00,13.0,88.0,9.4,1016.0
2024-05-08 06:00:00,15.6,77.0,1.8,1014.5
2024-05-08 07:00:00,18.0,64.0,3.6,1016.0
2024-05-08 08:00:00,20.0,60.0,3.6,1016.0
2024-05-08 09:00:00,20.5,60.0,4.0,1013.4
2024-05-08 10:00:00,23.0,44.0,3.6,1015.0
2024-05-08 11:00:00,24.0,47.0,11.2,1015.0
2024-05-08 12:00:00,21.7,54.0,3.6,1012.2
2024-05-08 13:00:00,19.0,64.0,27.7,1016.0
2024-05-08 14:00:00,17.0,77.0,15.0,1016.0
2024-05-08 15:00:00,17.4,80.0,7.2,1014.2
2024-05-08 16:00:00,17.0,77.0,20.5,1015.0
2024-05-08 17:00:00,16.0,82.0,13.0,1015.0
2024-05-08 18:00:00,15.0,82.0,14.8,1014.4
2024-05-08 19:00:00,15.0,82.0,13.0,1016.0
2024-05-08 20:00:00,16.0,82.0,17.0,1017.0
2024-05-08 21:00:00,15.6,84.0,10.8,1015.8
2024-05-08 22:00:00,16.0,82.0,25.9,1017.0
2024-05-08 23:00:00,15.0,88.0,25.9,1017.0
2024-05-09 00:00:00,14.6,86.0,7.2,1015.7
2024-05-09 01:00:00,14.0,88.0,20.5,1016.0
2024-05-09 02:00:00,14.0,88.0,14.8,1017.0
2024-05-09 03:00:00,13.5,93.0,3.6,1016.0
2024-05-09 04:00:00,14.0,94.0,11.2,1016.0
2024-05-09 05:00:00,14.0,94.0,11.2,1017.0
2024-05-09 06:00:00,14.4,90.0,7.2,1015.6
2024-05-09 07:00:00,15.0,88.0,9.4,1017.0
2024-05-09 08:00:00,14.0,94.0,14.8,1017.0
2024-05-09 09:00:00,13.4,96.0,3.6,1016.4
2024-05-09 10:00:00,15.0,88.0,5.4,1017.0
2024-05-09 11:00:00,15.0,88.0,5.4,1017.0
2024-05-09 12:00:00,14.6,86.0,7.2,1016.3
2024-05-09 13:00:00,16.0,72.0,18.4,1017.0
2024-05-09 14:00:00,13.0,82.0,13.0,1017.0
2024-05-09 15:00:00,12.5,92.0,7.2,1016.6
2024-05-09 16:00:00,12.0,88.0,9.4,1018.0
2024-05-09 17:00:00,11.0,88.0,3.6,1018.0
2024-05-09 18:00:00,10.5,94.0,7.6,1017.8
2024-05-09 19:00:00,11.0,88.0,1.8,1019.0
2024-05-09 20:00:00,11.0,94.0,5.4,1019.0
2024-05-09 21:00:00,10.3,96.0,3.6,1018.9
2024-05-09 22:00:00,10.0,94.0,1.8,1019.0
2024-05-09 23:00:00,10.0,94.0,7.6,1019.0
2024-05-10 00:00:00,9.6,96.0,3.6,1019.2
2024-05-10 01:00:00,10.0,94.0,5.4,1019.0
2024-05-10 02:00:00,10.0,94.0,3.6,1019.0
2024-05-10 03:00:00,9.6,95.0,3.6,1018.9
2024-05-10 04:00:00,10.0,94.0,5.4,1019.0
2024-05-10 05:00:00,11.0,88.0,1.8,1019.0
2024-05-10 06:00:00,10.4,89.0,3.6,1019.0
2024-05-10 07:00:00,11.0,82.0,16.6,1019.0
2024-05-10 08:00:00,11.0,82.0,14.8,1019.0
2024-05-10 09:00:00,10.5,86.0,10.8,1019.1
2024-05-10 10:00:00,11.0,82.0,0.0,1020.0
2024-05-10 11:00:00,11.0,88.0,5.4,1019.0
2024-05-10 12:00:00,11.4,81.0,3.6,1018.9
2024-05-10 13:00:00,13.0,77.0,9.4,1019.0
2024-05-10 14:00:00,13.0,72.0,9.4,1018.0
2024-05-10 15:00:00,12.4,69.0,7.2,1018.2
2024-05-10 16:00:00,12.0,72.0,20.5,1018.0
2024-05-10 17:00:00,12.0,72.0,13.0,1018.0
2024-05-10 18:00:00,10.6,85.0,3.6,1018.4
2024-05-10 19:00:00,11.0,82.0,5.4,1018.0
2024-05-10 20:00:00,9.0,94.0,3.6,1018.0
2024-05-10 21:00:00,8.9,91.0,0.0,1018.9
2024-05-10 22:00:00,7.0,93.0,0.0,1019.0
2024-05-10 23:00:00,7.0,93.0,0.0,1018.0
2024-05-11 00:00:00,7.0,99.0,3.6,1019.3
2024-05-11 01:00:00,7.0,87.0,3.6,1018.0
2024-05-11 02:00:00,7.0,93.0,5.4,1018.0
2024-05-11 03:00:00,6.5,99.0,3.6,1019.1
2024-05-11 04:00:00,7.0,93.0,7.6,1018.0
2024-05-11 05:00:00,9.0,87.0,5.4,1018.0
2024-05-11 06:00:00,12.7,71.0,3.6,1017.9
2024-05-11 07:00:00,14.0,63.0,5.4,1018.0
2024-05-11 08:00:00,15.0,55.0,5.4,1018.0
2024-05-11 09:00:00,15.5,49.0,7.2,1017.3
2024-05-11 10:00:00,18.0,40.0,11.2,1018.0
2024-05-11 11:00:00,18.0,42.0,14.8,1018.0
2024-05-11 12:00:00,17.8,41.0,7.2,1016.4
2024-05-11 13:00:00,18.0,42.0,5.4,1017.0
2024-05-11 14:00:00,20.0,35.0,7.6,1017.0
2024-05-11 15:00:00,18.7,39.0,7.2,1015.4
2024-05-11 16:00:00,19.0,37.0,9.4,1017.0
2024-05-11 17:00:00,17.0,45.0,13.0,1017.0
2024-05-11 18:00:00,13.4,61.0,3.6,1016.6
2024-05-11 19:00:00,12.0,67.0,7.6,1018.0
2024-05-11 20:00:00,11.0,66.0,9.4,1018.0
2024-05-11 21:00:00,8.3,81.0,3.6,1018.4
2024-05-11 22:00:00,9.0,76.0,5.4,1018.0
2024-05-11 23:00:00,7.0,87.0,7.6,1018.0
2024-05-12 00:00:00,5.9,86.0,3.6,1019.2
2024-05-12 01:00:00,6.0,93.0,3.6,1018.0
2024-05-12 02:00:00,5.0,93.0,3.6,1018.0
2024-05-12 03:00:00,5.0,89.0,7.6,1019.5
2024-05-12 04:00:00,7.0,87.0,5.4,1018.0
2024-05-12 05:00:00,9.0,76.0,0.0,1018.0
2024-05-12 06:00:00,10.3,74.0,7.2,1018.1
2024-05-12 07:00:00,13.0,67.0,0.0,1018.0
2024-05-12 08:00:00,16.0,59.0,1.8,1018.0
2024-05-12 09:00:00,17.4,55.0,7.2,1015.9
2024-05-12 10:00:00,19.0,49.0,5.4,1017.0
2024-05-12 11:00:00,20.0,46.0,5.4,1016.0
2024-05-12 12:00:00,13.9,73.0,10.8,1015.8
2024-05-12 13:00:00,17.0,55.0,14.8,1017.0
2024-05-12 14:00:00,17.0,55.0,20.5,1017.0
2024-05-12 15:00:00,16.3,61.0,10.8,1015.3
2024-05-12 16:00:00,17.0,55.0,0.0,1016.0
2024-05-12 17:00:00,15.0,72.0,9.4,1016.0
2024-05-12 18:00:00,14.2,73.0,7.2,1016.0
2024-05-12 19:00:00,13.0,82.0,13.0,1018.0
2024-05-12 20:00:00,12.0,82.0,7.6,1018.0
2024-05-12 21:00:00,11.3,90.0,3.6,1018.0
2024-05-12 22:00:00,12.0,88.0,7.6,1018.0
2024-05-12 23:00:00,11.0,94.0,5.4,1018.0
2024-05-13 00:00:00,11.0,94.0,3.6,1017.7
2024-05-13 01:00:00,10.0,94.0,11.2,1018.0
2024-05-13 02:00:00,10.0,94.0,9.4,1018.0
2024-05-13 03:00:00,10.1,94.0,3.6,1018.7
2024-05-13 04:00:00,10.0,87.0,7.6,1019.0
2024-05-13 05:00:00,11.0,88.0,7.6,1019.0
2024-05-13 06:00:00,11.8,84.0,7.2,1018.6
2024-05-13 07:00:00,14.0,63.0,5.4,1019.0
2024-05-13 08:00:00,15.0,63.0,5.4,1019.0
2024-05-13 09:00:00,14.3,60.0,3.6,1018.2
2024-05-13 10:00:00,17.0,52.0,5.4,1018.0
2024-05-13 11:00:00,16.0,45.0,7.6,1017.1
2024-05-13 12:00:00,16.9,48.0,3.6,1016.7
2024-05-13 13:00:00,18.0,42.0,7.6,1017.0
2024-05-13 14:00:00,18.0,49.0,14.8,1017.0
2024-05-13 15:00:00,17.4,50.0,3.6,1015.8
2024-05-13 16:00:00,17.0,48.0,11.2,1017.0
2024-05-13 17:00:00,16.0,55.0,13.0,1017.0
2024-05-13 18:00:00,14.0,66.0,7.2,1016.1
2024-05-13 19:00:00,11.0,82.0,16.6,1017.0
2024-05-13 20:00:00,11.0,82.0,20.5,1017.0
2024-05-13 21:00:00,11.1,78.0,7.2,1016.8
2024-05-13 22:00:00,10.0,82.0,20.5,1017.0
2024-05-13 23:00:00,9.0,87.0,18.4,1017.0
2024-05-14 00:00:00,8.8,86.0,18.4,1017.2
2024-05-14 01:00:00,9.0,82.0,18.4,1017.0
2024-05-14 02:00:00,8.0,87.0,18.4,1017.0
2024-05-14 03:00:00,7.2,89.0,3.6,1017.5
2024-05-14 04:00:00,8.0,87.0,18.4,1017.0
2024-05-14 05:00:00,10.0,82.0,16.6,1017.0
2024-05-14 06:00:00,10.0,80.0,7.2,1017.1
2024-05-14 07:00:00,12.0,72.0,11.2,1017.0
2024-05-14 08:00:00,14.0,63.0,11.2,1016.0
2024-05-14 09:00:00,13.6,69.0,3.6,1015.6
2024-05-14 10:00:00,16.0,59.0,5.4,1016.0
2024-05-14 11:00:00,17.0,55.0,7.6,1015.0
2024-05-14 12:00:00,15.8,67.0,3.6,1013.7
2024-05-14 13:00:00,18.0,56.0,7.6,1014.0
2024-05-14 14:00:00,18.0,56.0,7.6,1014.0
2024-05-14 15:00:00,16.9,62.0,7.2,1012.3
2024-05-14 16:00:00,2.0,82.0,14.8,1014.0
2024-05-14 17:00:00,11.0,94.0,27.7,1015.0
2024-05-14 18:00:00,10.5,94.0,3.6,1015.6
2024-05-14 19:00:00,11.0,94.0,9.4,1017.0
2024-05-14 20:00:00,11.0,94.0,7.6,1017.0
2024-05-14 21:00:00,10.1,96.0,3.6,1016.7
2024-05-14 22:00:00,11.0,94.0,3.6,1017.0
2024-05-14 23:00:00,11.0,94.0,5.4,1016.0
2024-05-15 00:00:00,10.3,97.0,3.6,1016.3
2024-05-15 01:00:00,11.0,94.0,11.2,1016.0
2024-05-15 02:00:00,11.0,88.0,11.2,1016.0
2024-05-15 03:00:00,10.0,96.0,3.6,1016.2
2024-05-15 04:00:00,10.0,94.0,13.0,1016.0
2024-05-15 05:00:00,10.0,94.0,13.0,1016.0
2024-05-15 06:00:00,9.9,95.0,7.2,1016.8
2024-05-15 07:00:00,10.0,94.0,18.4,1018.0
2024-05-15 08:00:00,10.0,87.0,18.4,1018.0
2024-05-15 09:00:00,9.6,96.0,10.8,1018.1
2024-05-15 10:00:00,11.0,82.0,25.9,1019.0
2024-05-15 11:00:00,11.0,82.0,24.1,1019.0
2024-05-15 12:00:00,9.4,88.0,10.8,1018.7
2024-05-15 13:00:00,10.0,87.0,22.3,1019.0
2024-05-15 14:00:00,10.0,87.0,27.7,1019.0
2024-05-15 15:00:00,9.2,90.0,10.8,1019.0
2024-05-15 16:00:00,9.0,87.0,29.5,1019.0
2024-05-15 17:00:00,9.0,87.0,25.9,1019.0
2024-05-15 18:00:00,8.5,90.0,7.2,1019.5
2024-05-15 19:00:00,9.0,87.0,22.3,1020.0
2024-05-15 20:00:00,9.0,87.0,24.1,1020.0
2024-05-15 21:00:00,8.2,92.0,7.2,1020.5
2024-05-15 22:00:00,9.0,87.0,14.8,1020.0
2024-05-15 23:00:00,9.0,87.0,13.0,1020.0
2024-05-16 00:00:00,8.5,90.0,3.6,1020.3
2024-05-16 01:00:00,9.0,87.0,11.2,1020.0
2024-05-16 02:00:00,9.0,87.0,18.4,1020.0
2024-05-16 03:00:00,8.5,95.0,3.6,1020.0
2024-05-16 04:00:00,9.0,94.0,22.3,1020.0
2024-05-16 05:00:00,10.0,87.0,20.5,1020.0
2024-05-16 06:00:00,9.3,92.0,7.2,1020.0
2024-05-16 07:00:00,11.0,88.0,25.9,1021.0
2024-05-16 08:00:00,11.0,88.0,22.3,1021.0
2024-05-16 09:00:00,10.9,85.0,7.2,1020.8
2024-05-16 10:00:00,11.0,82.0,22.3,1021.0
2024-05-16 11:00:00,11.0,82.0,24.1,1021.0
2024-05-16 12:00:00,11.5,81.0,7.2,1020.6
2024-05-16 13:00:00,12.0,82.0,29.5,1020.0
2024-05-16 14:00:00,11.0,88.0,20.5,1021.0
2024-05-16 15:00:00,10.0,94.0,7.2,1020.4
2024-05-16 16:00:00,11.0,88.0,27.7,1019.0
2024-05-16 17:00:00,11.0,88.0,20.5,1019.0
2024-05-16 18:00:00,10.1,94.0,3.6,1019.7
2024-05-16 19:00:00,11.0,88.0,16.6,1019.0
2024-05-16 20:00:00,11.0,88.0,7.6,1020.0
2024-05-16 21:00:00,10.2,95.0,3.6,1020.1
2024-05-16 22:00:00,11.0,88.0,13.0,1019.0
2024-05-16 23:00:00,11.0,88.0,11.2,1019.0
2024-05-17 00:00:00,10.3,92.0,3.6,1018.8
2024-05-17 01:00:00,11.0,88.0,11.2,1019.0
2024-05-17 02:00:00,11.0,82.0,18.4,1018.0
2024-05-17 03:00:00,10.1,89.0,7.2,1017.8
2024-05-17 04:00:00,10.0,82.0,24.1,1018.0
2024-05-17 05:00:00,11.0,82.0,27.7,1018.0
2024-05-17 06:00:00,10.3,89.0,7.2,1018.0
2024-05-17 07:00:00,11.0,82.0,29.5,1018.0
2024-05-17 08:00:00,12.0,76.0,27.7,1019.0
2024-05-17 09:00:00,12.5,78.0,10.8,1017.9
2024-05-17 10:00:00,15.0,67.0,24.1,1018.0
2024-05-17 11:00:00,15.0,67.0,20.5,1018.0
2024-05-17 12:00:00,15.7,67.0,7.2,1016.7
2024-05-17 13:00:00,17.0,63.0,20.5,1018.0
2024-05-17 14:00:00,17.0,68.0,16.6,1017.0
2024-05-17 15:00:00,16.6,66.0,7.2,1015.8
2024-05-17 16:00:00,17.0,63.0,18.4,1017.0
2024-05-17 17:00:00,15.0,72.0,20.5,1017.0
2024-05-17 18:00:00,13.7,78.0,7.2,1016.5
2024-05-17 19:00:00,12.0,88.0,14.8,1018.0
2024-05-17 20:00:00,12.0,88.0,14.8,1018.0
2024-05-17 21:00:00,11.3,87.0,7.2,1017.4
2024-05-17 22:00:00,11.0,94.0,9.4,1018.0
2024-05-17 23:00:00,12.0,88.0,14.8,1017.0
2024-05-18 00:00:00,9.0,70.0,7.6,1017.8
2024-05-18 01:00:00,11.0,88.0,5.4,1017.0
2024-05-18 02:00:00,9.0,94.0,3.6,1017.0
2024-05-18 03:00:00,8.7,97.0,3.6,1017.8
2024-05-18 04:00:00,9.0,94.0,5.4,1018.0
2024-05-18 05:00:00,12.0,88.0,5.4,1018.0
2024-05-18 06:00:00,14.1,82.0,3.6,1017.5
2024-05-18 07:00:00,16.0,72.0,3.6,1019.0
2024-05-18 08:00:00,17.0,72.0,5.4,1019.0
2024-05-18 09:00:00,18.0,69.0,3.6,1017.0
2024-05-18 10:00:00,20.0,60.0,5.4,1018.0
2024-05-18 11:00:00,22.0,53.0,7.6,1018.0
2024-05-18 12:00:00,22.4,53.0,7.2,1014.7
2024-05-18 13:00:00,25.0,41.0,7.6,1016.0
2024-05-18 14:00:00,24.0,44.0,5.4,1016.0
2024-05-18 15:00:00,24.3,46.0,3.6,1012.0
2024-05-18 16:00:00,24.0,44.0,5.4,1014.0
2024-05-18 17:00:00,21.0,69.0,13.0,1015.0
2024-05-18 18:00:00,19.7,70.0,7.2,1012.8
2024-05-18 19:00:00,17.0,82.0,14.8,1016.0
2024-05-18 20:00:00,16.0,88.0,16.6,1016.0
2024-05-18 21:00:00,15.9,87.0,3.6,1014.4
2024-05-18 22:00:00,16.0,88.0,13.0,1016.0
2024-05-18 23:00:00,16.0,88.0,13.0,1016.0
2024-05-19 00:00:00,15.4,91.0,11.2,1014.2
2024-05-19 01:00:00,16.0,88.0,7.6,1014.0
2024-05-19 02:00:00,15.0,94.0,7.6,1014.0
2024-05-19 03:00:00,15.3,93.0,7.2,1013.4
2024-05-19 04:00:00,15.0,94.0,9.4,1015.0
2024-05-19 05:00:00,15.0,94.0,11.2,1015.0
2024-05-19 06:00:00,14.9,96.0,3.6,1013.8
2024-05-19 07:00:00,15.0,94.0,11.2,1015.0
2024-05-19 08:00:00,16.0,88.0,7.6,1016.0
2024-05-19 09:00:00,15.3,91.0,7.2,1014.4
2024-05-19 10:00:00,15.0,94.0,13.0,1016.0
2024-05-19 11:00:00,16.0,88.0,13.0,1016.0
2024-05-19 12:00:00,15.9,91.0,3.6,1014.8
2024-05-19 13:00:00,16.0,88.0,11.2,1016.0
2024-05-19 14:00:00,16.0,88.0,16.6,1016.0
2024-05-19 15:00:00,16.4,88.0,3.6,1014.3
2024-05-19 16:00:00,17.0,82.0,14.8,1015.0
2024-05-19 17:00:00,17.0,77.0,16.6,1015.0
2024-05-19 18:00:00,15.4,84.0,7.2,1013.9
2024-05-19 19:00:00,14.0,88.0,16.6,1015.0
2024-05-19 20:00:00,13.0,94.0,18.4,1015.0
2024-05-19 21:00:00,12.8,93.0,7.2,1014.9
2024-05-19 22:00:00,13.0,88.0,9.4,1015.0
2024-05-19 23:00:00,12.0,94.0,9.4,1015.0
2024-05-20 00:00:00,13.2,92.0,3.6,1014.6
2024-05-20 01:00:00,13.0,94.0,11.2,1015.0
2024-05-20 02:00:00,13.0,94.0,9.4,1015.0
2024-05-20 03:00:00,12.8,96.0,3.6,1014.5
2024-05-20 04:00:00,14.0,88.0,3.6,1015.0
2024-05-20 05:00:00,14.0,88.0,3.6,1016.0
2024-05-20 06:00:00,13.5,96.0,3.6,1015.2
2024-05-20 07:00:00,14.0,94.0,9.4,1016.0
2024-05-20 08:00:00,15.0,88.0,5.4,1016.0
2024-05-20 09:00:00,14.6,96.0,7.2,1014.8
2024-05-20 10:00:00,18.0,78.0,16.6,1016.0
2024-05-20 11:00:00,19.0,78.0,18.4,1016.0
2024-05-20 12:00:00,17.9,78.0,10.8,1013.9
2024-05-20 13:00:00,19.0,73.0,22.3,1016.0
2024-05-20 14:00:00,19.0,73.0,22.3,1016.0
2024-05-20 15:00:00,18.3,77.0,7.2,1013.7
2024-05-20 16:00:00,19.0,73.0,24.1,1015.0
2024-05-20 17:00:00,17.0,77.0,22.3,1015.0
2024-05-20 18:00:00,16.1,82.0,7.2,1014.5
2024-05-20 19:00:00,16.0,82.0,18.4,1016.0
2024-05-20 20:00:00,16.0,82.0,22.3,1017.0
2024-05-20 21:00:00,15.1,86.0,7.2,1015.7
2024-05-20 22:00:00,14.0,94.0,14.8,1017.0
2024-05-20 23:00:00,15.0,88.0,16.6,1016.0
2024-05-21 00:00:00,14.4,91.0,18.4,1015.5
2024-05-21 01:00:00,14.0,88.0,20.5,1016.0
2024-05-21 02:00:00,14.0,77.0,16.6,1016.0
2024-05-21 03:00:00,13.8,85.0,3.6,1015.5
2024-05-21 04:00:00,14.0,72.0,22.3,1016.0
2024-05-21 05:00:00,15.0,67.0,20.5,1016.0
2024-05-21 06:00:00,15.9,73.0,7.2,1015.2
2024-05-21 07:00:00,18.0,60.0,25.9,1017.0
2024-05-21 08:00:00,18.0,60.0,31.7,1017.0
2024-05-21 09:00:00,19.2,63.0,10.8,1014.2
2024-05-21 10:00:00,20.0,60.0,31.7,1017.0
2024-05-21 11:00:00,20.0,60.0,29.5,1016.0
2024-05-21 12:00:00,19.9,62.0,10.8,1013.4
2024-05-21 13:00:00,20.0,60.0,35.3,1015.0
2024-05-21 14:00:00,21.0,60.0,29.5,1015.0
2024-05-21 15:00:00,20.3,63.0,10.8,1012.2
2024-05-21 16:00:00,19.0,68.0,27.7,1014.0
2024-05-21 17:00:00,18.0,73.0,24.1,1014.0
2024-05-21 18:00:00,17.2,73.0,10.8,1012.5
2024-05-21 19:00:00,16.0,82.0,17.0,1014.0
2024-05-21 20:00:00,17.0,72.0,7.6,1015.0
2024-05-21 21:00:00,17.2,72.0,7.2,1013.1
2024-05-21 22:00:00,15.0,88.0,20.5,1014.0
2024-05-21 23:00:00,14.0,88.0,11.2,1013.0
2024-05-22 00:00:00,14.7,82.0,10.8,1012.1
2024-05-22 01:00:00,13.0,82.0,11.2,1013.0
2024-05-22 02:00:00,11.0,94.0,11.2,1013.0
2024-05-22 03:00:00,11.6,96.0,3.6,1013.2
2024-05-22 04:00:00,12.0,82.0,9.4,1014.0
2024-05-22 05:00:00,12.0,88.0,11.2,1014.0
2024-05-22 06:00:00,14.8,79.0,7.2,1012.6
2024-05-22 07:00:00,17.0,63.0,7.6,1014.0
2024-05-22 08:00:00,19.0,60.0,5.4,1014.0
2024-05-22 09:00:00,19.5,66.0,7.2,1011.5
2024-05-22 10:00:00,22.0,60.0,3.6,1012.0
2024-05-22 11:00:00,24.0,57.0,9.4,1012.0
2024-05-22 12:00:00,21.2,65.0,7.2,1009.8
2024-05-22 13:00:00,23.0,61.0,13.0,1010.0
2024-05-22 14:00:00,13.0,94.0,27.7,1011.0
2024-05-22 15:00:00,13.3,94.0,7.2,1010.2
2024-05-22 16:00:00,4.0,94.0,24.1,1013.0
2024-05-22 17:00:00,14.0,88.0,16.6,1013.0
2024-05-22 18:00:00,13.8,89.0,7.2,1011.7
2024-05-22 19:00:00,13.0,94.0,1.8,1013.0
2024-05-22 20:00:00,12.0,100.0,3.6,1013.0
2024-05-22 21:00:00,12.2,97.0,3.6,1012.7
2024-05-22 22:00:00,13.0,94.0,9.4,1014.0
2024-05-22 23:00:00,12.0,94.0,3.6,1014.0
2024-05-23 00:00:00,10.4,97.0,5.4,1013.6
2024-05-23 01:00:00,12.0,94.0,0.0,1013.0
2024-05-23 02:00:00,12.0,100.0,3.6,1013.0
2024-05-23 03:00:00,12.3,97.0,3.6,1013.1
2024-05-23 04:00:00,12.0,100.0,5.4,1014.0
2024-05-23 05:00:00,14.0,88.0,14.8,1014.0
2024-05-23 06:00:00,14.9,85.0,7.2,1013.6
2024-05-23 07:00:00,16.0,82.0,20.5,1015.0
2024-05-23 08:00:00,17.0,68.0,25.9,1015.0
2024-05-23 09:00:00,18.0,64.0,10.8,1012.9
2024-05-23 10:00:00,20.0,56.0,27.7,1014.0
2024-05-23 11:00:00,19.0,56.0,25.9,1015.0
2024-05-23 12:00:00,19.9,54.0,14.4,1012.4
2024-05-23 13:00:00,18.0,68.0,13.0,1015.0
2024-05-23 14:00:00,19.0,64.0,11.2,1015.0
2024-05-23 15:00:00,18.3,65.0,7.2,1013.0
2024-05-23 16:00:00,18.0,64.0,11.2,1015.0
2024-05-23 17:00:00,18.0,64.0,5.4,1015.0
2024-05-23 18:00:00,16.4,76.0,3.6,1013.8
2024-05-23 19:00:00,14.0,82.0,5.4,1016.0
2024-05-23 20:00:00,14.0,82.0,5.4,1017.0
2024-05-23 21:00:00,14.5,80.0,3.6,1015.5
2024-05-23 22:00:00,13.0,88.0,7.6,1017.0
2024-05-23 23:00:00,13.0,88.0,5.4,1017.0
2024-05-24 00:00:00,14.2,80.0,3.6,1016.2
2024-05-24 01:00:00,13.0,88.0,9.4,1017.0
2024-05-24 02:00:00,13.0,88.0,9.4,1017.0
2024-05-24 03:00:00,14.1,82.0,3.6,1016.2
2024-05-24 04:00:00,14.0,82.0,11.2,1018.0
2024-05-24 05:00:00,15.0,82.0,7.6,1018.0
2024-05-24 06:00:00,15.4,74.0,7.2,1017.1
2024-05-24 07:00:00,17.0,68.0,11.2,1019.0
2024-05-24 08:00:00,18.0,64.0,9.4,1019.0
2024-05-24 09:00:00,18.5,62.0,7.2,1016.9
2024-05-24 10:00:00,19.0,56.0,5.4,1019.0
2024-05-24 11:00:00,20.0,56.0,7.6,1019.0
2024-05-24 12:00:00,19.7,57.0,7.2,1016.5
2024-05-24 13:00:00,21.0,53.0,7.6,1018.0
2024-05-24 14:00:00,22.0,46.0,3.6,1018.0
2024-05-24 15:00:00,20.4,56.0,3.6,1016.0
2024-05-24 16:00:00,19.0,73.0,14.8,1019.0
2024-05-24 17:00:00,19.0,64.0,3.6,1019.0
2024-05-24 18:00:00,17.0,76.0,3.6,1017.2
2024-05-24 19:00:00,17.0,72.0,7.6,1019.0
2024-05-24 20:00:00,14.0,88.0,5.4,1019.0
2024-05-24 21:00:00,12.3,92.0,7.6,1018.6
2024-05-24 22:00:00,12.0,94.0,0.0,1020.0
2024-05-24 23:00:00,11.0,94.0,1.8,1020.0
2024-05-25 00:00:00,9.9,96.0,3.6,1019.6
2024-05-25 01:00:00,10.0,94.0,0.0,1020.0
2024-05-25 02:00:00,10.0,94.0,5.4,1019.0
2024-05-25 03:00:00,9.7,95.0,3.6,1019.7
2024-05-25 04:00:00,11.0,88.0,5.4,1020.0
2024-05-25 05:00:00,12.0,94.0,5.4,1020.0
2024-05-25 06:00:00,14.8,80.0,3.6,1018.6
2024-05-25 07:00:00,17.0,77.0,3.6,1020.0
2024-05-25 08:00:00,20.0,60.0,13.0,1019.0
2024-05-25 09:00:00,21.0,52.0,7.2,1016.6
2024-05-25 10:00:00,24.0,31.0,16.6,1019.0
2024-05-25 11:00:00,24.0,34.0,20.5,1018.0
2024-05-25 12:00:00,23.8,30.0,10.8,1015.4
2024-05-25 13:00:00,22.0,50.0,24.1,1018.0
2024-05-25 14:00:00,23.0,44.0,25.9,1017.0
2024-05-25 15:00:00,21.9,47.0,14.4,1014.7
2024-05-25 16:00:00,22.0,43.0,18.4,1016.0
2024-05-25 17:00:00,20.0,52.0,18.4,1016.0
2024-05-25 18:00:00,19.1,58.0,7.2,1015.0
2024-05-25 19:00:00,17.0,68.0,11.2,1018.0
2024-05-25 20:00:00,16.0,72.0,18.4,1018.0
2024-05-25 21:00:00,14.1,82.0,3.6,1017.0
2024-05-25 22:00:00,13.0,82.0,13.0,1018.0
2024-05-25 23:00:00,15.0,82.0,13.0,1018.0
2024-05-26 00:00:00,14.6,76.0,7.2,1017.1
2024-05-26 01:00:00,15.0,67.0,24.1,1018.0
2024-05-26 02:00:00,13.0,77.0,16.6,1018.0
2024-05-26 03:00:00,12.4,81.0,3.6,1017.6
2024-05-26 04:00:00,13.0,82.0,9.4,1018.0
2024-05-26 05:00:00,14.0,77.0,11.2,1018.0
2024-05-26 06:00:00,15.8,68.0,7.2,1017.3
2024-05-26 07:00:00,18.0,64.0,9.4,1019.0
2024-05-26 08:00:00,20.0,52.0,7.6,1018.0
2024-05-26 09:00:00,20.4,46.0,10.8,1016.1
2024-05-26 10:00:00,22.0,43.0,20.5,1018.0
2024-05-26 11:00:00,21.0,43.0,16.6,1018.0
2024-05-26 12:00:00,21.5,46.0,10.8,1015.9
2024-05-26 13:00:00,22.0,41.0,18.4,1018.0
2024-05-26 14:00:00,23.0,38.0,14.8,1018.0
2024-05-26 15:00:00,21.0,45.0,10.8,1015.7
2024-05-26 16:00:00,21.0,43.0,14.8,1018.0
2024-05-26 17:00:00,20.0,46.0,16.6,1018.0
2024-05-26 18:00:00,18.8,54.0,3.6,1017.0
2024-05-26 19:00:00,17.0,55.0,11.2,1019.0
2024-05-26 20:00:00,14.0,67.0,11.2,1020.0
2024-05-26 21:00:00,15.4,66.0,7.2,1018.9
2024-05-26 22:00:00,12.0,88.0,13.0,1020.0
2024-05-26 23:00:00,13.0,77.0,9.4,1020.0
2024-05-27 00:00:00,12.7,79.0,7.2,1019.5
2024-05-27 01:00:00,10.0,82.0,7.6,1020.0
2024-05-27 02:00:00,8.0,93.0,1.8,1020.0
2024-05-27 03:00:00,8.0,95.0,5.4,1020.8
2024-05-27 04:00:00,10.0,82.0,0.0,1021.0
2024-05-27 05:00:00,12.0,76.0,0.0,1021.0
2024-05-27 06:00:00,14.1,70.0,3.6,1019.7
2024-05-27 07:00:00,16.0,63.0,5.4,1021.0
2024-05-27 08:00:00,19.0,52.0,5.4,1020.0
2024-05-27 09:00:00,19.7,45.0,7.2,1017.8
2024-05-27 10:00:00,22.0,35.0,9.4,1019.0
2024-05-27 11:00:00,22.0,35.0,11.2,1019.0
2024-05-27 12:00:00,20.7,45.0,7.2,1016.3
2024-05-27 13:00:00,23.0,38.0,20.5,1018.0
2024-05-27 14:00:00,22.0,43.0,25.9,1018.0
2024-05-27 15:00:00,21.9,43.0,14.4,1015.5
2024-05-27 16:00:00,21.0,43.0,14.8,1016.0
2024-05-27 17:00:00,19.0,46.0,22.3,1017.0
2024-05-27 18:00:00,17.5,56.0,7.2,1016.3
2024-05-27 19:00:00,14.0,63.0,5.4,1016.9
2024-05-27 20:00:00,14.0,63.0,0.0,1018.0
2024-05-27 21:00:00,11.9,80.0,3.6,1017.8
2024-05-27 22:00:00,13.0,72.0,9.4,1018.0
2024-05-27 23:00:00,12.0,76.0,9.4,1017.0
2024-05-28 00:00:00,10.2,87.0,0.0,1017.8
2024-05-28 01:00:00,12.0,82.0,7.6,1017.0
2024-05-28 02:00:00,12.0,82.0,3.6,1017.0
2024-05-28 03:00:00,11.7,76.0,3.6,1016.2
2024-05-28 04:00:00,12.0,88.0,7.6,1016.0
2024-05-28 05:00:00,13.0,82.0,7.6,1016.0
2024-05-28 06:00:00,12.6,85.0,5.4,1015.8
2024-05-28 07:00:00,14.0,72.0,5.4,1016.0
2024-05-28 08:00:00,15.0,72.0,9.4,1016.0
2024-05-28 09:00:00,14.4,78.0,3.6,1015.4
2024-05-28 10:00:00,17.0,59.0,5.4,1016.0
2024-05-28 11:00:00,19.0,46.0,5.4,1015.0
2024-05-28 12:00:00,19.0,50.0,3.6,1012.8
2024-05-28 13:00:00,20.0,46.0,7.6,1014.0
2024-05-28 14:00:00,19.0,49.0,14.8,1014.0
2024-05-28 15:00:00,16.4,66.0,10.8,1012.8
2024-05-28 16:00:00,18.0,56.0,9.4,1014.0
2024-05-28 17:00:00,18.0,56.0,5.4,1013.0
2024-05-28 18:00:00,15.0,81.0,3.6,1012.6
2024-05-28 19:00:00,15.0,77.0,5.4,1014.0
2024-05-28 20:00:00,14.0,82.0,3.6,1015.0
2024-05-28 21:00:00,12.0,86.0,3.6,1014.1
2024-05-28 22:00:00,13.0,82.0,7.6,1014.0
2024-05-28 23:00:00,11.0,94.0,3.6,1014.0
2024-05-29 00:00:00,11.7,87.0,5.4,1014.0
2024-05-29 01:00:00,11.0,88.0,1.8,1014.0
2024-05-29 02:00:00,11.0,94.0,0.0,1014.0
2024-05-29 03:00:00,10.3,94.0,3.6,1014.0
2024-05-29 04:00:00,11.0,94.0,3.6,1014.0
2024-05-29 05:00:00,13.0,88.0,1.8,1014.0
2024-05-29 06:00:00,13.2,83.0,3.6,1013.5
2024-05-29 07:00:00,15.0,72.0,7.6,1014.0
2024-05-29 08:00:00,16.0,72.0,5.4,1014.0
2024-05-29 09:00:00,17.3,67.0,3.6,1012.4
2024-05-29 10:00:00,20.0,52.0,7.6,1013.0
2024-05-29 11:00:00,18.0,64.0,14.8,1012.0
2024-05-29 12:00:00,20.1,50.0,7.2,1010.3
2024-05-29 13:00:00,17.0,68.0,7.6,1012.0
2024-05-29 14:00:00,17.0,63.0,7.6,1012.0
2024-05-29 15:00:00,17.3,67.0,3.6,1010.6
2024-05-29 16:00:00,17.0,68.0,7.6,1011.0
2024-05-29 17:00:00,16.0,77.0,5.4,1011.0
2024-05-29 18:00:00,15.8,80.0,0.0,1010.0
2024-05-29 19:00:00,15.0,88.0,7.6,1010.2
2024-05-29 20:00:00,14.0,88.0,5.4,1010.6
2024-05-29 21:00:00,11.8,96.0,0.0,1011.5
2024-05-29 22:00:00,13.0,94.0,7.6,1010.9
2024-05-29 23:00:00,12.0,100.0,3.6,1010.9
2024-05-30 00:00:00,11.9,96.0,3.6,1010.9
2024-05-30 01:00:00,13.0,88.0,3.6,1011.0
2024-05-30 02:00:00,13.0,88.0,11.2,1010.9
2024-05-30 03:00:00,12.3,96.0,5.4,1010.7
2024-05-30 04:00:00,13.0,94.0,5.4,1010.6
2024-05-30 05:00:00,14.0,82.0,3.6,1011.0
2024-05-30 06:00:00,14.2,89.0,3.6,1010.2
2024-05-30 07:00:00,17.0,72.0,3.6,1012.0
2024-05-30 08:00:00,18.0,64.0,9.4,1009.8
2024-05-30 09:00:00,19.5,61.0,3.6,1009.3
2024-05-30 10:00:00,21.0,53.0,7.6,1008.7
2024-05-30 11:00:00,22.0,53.0,11.2,1008.2
2024-05-30 12:00:00,22.6,50.0,7.2,1007.3
2024-05-30 13:00:00,23.0,44.0,9.4,1007.4
2024-05-30 14:00:00,23.0,47.0,5.4,1009.0
2024-05-30 15:00:00,21.5,57.0,7.2,1006.9
2024-05-30 16:00:00,9.0,78.0,9.4,1010.0
2024-05-30 17:00:00,17.0,72.0,7.6,1010.0
2024-05-30 18:00:00,15.0,91.0,7.2,1008.7
2024-05-30 19:00:00,16.0,82.0,14.8,1011.0
2024-05-30 20:00:00,15.0,82.0,11.2,1012.0
2024-05-30 21:00:00,13.9,90.0,3.6,1010.5
2024-05-30 22:00:00,15.0,88.0,7.6,1012.0
2024-05-30 23:00:00,14.0,94.0,3.6,1012.0
2024-05-31 00:00:00,13.4,96.0,3.6,1010.7
2024-05-31 01:00:00,12.0,94.0,5.4,1012.0
2024-05-31 02:00:00,12.0,94.0,3.6,1012.0
2024-05-31 03:00:00,10.7,97.0,3.6,1011.7
2024-05-31 04:00:00,12.0,94.0,1.8,1013.0
2024-05-31 05:00:00,12.0,94.0,3.6,1013.0
2024-05-31 06:00:00,14.7,88.0,3.6,1011.8
2024-05-31 07:00:00,17.0,77.0,3.6,1013.0
2024-05-31 08:00:00,20.0,64.0,7.6,1013.0
2024-05-31 09:00:00,20.6,63.0,7.2,1010.4
2024-05-31 10:00:00,23.0,53.0,11.2,1013.0
2024-05-31 11:00:00,25.0,44.0,11.2,1012.0
2024-05-31 12:00:00,25.0,46.0,7.2,1008.9
2024-05-31 13:00:00,25.0,44.0,7.6,1012.0
2024-05-31 14:00:00,25.0,39.0,5.4,1012.0
2024-05-31 15:00:00,23.1,51.0,3.6,1009.4
2024-05-31 16:00:00,24.0,44.0,11.2,1012.0
2024-05-31 17:00:00,22.0,60.0,13.0,1013.0
2024-05-31 18:00:00,21.0,68.0,7.2,1010.0
2024-05-31 19:00:00,19.0,73.0,3.6,1013.0
2024-05-31 20:00:00,17.0,77.0,7.6,1014.0
2024-05-31 21:00:00,17.4,80.0,7.6,1012.1
2024-05-31 22:00:00,17.0,77.0,9.4,1015.0
2024-05-31 23:00:00,17.0,77.0,7.6,1015.0
2024-06-01 00:00:00,17.4,77.0,7.2,1012.9
2024-06-01 01:00:00,17.0,77.0,3.6,1015.0
2024-06-01 02:00:00,16.0,82.0,9.4,1015.0
2024-06-01 03:00:00,15.7,86.0,3.6,1013.7
2024-06-01 04:00:00,17.0,82.0,3.6,1016.0
2024-06-01 05:00:00,19.0,73.0,0.0,1017.0
2024-06-01 06:00:00,19.7,72.0,3.6,1014.4
2024-06-01 07:00:00,22.0,64.0,5.4,1017.0
2024-06-01 08:00:00,23.0,57.0,5.4,1017.0
2024-06-01 09:00:00,23.8,59.0,7.2,1013.7
2024-06-01 10:00:00,26.0,42.0,3.6,1017.0
2024-06-01 11:00:00,27.0,39.0,9.4,1016.0
2024-06-01 12:00:00,27.0,49.0,3.6,1012.5
2024-06-01 13:00:00,29.0,35.0,3.6,1016.0
2024-06-01 14:00:00,29.0,35.0,18.4,1016.0
2024-06-01 15:00:00,28.7,40.0,7.2,1012.0
2024-06-01 16:00:00,26.0,48.0,9.4,1016.0
2024-06-01 17:00:00,25.0,50.0,5.4,1016.0
2024-06-01 18:00:00,22.6,65.0,3.6,1013.6
2024-06-01 19:00:00,22.0,64.0,5.4,1018.0
2024-06-01 20:00:00,20.0,73.0,1.8,1018.0
2024-06-01 21:00:00,18.2,82.0,3.6,1015.7
2024-06-01 22:00:00,19.0,73.0,9.4,1018.0
2024-06-01 23:00:00,17.0,82.0,7.6,1018.0
2024-06-02 00:00:00,16.1,86.0,7.2,1016.4
2024-06-02 01:00:00,15.0,88.0,5.4,1018.0
2024-06-02 02:00:00,15.0,88.0,5.4,1018.0
2024-06-02 03:00:00,15.2,90.0,3.6,1016.9
2024-06-02 04:00:00,15.0,88.0,1.8,1019.0
2024-06-02 05:00:00,17.0,82.0,5.4,1019.0
2024-06-02 06:00:00,20.1,68.0,3.6,1017.2
2024-06-02 07:00:00,22.0,60.0,3.6,1019.0
2024-06-02 08:00:00,23.0,57.0,5.4,1019.0
2024-06-02 09:00:00,24.2,55.0,3.6,1016.3
2024-06-02 10:00:00,26.0,51.0,5.4,1019.0
2024-06-02 11:00:00,27.0,45.0,5.4,1018.0
2024-06-02 12:00:00,24.2,58.0,7.2,1015.8
2024-06-02 13:00:00,25.0,57.0,7.6,1018.0
2024-06-02 14:00:00,26.0,51.0,9.4,1018.0
2024-06-02 15:00:00,26.4,52.0,3.6,1013.7
2024-06-02 16:00:00,26.0,48.0,5.4,1017.0
2024-06-02 17:00:00,25.0,57.0,7.6,1017.0
2024-06-02 18:00:00,22.2,71.0,3.6,1014.7
2024-06-02 19:00:00,20.0,78.0,11.2,1017.0
2024-06-02 20:00:00,20.0,78.0,13.0,1017.0
2024-06-02 21:00:00,20.4,77.0,7.2,1015.2
2024-06-02 22:00:00,18.0,83.0,9.4,1017.0
2024-06-02 23:00:00,20.0,73.0,5.4,1017.0
2024-06-03 00:00:00,18.7,82.0,3.6,1015.5
2024-06-03 01:00:00,19.0,78.0,3.6,1017.0
2024-06-03 02:00:00,17.0,88.0,7.6,1017.0
2024-06-03 03:00:00,17.1,88.0,3.6,1015.2
2024-06-03 04:00:00,17.0,88.0,7.6,1017.0
2024-06-03 05:00:00,19.0,83.0,1.8,1017.0
2024-06-03 06:00:00,19.9,79.0,3.6,1014.4
2024-06-03 07:00:00,22.0,69.0,5.4,1017.0
2024-06-03 08:00:00,22.0,69.0,1.8,1018.0
2024-06-03 09:00:00,22.2,75.0,3.6,1014.4
2024-06-03 10:00:00,27.0,58.0,7.6,1016.0
2024-06-03 11:00:00,28.0,51.0,7.6,1016.0
2024-06-03 12:00:00,27.5,56.0,7.2,1012.1
2024-06-03 13:00:00,27.0,51.0,13.0,1015.0
2024-06-03 14:00:00,19.0,83.0,13.0,1016.0
2024-06-03 15:00:00,20.8,82.0,7.2,1012.8
2024-06-03 16:00:00,24.0,69.0,9.4,1014.0
2024-06-03 17:00:00,24.0,74.0,3.6,1013.0
2024-06-03 18:00:00,21.4,82.0,5.4,1010.8
2024-06-03 19:00:00,20.0,88.0,7.6,1014.0
2024-06-03 20:00:00,19.0,94.0,7.6,1014.0
2024-06-03 21:00:00,18.2,92.0,0.0,1011.6
2024-06-03 22:00:00,18.0,94.0,5.4,1013.0
2024-06-03 23:00:00,17.0,94.0,5.4,1013.0
2024-06-04 00:00:00,17.4,92.0,3.6,1011.7
2024-06-04 01:00:00,16.0,100.0,0.0,1013.0
2024-06-04 02:00:00,16.0,94.0,3.6,1013.0
2024-06-04 03:00:00,15.1,94.0,3.6,1012.3
2024-06-04 04:00:00,16.0,94.0,5.4,1014.0
2024-06-04 05:00:00,18.0,88.0,3.6,1014.0
2024-06-04 06:00:00,20.9,78.0,5.4,1011.1
2024-06-04 07:00:00,21.0,78.0,5.4,1014.0
2024-06-04 08:00:00,24.0,61.0,9.4,1014.0
2024-06-04 09:00:00,24.7,53.0,7.2,1010.1
2024-06-04 10:00:00,27.0,48.0,11.2,1013.0
2024-06-04 11:00:00,27.0,45.0,11.2,1013.0
2024-06-04 12:00:00,26.4,50.0,7.2,1008.8
2024-06-04 13:00:00,28.0,42.0,14.8,1013.0
2024-06-04 14:00:00,28.0,42.0,16.6,1012.0
2024-06-04 15:00:00,26.8,47.0,10.8,1008.5
2024-06-04 16:00:00,27.0,42.0,14.8,1012.0
2024-06-04 17:00:00,25.0,47.0,13.0,1013.0
2024-06-04 18:00:00,23.9,50.0,3.6,1009.9
2024-06-04 19:00:00,20.0,83.0,5.4,1014.0
2024-06-04 20:00:00,20.0,78.0,0.0,1014.0
2024-06-04 21:00:00,18.0,88.0,3.6,1012.3
2024-06-04 22:00:00,17.0,82.0,5.4,1015.0
2024-06-04 23:00:00,17.0,82.0,7.6,1015.0
2024-06-05 00:00:00,17.9,78.0,3.6,1012.9
2024-06-05 01:00:00,16.0,82.0,7.6,1015.0
2024-06-05 02:00:00,15.0,88.0,9.4,1015.0
2024-06-05 03:00:00,15.3,88.0,7.6,1014.2
2024-06-05 04:00:00,16.0,82.0,5.4,1016.0
2024-06-05 05:00:00,17.0,82.0,7.6,1017.0
2024-06-05 06:00:00,18.9,71.0,3.6,1013.8
2024-06-05 07:00:00,21.0,64.0,9.4,1017.0
2024-06-05 08:00:00,23.0,57.0,3.6,1017.0
2024-06-05 09:00:00,23.1,60.0,3.6,1013.3
2024-06-05 10:00:00,25.0,54.0,14.8,1016.0
2024-06-05 11:00:00,25.0,47.0,13.0,1016.0
2024-06-05 12:00:00,25.4,50.0,7.2,1012.8
2024-06-05 13:00:00,25.0,44.0,13.0,1015.0
2024-06-05 14:00:00,26.0,45.0,16.6,1015.0
2024-06-05 15:00:00,25.4,50.0,7.2,1011.5
2024-06-05 16:00:00,25.0,47.0,7.6,1014.0
2024-06-05 17:00:00,24.0,50.0,5.4,1014.0
2024-06-05 18:00:00,22.9,53.0,3.6,1011.7
2024-06-05 19:00:00,21.0,60.0,7.6,1015.0
2024-06-05 20:00:00,18.0,68.0,29.5,1017.0
2024-06-05 21:00:00,18.7,63.0,14.4,1014.6
2024-06-05 22:00:00,18.0,64.0,16.6,1017.0
2024-06-05 23:00:00,17.0,68.0,7.6,1017.0
2024-06-06 00:00:00,17.5,65.0,3.6,1015.1
2024-06-06 01:00:00,14.0,82.0,5.4,1018.0
2024-06-06 02:00:00,13.0,88.0,5.4,1018.0
2024-06-06 03:00:00,12.1,93.0,5.4,1017.4
2024-06-06 04:00:00,14.0,82.0,5.4,1018.0
2024-06-06 05:00:00,15.0,82.0,7.6,1019.0
2024-06-06 06:00:00,18.1,66.0,3.6,1017.1
2024-06-06 07:00:00,20.0,60.0,7.6,1019.0
2024-06-06 08:00:00,23.0,47.0,9.4,1019.0
2024-06-06 09:00:00,23.9,54.0,7.2,1015.9
2024-06-06 10:00:00,25.0,44.0,11.2,1019.0
2024-06-06 11:00:00,26.0,42.0,9.4,1019.0
2024-06-06 12:00:00,25.5,39.0,7.2,1015.2
2024-06-06 13:00:00,28.0,35.0,7.6,1018.0
2024-06-06 14:00:00,28.0,37.0,7.6,1018.0
2024-06-06 15:00:00,26.5,46.0,3.6,1014.7
2024-06-06 16:00:00,26.0,48.0,16.6,1018.0
2024-06-06 17:00:00,25.0,50.0,9.4,1018.0
2024-06-06 18:00:00,23.3,58.0,7.2,1015.0
2024-06-06 19:00:00,20.0,68.0,5.4,1019.0
2024-06-06 20:00:00,19.0,73.0,9.4,1019.0
2024-06-06 21:00:00,18.4,74.0,3.6,1017.1
2024-06-06 22:00:00,17.0,77.0,7.6,1019.0
2024-06-06 23:00:00,16.0,82.0,5.4,1019.0
2024-06-07 00:00:00,17.4,75.0,10.8,1017.5
2024-06-07 01:00:00,14.0,94.0,3.6,1019.0
2024-06-07 02:00:00,15.0,88.0,7.6,1019.0
2024-06-07 03:00:00,15.7,86.0,3.6,1018.0
2024-06-07 04:00:00,15.0,88.0,5.4,1020.0
2024-06-07 05:00:00,17.0,82.0,1.8,1020.0
2024-06-07 06:00:00,19.6,74.0,3.6,1017.4
2024-06-07 07:00:00,23.0,65.0,5.4,1019.0
2024-06-07 08:00:00,25.0,61.0,9.4,1019.0
2024-06-07 09:00:00,25.0,63.0,3.6,1015.7
2024-06-07 10:00:00,27.0,45.0,9.4,1018.0
2024-06-07 11:00:00,28.0,42.0,9.4,1018.0
2024-06-07 12:00:00,26.7,52.0,7.2,1014.4
2024-06-07 13:00:00,29.0,40.0,7.6,1017.0
2024-06-07 14:00:00,29.0,40.0,9.4,1016.0
2024-06-07 15:00:00,28.6,44.0,3.6,1012.3
2024-06-07 16:00:00,28.0,48.0,13.0,1016.0
2024-06-07 17:00:00,26.0,58.0,13.0,1016.0
2024-06-07 18:00:00,24.9,59.0,7.2,1013.1
2024-06-07 19:00:00,24.0,61.0,13.0,1017.0
2024-06-07 20:00:00,23.0,61.0,14.8,1017.0
2024-06-07 21:00:00,20.1,79.0,7.2,1014.7
2024-06-07 22:00:00,19.0,83.0,9.4,1017.0
2024-06-07 23:00:00,18.0,88.0,7.6,1017.0
2024-06-08 00:00:00,18.6,83.0,7.2,1015.2
2024-06-08 01:00:00,17.0,88.0,3.6,1017.0
2024-06-08 02:00:00,17.0,82.0,5.4,1017.0
2024-06-08 03:00:00,16.7,93.0,3.6,1015.7
2024-06-08 04:00:00,17.0,82.0,7.6,1017.0
2024-06-08 05:00:00,19.0,78.0,5.4,1017.0
2024-06-08 06:00:00,20.9,74.0,3.6,1014.6
2024-06-08 07:00:00,23.0,65.0,3.6,1017.0
2024-06-08 08:00:00,25.0,54.0,3.6,1016.0
2024-06-08 09:00:00,25.4,58.0,3.6,1013.1
2024-06-08 10:00:00,28.0,42.0,5.4,1015.0
2024-06-08 11:00:00,29.0,27.0,7.6,1015.0
2024-06-08 12:00:00,27.4,43.0,7.2,1011.4
2024-06-08 13:00:00,29.0,37.0,9.4,1014.0
2024-06-08 14:00:00,28.0,45.0,11.2,1014.0
2024-06-08 15:00:00,28.0,44.0,7.2,1010.2
2024-06-08 16:00:00,29.0,40.0,7.6,1013.0
2024-06-08 17:00:00,27.0,51.0,11.2,1014.0
2024-06-08 18:00:00,24.9,60.0,3.6,1010.6
2024-06-08 19:00:00,23.0,65.0,11.2,1014.0
2024-06-08 20:00:00,22.0,64.0,7.6,1014.0
2024-06-08 21:00:00,20.8,67.0,7.2,1011.9
2024-06-08 22:00:00,19.0,78.0,9.4,1015.0
2024-06-08 23:00:00,18.0,83.0,7.6,1015.0
2024-06-09 00:00:00,18.1,80.0,3.6,1013.0
2024-06-09 01:00:00,17.0,82.0,7.6,1014.0
2024-06-09 02:00:00,16.0,82.0,7.6,1014.0
2024-06-09 03:00:00,15.5,86.0,3.6,1013.1
2024-06-09 04:00:00,18.0,73.0,9.4,1014.0
2024-06-09 05:00:00,19.0,73.0,5.4,1014.0
2024-06-09 06:00:00,21.3,67.0,3.6,1011.7
2024-06-09 07:00:00,24.0,57.0,7.6,1014.0
2024-06-09 08:00:00,25.0,57.0,5.4,1013.0
2024-06-09 09:00:00,25.5,55.0,3.6,1010.0
2024-06-09 10:00:00,28.0,45.0,5.4,1013.0
2024-06-09 11:00:00,29.0,43.0,7.6,1013.0
2024-06-09 12:00:00,29.1,48.0,7.2,1008.2
2024-06-09 13:00:00,30.0,46.0,11.2,1012.0
2024-06-09 14:00:00,30.0,43.0,9.4,1012.0
2024-06-09 15:00:00,30.1,45.0,7.2,1007.2
2024-06-09 16:00:00,29.0,37.0,13.0,1012.0
2024-06-09 17:00:00,28.0,45.0,9.4,1012.0
2024-06-09 18:00:00,25.6,58.0,7.2,1008.9
2024-06-09 19:00:00,24.0,61.0,9.4,1013.0
2024-06-09 20:00:00,22.0,69.0,13.0,1013.0
2024-06-09 21:00:00,21.1,70.0,7.2,1010.9
2024-06-09 22:00:00,20.0,73.0,9.4,1013.0
2024-06-09 23:00:00,19.0,78.0,5.4,1013.0
2024-06-10 00:00:00,18.2,85.0,3.6,1011.4
2024-06-10 01:00:00,17.0,88.0,1.8,1013.0
2024-06-10 02:00:00,17.0,88.0,7.6,1013.0
2024-06-10 03:00:00,18.7,78.0,7.2,1011.0
2024-06-10 04:00:00,18.0,88.0,5.4,1013.0
2024-06-10 05:00:00,19.0,83.0,5.4,1013.0
2024-06-10 06:00:00,21.4,72.0,3.6,1010.3
2024-06-10 07:00:00,24.0,61.0,3.6,1013.0
2024-06-10 08:00:00,26.0,54.0,7.6,1013.0
2024-06-10 09:00:00,26.3,56.0,7.2,1009.2
2024-06-10 10:00:00,29.0,48.0,9.4,1012.0
2024-06-10 11:00:00,30.0,49.0,20.5,1011.0
2024-06-10 12:00:00,30.2,53.0,10.8,1005.7
2024-06-10 13:00:00,31.0,49.0,25.9,1009.0
2024-06-10 14:00:00,31.0,46.0,37.1,1009.0
2024-06-10 15:00:00,33.1,29.0,14.4,1004.0
2024-06-10 16:00:00,32.0,38.0,22.3,1008.0
2024-06-10 17:00:00,28.0,55.0,14.8,1008.0
2024-06-10 18:00:00,27.9,52.0,7.2,1004.6
2024-06-10 19:00:00,28.0,42.0,18.4,1009.0
2024-06-10 20:00:00,25.0,57.0,7.6,1009.0
2024-06-10 21:00:00,23.1,62.0,3.6,1006.7
2024-06-10 22:00:00,21.0,78.0,7.6,1010.0
2024-06-10 23:00:00,21.0,69.0,3.6,1010.0
2024-06-11 00:00:00,20.0,82.0,0.0,1008.4
2024-06-11 01:00:00,19.0,64.0,7.6,1011.0
2024-06-11 02:00:00,20.0,60.0,5.4,1011.0
2024-06-11 03:00:00,17.1,82.0,3.6,1009.6
2024-06-11 04:00:00,18.0,78.0,5.4,1011.0
2024-06-11 05:00:00,20.0,68.0,3.6,1011.0
2024-06-11 06:00:00,22.4,65.0,3.6,1008.5
2024-06-11 07:00:00,24.0,47.0,5.4,1012.0
2024-06-11 08:00:00,26.0,45.0,7.6,1011.0
2024-06-11 09:00:00,27.4,47.0,3.6,1007.4
2024-06-11 10:00:00,29.0,37.0,5.4,1010.0
2024-06-11 11:00:00,32.0,26.0,5.4,1010.0
2024-06-11 12:00:00,31.0,32.0,10.8,1005.8
2024-06-11 13:00:00,32.0,24.0,29.5,1010.0
2024-06-11 14:00:00,32.0,28.0,20.5,1010.0
2024-06-11 15:00:00,30.3,36.0,14.4,1006.0
2024-06-11 16:00:00,28.0,37.0,11.2,1011.0
2024-06-11 17:00:00,28.0,40.0,7.6,1011.0
2024-06-11 18:00:00,26.3,44.0,7.2,1007.7
2024-06-11 19:00:00,24.0,44.0,9.4,1012.0
2024-06-11 20:00:00,22.0,53.0,11.2,1013.0
2024-06-11 21:00:00,21.1,63.0,3.6,1010.7
2024-06-11 22:00:00,20.0,64.0,5.4,1014.0
2024-06-11 23:00:00,18.0,73.0,3.6,1014.0
2024-06-12 00:00:00,17.7,75.0,3.6,1012.2
2024-06-12 01:00:00,17.0,72.0,3.6,1015.0
2024-06-12 02:00:00,15.0,82.0,7.6,1014.0
2024-06-12 03:00:00,14.4,87.0,7.6,1013.5
2024-06-12 04:00:00,16.0,82.0,5.4,1015.0
2024-06-12 05:00:00,19.0,68.0,3.6,1015.0
2024-06-12 06:00:00,20.5,68.0,3.6,1012.6
2024-06-12 07:00:00,23.0,61.0,3.6,1015.0
2024-06-12 08:00:00,24.0,54.0,3.6,1014.0
2024-06-12 09:00:00,25.0,57.0,3.6,1011.1
2024-06-12 10:00:00,27.0,45.0,5.4,1014.0
2024-06-12 11:00:00,28.0,40.0,13.0,1013.0
2024-06-12 12:00:00,28.9,47.0,7.2,1009.1
2024-06-12 13:00:00,32.0,34.0,14.8,1011.0
2024-06-12 14:00:00,31.0,38.0,16.6,1011.0
2024-06-12 15:00:00,29.8,45.0,7.2,1007.3
2024-06-12 16:00:00,31.0,43.0,9.4,1011.0
2024-06-12 17:00:00,26.0,58.0,13.0,1011.0
2024-06-12 18:00:00,25.3,61.0,7.2,1008.1
2024-06-12 19:00:00,23.0,65.0,5.4,1013.0
2024-06-12 20:00:00,22.0,64.0,7.6,1014.0
2024-06-12 21:00:00,22.2,67.0,3.6,1011.1
2024-06-12 22:00:00,21.0,78.0,9.4,1015.0
2024-06-12 23:00:00,21.0,73.0,3.6,1015.0
2024-06-13 00:00:00,19.9,82.0,3.6,1012.4
2024-06-13 01:00:00,20.0,73.0,7.6,1015.0
2024-06-13 02:00:00,17.0,88.0,7.6,1015.0
2024-06-13 03:00:00,16.6,91.0,7.6,1013.8
2024-06-13 04:00:00,18.0,83.0,5.4,1016.0
2024-06-13 05:00:00,20.0,78.0,3.6,1016.0
2024-06-13 06:00:00,20.9,76.0,3.6,1013.6
2024-06-13 07:00:00,22.0,69.0,5.4,1016.0
2024-06-13 08:00:00,25.0,61.0,7.6,1016.0
2024-06-13 09:00:00,25.3,60.0,7.2,1012.1
2024-06-13 10:00:00,28.0,45.0,9.4,1015.0
2024-06-13 11:00:00,28.0,48.0,5.4,1014.0
2024-06-13 12:00:00,28.0,49.0,7.2,1010.1
2024-06-13 13:00:00,31.0,40.0,16.6,1013.0
2024-06-13 14:00:00,31.0,31.0,25.9,1012.0
2024-06-13 15:00:00,29.3,40.0,10.8,1007.9
2024-06-13 16:00:00,30.0,33.0,35.3,1010.0
2024-06-13 17:00:00,29.0,33.0,16.6,1011.0
2024-06-13 18:00:00,26.2,45.0,3.6,1007.6
2024-06-13 19:00:00,26.0,39.0,24.1,1011.0
2024-06-13 20:00:00,26.0,39.0,11.2,1012.0
2024-06-13 21:00:00,24.3,48.0,7.2,1008.4
2024-06-13 22:00:00,21.0,69.0,27.7,1014.0
2024-06-13 23:00:00,19.0,73.0,24.1,1014.0
2024-06-14 00:00:00,19.2,73.0,10.8,1011.6
2024-06-14 01:00:00,18.0,78.0,13.0,1013.0
2024-06-14 02:00:00,18.0,73.0,44.6,1013.0
2024-06-14 03:00:00,16.4,78.0,10.8,1012.5
2024-06-14 04:00:00,15.0,88.0,14.8,1014.0
2024-06-14 05:00:00,17.0,77.0,16.6,1013.0
2024-06-14 06:00:00,15.6,86.0,14.4,1012.3
2024-06-14 07:00:00,14.0,94.0,20.5,1015.0
2024-06-14 08:00:00,16.0,82.0,7.6,1014.0
2024-06-14 09:00:00,17.9,74.0,10.8,1012.5
2024-06-14 10:00:00,19.0,64.0,27.7,1015.0
2024-06-14 11:00:00,20.0,60.0,29.5,1014.0
2024-06-14 12:00:00,19.4,58.0,18.0,1012.3
2024-06-14 13:00:00,21.0,49.0,31.7,1015.0
2024-06-14 14:00:00,20.0,52.0,33.5,1015.0
2024-06-14 15:00:00,20.3,50.0,14.4,1012.5
2024-06-14 16:00:00,20.0,46.0,27.7,1015.0
2024-06-14 17:00:00,20.0,49.0,25.9,1015.0
2024-06-14 18:00:00,18.2,57.0,10.8,1013.4
2024-06-14 19:00:00,17.0,63.0,13.0,1016.0
2024-06-14 20:00:00,17.0,63.0,14.8,1017.0
2024-06-14 21:00:00,16.0,63.0,9.4,1015.4
2024-06-14 22:00:00,14.0,77.0,9.4,1016.0
2024-06-14 23:00:00,13.0,82.0,0.0,1016.0
2024-06-15 00:00:00,11.2,84.0,0.0,1016.0
2024-06-15 01:00:00,10.0,94.0,5.4,1016.0
2024-06-15 02:00:00,10.0,87.0,5.4,1016.0
2024-06-15 03:00:00,9.9,81.0,3.6,1016.2
2024-06-15 04:00:00,11.0,88.0,5.4,1016.0
2024-06-15 05:00:00,12.0,82.0,3.6,1016.0
2024-06-15 06:00:00,16.0,69.0,3.6,1014.9
2024-06-15 07:00:00,18.0,60.0,11.2,1016.0
2024-06-15 08:00:00,20.0,49.0,13.0,1015.0
2024-06-15 09:00:00,20.5,50.0,7.2,1013.0
2024-06-15 10:00:00,22.0,38.0,14.8,1015.0
2024-06-15 11:00:00,23.0,33.0,18.4,1014.0
2024-06-15 12:00:00,23.8,34.0,7.2,1011.1
2024-06-15 13:00:00,25.0,32.0,11.2,1013.0
2024-06-15 14:00:00,26.0,30.0,9.4,1013.0
2024-06-15 15:00:00,25.2,37.0,7.2,1009.4
2024-06-15 16:00:00,25.0,36.0,7.6,1012.0
2024-06-15 17:00:00,25.0,39.0,9.4,1012.0
2024-06-15 18:00:00,22.6,47.0,3.6,1009.8
2024-06-15 19:00:00,20.0,60.0,5.4,1013.0
2024-06-15 20:00:00,17.0,72.0,0.0,1013.0
2024-06-15 21:00:00,15.4,72.0,5.4,1012.5
2024-06-15 22:00:00,15.0,82.0,5.4,1014.0
2024-06-15 23:00:00,14.0,82.0,7.6,1014.0
2024-06-16 00:00:00,12.9,79.0,7.2,1013.1
2024-06-16 01:00:00,13.0,88.0,3.6,1014.0
2024-06-16 02:00:00,11.0,94.0,0.0,1014.0
2024-06-16 03:00:00,12.1,85.0,3.6,1013.6
2024-06-16 04:00:00,14.0,77.0,0.0,1014.0
2024-06-16 05:00:00,15.0,77.0,3.6,1014.0
2024-06-16 06:00:00,17.9,70.0,3.6,1012.8
2024-06-16 07:00:00,20.0,56.0,3.6,1014.0
2024-06-16 08:00:00,22.0,53.0,5.4,1014.0
2024-06-16 09:00:00,23.1,52.0,3.6,1010.9
2024-06-16 10:00:00,26.0,39.0,7.6,1014.0
2024-06-16 11:00:00,27.0,39.0,11.2,1013.0
2024-06-16 12:00:00,27.4,40.0,7.2,1009.3
2024-06-16 13:00:00,29.0,35.0,14.8,1012.0
2024-06-16 14:00:00,29.0,35.0,11.2,1012.0
2024-06-16 15:00:00,28.6,38.0,7.2,1008.4
2024-06-16 16:00:00,29.0,35.0,9.4,1012.0
2024-06-16 17:00:00,27.0,48.0,14.8,1012.0
2024-06-16 18:00:00,24.9,56.0,3.6,1009.7
2024-06-16 19:00:00,21.0,69.0,1.8,1014.0
2024-06-16 20:00:00,21.0,69.0,0.0,1014.0
2024-06-16 21:00:00,20.5,64.0,7.2,1012.0
2024-06-16 22:00:00,18.0,83.0,3.6,1015.0
2024-06-16 23:00:00,18.0,83.0,3.6,1015.0
2024-06-17 00:00:00,18.6,72.0,7.2,1013.1
2024-06-17 01:00:00,17.0,82.0,3.6,1015.0
2024-06-17 02:00:00,17.0,82.0,9.4,1014.0
2024-06-17 03:00:00,17.2,83.0,3.6,1014.1
2024-06-17 04:00:00,16.0,88.0,1.8,1014.1
2024-06-17 05:00:00,19.0,78.0,3.6,1014.2
2024-06-17 06:00:00,21.5,70.0,3.6,1013.7
2024-06-17 07:00:00,24.0,57.0,7.6,1017.0
2024-06-17 08:00:00,25.0,54.0,5.4,1016.0
2024-06-17 09:00:00,25.8,55.0,3.6,1012.6
2024-06-17 10:00:00,29.0,43.0,7.6,1016.0
2024-06-17 11:00:00,29.0,43.0,9.4,1016.0
2024-06-17 12:00:00,29.1,46.0,3.6,1011.3
2024-06-17 13:00:00,29.0,40.0,9.4,1011.7
2024-06-17 14:00:00,26.0,51.0,17.0,1015.0
2024-06-17 15:00:00,25.6,66.0,3.6,1011.8
2024-06-17 16:00:00,26.0,61.0,13.0,1016.0
2024-06-17 17:00:00,25.0,57.0,24.1,1017.0
2024-06-17 18:00:00,23.9,69.0,7.2,1013.0
2024-06-17 19:00:00,21.0,73.0,20.5,1018.0
2024-06-17 20:00:00,20.0,78.0,13.0,1018.0
2024-06-17 21:00:00,20.3,77.0,3.6,1016.1
2024-06-17 22:00:00,19.0,83.0,5.4,1019.0
2024-06-17 23:00:00,17.0,94.0,3.6,1019.0
2024-06-18 00:00:00,17.8,84.0,7.2,1017.0
2024-06-18 01:00:00,16.0,94.0,1.8,1019.0
2024-06-18 02:00:00,15.0,100.0,3.6,1019.0
2024-06-18 03:00:00,15.5,93.0,3.6,1017.9
2024-06-18 04:00:00,16.0,94.0,5.4,1020.0
2024-06-18 05:00:00,18.0,88.0,3.6,1020.0
2024-06-18 06:00:00,21.0,72.0,3.6,1018.1
2024-06-18 07:00:00,23.0,69.0,3.6,1021.0
2024-06-18 08:00:00,25.0,57.0,3.6,1021.0
2024-06-18 09:00:00,26.1,58.0,7.2,1016.8
2024-06-18 10:00:00,29.0,43.0,7.6,1020.0
2024-06-18 11:00:00,30.0,40.0,5.4,1020.0
2024-06-18 12:00:00,29.6,42.0,3.6,1015.4
2024-06-18 13:00:00,31.0,31.0,7.6,1019.0
2024-06-18 14:00:00,32.0,28.0,9.4,1019.0
2024-06-18 15:00:00,31.1,33.0,3.6,1014.2
2024-06-18 16:00:00,30.0,43.0,14.8,1018.0
2024-06-18 17:00:00,28.0,48.0,13.0,1019.0
2024-06-18 18:00:00,26.2,60.0,3.6,1015.5
2024-06-18 19:00:00,24.0,65.0,7.6,1020.0
2024-06-18 20:00:00,22.0,73.0,7.6,1020.0
2024-06-18 21:00:00,22.4,68.0,7.2,1017.3
2024-06-18 22:00:00,21.0,78.0,9.4,1020.0
2024-06-18 23:00:00,19.0,83.0,9.4,1020.0
2024-06-19 00:00:00,20.3,74.0,7.2,1017.9
2024-06-19 01:00:00,18.0,83.0,11.2,1020.0
2024-06-19 02:00:00,18.0,83.0,5.4,1020.0
2024-06-19 03:00:00,17.9,84.0,3.6,1018.4
2024-06-19 04:00:00,19.0,78.0,7.6,1020.0
2024-06-19 05:00:00,21.0,69.0,0.0,1021.0
2024-06-19 06:00:00,22.7,67.0,3.6,1017.9
2024-06-19 07:00:00,26.0,54.0,9.4,1021.0
2024-06-19 08:00:00,27.0,51.0,7.6,1021.0
2024-06-19 09:00:00,27.3,54.0,3.6,1016.7
2024-06-19 10:00:00,30.0,40.0,7.6,1020.0
2024-06-19 11:00:00,31.0,33.0,7.6,1020.0
2024-06-19 12:00:00,30.6,39.0,7.2,1015.2
2024-06-19 13:00:00,32.0,28.0,7.6,1019.0
2024-06-19 14:00:00,33.0,30.0,5.4,1019.0
2024-06-19 15:00:00,31.9,32.0,3.6,1014.1
2024-06-19 16:00:00,32.0,32.0,14.8,1018.0
2024-06-19 17:00:00,30.0,46.0,14.8,1018.0
2024-06-19 18:00:00,28.1,54.0,3.6,1014.2
2024-06-19 19:00:00,25.0,61.0,7.6,1019.0
2024-06-19 20:00:00,23.0,65.0,5.4,1019.0
2024-06-19 21:00:00,22.4,65.0,7.2,1016.7
2024-06-19 22:00:00,21.0,73.0,9.4,1020.0
2024-06-19 23:00:00,20.0,73.0,5.4,1020.0
2024-06-20 00:00:00,20.8,70.0,3.6,1017.3
2024-06-20 01:00:00,20.0,68.0,5.4,1020.0
2024-06-20 02:00:00,18.0,78.0,7.6,1020.0
2024-06-20 03:00:00,16.7,89.0,3.6,1018.2
2024-06-20 04:00:00,18.0,83.0,3.6,1020.0
2024-06-20 05:00:00,20.0,73.0,3.6,1020.0
2024-06-20 06:00:00,22.6,68.0,3.6,1017.3
2024-06-20 07:00:00,24.0,57.0,1.8,1020.0
2024-06-20 08:00:00,27.0,48.0,7.6,1020.0
2024-06-20 09:00:00,27.6,54.0,7.2,1016.2
2024-06-20 10:00:00,31.0,40.0,11.2,1019.0
2024-06-20 11:00:00,32.0,41.0,9.4,1019.0
2024-06-20 12:00:00,31.9,42.0,7.2,1014.5
2024-06-20 13:00:00,33.0,36.0,16.6,1019.0
2024-06-20 14:00:00,33.0,34.0,7.6,1018.0
2024-06-20 15:00:00,32.0,43.0,3.6,1013.8
2024-06-20 16:00:00,32.0,38.0,14.8,1018.0
2024-06-20 17:00:00,30.0,46.0,9.4,1019.0
2024-06-20 18:00:00,28.2,54.0,3.6,1015.1
2024-06-20 19:00:00,26.0,58.0,5.4,1020.0
2024-06-20 20:00:00,26.0,58.0,5.4,1020.0
2024-06-20 21:00:00,21.8,75.0,3.6,1017.5
2024-06-20 22:00:00,22.0,73.0,3.6,1021.0
2024-06-20 23:00:00,21.0,78.0,3.6,1021.0
2024-06-21 00:00:00,19.8,82.0,3.6,1018.2
2024-06-21 01:00:00,20.0,83.0,5.4,1020.0
2024-06-21 02:00:00,19.0,83.0,3.6,1020.0
2024-06-21 03:00:00,19.1,82.0,7.2,1018.3
2024-06-21 04:00:00,19.0,83.0,7.6,1020.0
2024-06-21 05:00:00,21.0,78.0,7.6,1020.0
2024-06-21 06:00:00,23.4,71.0,3.6,1017.5
2024-06-21 07:00:00,27.0,54.0,9.4,1021.0
2024-06-21 08:00:00,29.0,48.0,14.8,1021.0
2024-06-21 09:00:00,28.6,51.0,7.2,1016.3
2024-06-21 10:00:00,31.0,40.0,13.0,1020.0
2024-06-21 11:00:00,31.0,40.0,13.0,1019.0
2024-06-21 12:00:00,31.3,44.0,7.2,1014.3
2024-06-21 13:00:00,33.0,34.0,5.4,1018.0
2024-06-21 14:00:00,33.0,36.0,11.2,1017.0
2024-06-21 15:00:00,32.4,41.0,7.2,1012.1
2024-06-21 16:00:00,31.0,49.0,14.8,1017.0
2024-06-21 17:00:00,29.0,48.0,9.4,1017.0
2024-06-21 18:00:00,27.9,57.0,7.2,1013.0
2024-06-21 19:00:00,24.0,69.0,11.2,1017.0
2024-06-21 20:00:00,23.0,74.0,5.4,1017.0
2024-06-21 21:00:00,22.8,63.0,7.2,1014.5
2024-06-21 22:00:00,20.0,88.0,13.0,1017.0
2024-06-21 23:00:00,20.0,83.0,11.2,1016.0
2024-06-22 00:00:00,21.2,76.0,7.2,1014.1
2024-06-22 01:00:00,21.0,73.0,14.8,1016.0
2024-06-22 02:00:00,20.0,78.0,11.2,1016.0
2024-06-22 03:00:00,17.8,89.0,3.6,1014.6
2024-06-22 04:00:00,20.0,73.0,7.6,1016.0
2024-06-22 05:00:00,22.0,69.0,9.4,1016.0
2024-06-22 06:00:00,24.2,65.0,5.4,1012.9
2024-06-22 07:00:00,26.0,58.0,7.6,1015.0
2024-06-22 08:00:00,28.0,55.0,9.4,1015.0
2024-06-22 09:00:00,28.4,57.0,3.6,1010.4
2024-06-22 10:00:00,31.0,40.0,9.4,1014.0
2024-06-22 11:00:00,33.0,32.0,13.0,1013.0
2024-06-22 12:00:00,32.3,32.0,7.2,1008.1
2024-06-22 13:00:00,34.0,26.0,14.8,1012.0
2024-06-22 14:00:00,34.0,26.0,16.6,1011.0
2024-06-22 15:00:00,32.5,35.0,7.2,1006.3
2024-06-22 16:00:00,32.0,30.0,16.6,1010.0
2024-06-22 17:00:00,31.0,36.0,16.6,1010.0
2024-06-22 18:00:00,27.7,48.0,3.6,1006.7
2024-06-22 19:00:00,25.0,54.0,20.5,1011.0
2024-06-22 20:00:00,25.0,54.0,22.3,1012.0
2024-06-22 21:00:00,24.7,49.0,7.2,1008.7
2024-06-22 22:00:00,22.0,53.0,24.1,1012.0
2024-06-22 23:00:00,22.0,43.0,24.1,1012.0
2024-06-23 00:00:00,21.6,47.0,3.6,1009.8
2024-06-23 01:00:00,21.0,40.0,18.4,1012.0
2024-06-23 02:00:00,18.0,52.0,13.0,1012.0
2024-06-23 03:00:00,19.5,54.0,3.6,1009.8
2024-06-23 04:00:00,19.0,52.0,16.6,1012.0
2024-06-23 05:00:00,21.0,46.0,14.8,1012.0
2024-06-23 06:00:00,22.0,49.0,3.6,1009.6
2024-06-23 07:00:00,25.0,36.0,7.6,1012.0
2024-06-23 08:00:00,26.0,36.0,5.4,1012.0
2024-06-23 09:00:00,27.2,43.0,7.2,1007.5
2024-06-23 10:00:00,30.0,33.0,7.6,1011.0
2024-06-23 11:00:00,32.0,34.0,7.6,1010.0
2024-06-23 12:00:00,31.8,35.0,7.2,1005.6
2024-06-23 13:00:00,34.0,30.0,18.4,1009.0
2024-06-23 14:00:00,32.0,34.0,22.3,1009.0
2024-06-23 15:00:00,29.5,44.0,7.2,1005.5
2024-06-23 16:00:00,28.0,42.0,16.6,1010.0
2024-06-23 17:00:00,27.0,45.0,24.1,1010.0
2024-06-23 18:00:00,26.2,46.0,3.6,1007.0
2024-06-23 19:00:00,24.0,50.0,13.0,1012.0
2024-06-23 20:00:00,22.0,57.0,0.0,1013.0
2024-06-23 21:00:00,22.0,60.0,3.6,1010.6
2024-06-23 22:00:00,24.0,54.0,5.4,1014.0
2024-06-23 23:00:00,21.0,64.0,7.6,1014.0
2024-06-24 00:00:00,20.4,64.0,3.6,1010.9
2024-06-24 01:00:00,19.0,68.0,14.8,1012.0
2024-06-24 02:00:00,19.0,68.0,5.4,1012.0
2024-06-24 03:00:00,18.7,76.0,3.6,1010.8
2024-06-24 04:00:00,18.0,73.0,3.6,1013.0
2024-06-24 05:00:00,21.0,64.0,5.4,1013.0
2024-06-24 06:00:00,23.3,60.0,3.6,1010.5
2024-06-24 07:00:00,25.0,50.0,5.4,1013.0
2024-06-24 08:00:00,27.0,48.0,5.4,1013.0
2024-06-24 09:00:00,27.5,48.0,3.6,1009.4
2024-06-24 10:00:00,30.0,40.0,13.0,1013.0
2024-06-24 11:00:00,31.0,38.0,9.4,1013.0
2024-06-24 12:00:00,30.4,41.0,7.2,1008.1
2024-06-24 13:00:00,31.0,33.0,18.4,1012.0
2024-06-24 14:00:00,31.0,33.0,18.4,1012.0
2024-06-24 15:00:00,30.5,37.0,10.8,1007.4
2024-06-24 16:00:00,29.0,37.0,14.8,1012.0
2024-06-24 17:00:00,29.0,37.0,16.6,1013.0
2024-06-24 18:00:00,27.0,50.0,3.6,1009.1
2024-06-24 19:00:00,26.0,45.0,11.2,1015.0
2024-06-24 20:00:00,25.0,50.0,13.0,1011.2
2024-06-24 21:00:00,23.1,66.0,3.6,1012.5
2024-06-24 22:00:00,24.0,50.0,13.0,1012.8
2024-06-24 23:00:00,24.0,50.0,11.2,1013.1
2024-06-25 00:00:00,19.7,82.0,7.2,1014.2
2024-06-25 01:00:00,20.0,78.0,11.2,1013.6
2024-06-25 02:00:00,20.0,64.0,5.4,1013.7
2024-06-25 03:00:00,18.1,86.0,3.6,1014.5
2024-06-25 04:00:00,19.0,73.0,9.4,1013.8
2024-06-25 05:00:00,21.0,64.0,5.4,1013.7
2024-06-25 06:00:00,23.6,63.0,3.6,1013.6
2024-06-25 07:00:00,26.0,45.0,16.6,1013.2
2024-06-25 08:00:00,28.0,42.0,16.6,1012.8
2024-06-25 09:00:00,28.5,42.0,10.8,1012.3
2024-06-25 10:00:00,30.0,35.0,22.3,1012.0
2024-06-25 11:00:00,31.0,33.0,24.1,1011.7
2024-06-25 12:00:00,30.2,37.0,10.8,1011.7
2024-06-25 13:00:00,31.0,31.0,20.5,1016.0
2024-06-25 14:00:00,32.0,32.0,20.5,1016.0
2024-06-25 15:00:00,29.4,42.0,7.2,1011.1
2024-06-25 16:00:00,29.0,40.0,16.6,1016.0
2024-06-25 17:00:00,28.0,42.0,14.8,1016.0
2024-06-25 18:00:00,27.0,48.0,7.2,1012.4
2024-06-25 19:00:00,25.0,54.0,9.4,1016.0
2024-06-25 20:00:00,25.0,57.0,11.2,1016.0
2024-06-25 21:00:00,23.7,63.0,3.6,1013.7
2024-06-25 22:00:00,24.0,57.0,20.5,1017.0
2024-06-25 23:00:00,22.0,69.0,18.4,1017.0
2024-06-26 00:00:00,22.2,70.0,3.6,1014.3
2024-06-26 01:00:00,22.0,69.0,18.4,1017.0
2024-06-26 02:00:00,21.0,73.0,14.8,1018.0
2024-06-26 03:00:00,19.8,80.0,7.2,1015.5
2024-06-26 04:00:00,20.0,78.0,20.5,1018.0
2024-06-26 05:00:00,22.0,69.0,24.1,1018.0
2024-06-26 06:00:00,23.0,69.0,7.2,1015.4
2024-06-26 07:00:00,25.0,57.0,27.7,1018.0
2024-06-26 08:00:00,26.0,58.0,27.7,1018.0
2024-06-26 09:00:00,26.7,58.0,10.8,1014.3
2024-06-26 10:00:00,29.0,45.0,22.3,1017.0
2024-06-26 11:00:00,30.0,43.0,20.5,1017.0
2024-06-26 12:00:00,29.6,47.0,10.8,1012.2
2024-06-26 13:00:00,30.0,43.0,20.5,1016.0
2024-06-26 14:00:00,28.0,48.0,20.5,1016.0
2024-06-26 15:00:00,26.8,55.0,10.8,1012.3
2024-06-26 16:00:00,28.0,48.0,24.1,1014.0
2024-06-26 17:00:00,27.0,51.0,14.8,1015.0
2024-06-26 18:00:00,24.9,59.0,10.8,1011.5
2024-06-26 19:00:00,25.0,57.0,11.2,1015.0
2024-06-26 20:00:00,23.0,65.0,9.4,1016.0
2024-06-26 21:00:00,22.5,74.0,7.2,1014.0
2024-06-26 22:00:00,8.0,83.0,27.7,1020.0
2024-06-26 23:00:00,17.0,94.0,7.6,1020.0
2024-06-27 00:00:00,16.6,95.0,7.2,1016.3
2024-06-27 01:00:00,17.0,94.0,18.4,1017.0
2024-06-27 02:00:00,17.0,88.0,20.5,1017.0
2024-06-27 03:00:00,16.8,92.0,7.2,1014.6
2024-06-27 04:00:00,18.0,88.0,16.6,1015.0
2024-06-27 05:00:00,18.0,88.0,16.6,1015.0
2024-06-27 06:00:00,18.0,90.0,3.6,1013.8
2024-06-27 07:00:00,21.0,69.0,22.3,1015.0
2024-06-27 08:00:00,23.0,61.0,7.6,1015.0
2024-06-27 09:00:00,22.8,69.0,3.6,1011.7
2024-06-27 10:00:00,25.0,54.0,5.4,1014.0
2024-06-27 11:00:00,27.0,48.0,11.2,1013.0
2024-06-27 12:00:00,25.7,60.0,3.6,1010.2
2024-06-27 13:00:00,27.0,51.0,33.5,1012.0
2024-06-27 14:00:00,26.0,58.0,20.5,1012.0
2024-06-27 15:00:00,26.2,61.0,7.2,1008.0
2024-06-27 16:00:00,22.0,69.0,18.4,1012.0
2024-06-27 17:00:00,19.0,88.0,24.1,1014.0
2024-06-27 18:00:00,17.7,92.0,7.2,1012.5
2024-06-27 19:00:00,18.0,88.0,16.6,1014.0
2024-06-27 20:00:00,19.0,88.0,16.6,1014.0
2024-06-27 21:00:00,18.3,90.0,7.2,1012.1
2024-06-27 22:00:00,18.0,94.0,5.4,1014.0
2024-06-27 23:00:00,18.0,94.0,11.2,1014.0
2024-06-28 00:00:00,18.1,94.0,0.0,1012.3
2024-06-28 01:00:00,18.0,94.0,3.6,1014.0
2024-06-28 02:00:00,17.0,82.0,22.3,1014.0
2024-06-28 03:00:00,16.5,93.0,7.2,1012.9
2024-06-28 04:00:00,17.0,88.0,11.2,1015.0
2024-06-28 05:00:00,17.0,88.0,5.4,1015.0
2024-06-28 06:00:00,17.4,93.0,7.6,1013.1
2024-06-28 07:00:00,18.0,88.0,5.4,1015.0
2024-06-28 08:00:00,18.0,88.0,11.2,1016.0
2024-06-28 09:00:00,19.4,87.0,3.6,1013.6
2024-06-28 10:00:00,22.0,73.0,9.4,1016.0
2024-06-28 11:00:00,23.0,65.0,11.2,1015.0
2024-06-28 12:00:00,22.8,70.0,7.2,1012.5
2024-06-28 13:00:00,24.0,65.0,11.2,1015.0
2024-06-28 14:00:00,23.0,74.0,9.4,1015.0
2024-06-28 15:00:00,21.8,80.0,3.6,1012.8
2024-06-28 16:00:00,24.0,65.0,7.6,1016.0
2024-06-28 17:00:00,23.0,65.0,5.4,1016.0
2024-06-28 18:00:00,20.2,87.0,7.6,1013.5
2024-06-28 19:00:00,20.0,78.0,0.0,1017.0
2024-06-28 20:00:00,19.0,83.0,9.4,1018.0
2024-06-28 21:00:00,17.0,94.0,3.6,1016.0
2024-06-28 22:00:00,18.0,88.0,3.6,1018.0
2024-06-28 23:00:00,18.0,83.0,7.6,1018.0
2024-06-29 00:00:00,15.7,96.0,3.6,1016.7
2024-06-29 01:00:00,16.0,94.0,5.4,1018.0
2024-06-29 02:00:00,16.0,94.0,7.6,1018.0
2024-06-29 03:00:00,13.7,97.0,3.6,1017.6
2024-06-29 04:00:00,16.0,88.0,0.0,1019.0
2024-06-29 05:00:00,17.0,82.0,5.4,1020.0
2024-06-29 06:00:00,19.6,78.0,3.6,1017.5
2024-06-29 07:00:00,22.0,60.0,9.4,1020.0
2024-06-29 08:00:00,24.0,54.0,5.4,1019.0
2024-06-29 09:00:00,24.2,57.0,3.6,1016.2
2024-06-29 10:00:00,27.0,39.0,13.0,1019.0
2024-06-29 11:00:00,28.0,37.0,16.6,1019.0
2024-06-29 12:00:00,27.6,41.0,10.8,1015.1
2024-06-29 13:00:00,28.0,37.0,20.5,1018.0
2024-06-29 14:00:00,28.0,40.0,16.6,1018.0
2024-06-29 15:00:00,28.0,40.0,7.2,1014.3
2024-06-29 16:00:00,28.0,40.0,13.0,1018.0
2024-06-29 17:00:00,27.0,42.0,11.2,1018.0
2024-06-29 18:00:00,23.6,60.0,3.6,1015.2
2024-06-29 19:00:00,21.0,69.0,7.6,1019.0
2024-06-29 20:00:00,20.0,73.0,1.8,1019.0
2024-06-29 21:00:00,17.3,83.0,5.4,1017.4
2024-06-29 22:00:00,19.0,83.0,5.4,1019.0
2024-06-29 23:00:00,19.0,83.0,0.0,1019.0
2024-06-30 00:00:00,16.5,86.0,3.6,1017.6
2024-06-30 01:00:00,17.0,88.0,7.6,1019.0
2024-06-30 02:00:00,16.0,88.0,7.6,1019.0
2024-06-30 03:00:00,16.2,87.0,3.6,1017.5
2024-06-30 04:00:00,17.0,88.0,3.6,1019.0
2024-06-30 05:00:00,19.0,83.0,7.6,1019.0
2024-06-30 06:00:00,21.0,70.0,3.6,1016.8
2024-06-30 07:00:00,23.0,65.0,3.6,1019.0
2024-06-30 08:00:00,25.0,54.0,3.6,1019.0
2024-06-30 09:00:00,26.4,52.0,3.6,1015.0
2024-06-30 10:00:00,29.0,43.0,11.2,1018.0
2024-06-30 11:00:00,29.0,40.0,13.0,1017.0
2024-06-30 12:00:00,29.1,41.0,3.6,1012.8
2024-06-30 13:00:00,31.0,36.0,9.4,1016.0
2024-06-30 14:00:00,31.0,33.0,11.2,1016.0
2024-06-30 15:00:00,30.2,37.0,7.2,1011.1
2024-06-30 16:00:00,30.0,38.0,9.4,1015.0
2024-06-30 17:00:00,29.0,45.0,13.0,1015.0
2024-06-30 18:00:00,26.5,53.0,3.6,1011.5
2024-06-30 19:00:00,24.0,61.0,13.0,1015.0
2024-06-30 20:00:00,24.0,57.0,14.8,1015.0
2024-06-30 21:00:00,21.3,57.0,7.2,1012.9
2024-06-30 22:00:00,20.0,73.0,13.0,1015.0
2024-06-30 23:00:00,19.0,68.0,11.2,1015.0
2024-07-01 00:00:00,19.1,65.0,7.2,1013.4
2024-07-01 01:00:00,17.0,72.0,5.4,1015.0
2024-07-01 02:00:00,16.0,77.0,7.6,1013.7
2024-07-01 03:00:00,17.5,71.0,7.2,1013.7
2024-07-01 04:00:00,18.0,68.0,3.6,1015.0
2024-07-01 05:00:00,20.0,60.0,0.0,1015.0
2024-07-01 06:00:00,22.5,58.0,3.6,1012.6
2024-07-01 07:00:00,24.0,50.0,5.4,1015.0
2024-07-01 08:00:00,26.0,45.0,5.4,1015.0
2024-07-01 09:00:00,26.8,46.0,3.6,1011.2
2024-07-01 10:00:00,29.0,43.0,5.4,1014.0
2024-07-01 11:00:00,30.0,40.0,7.6,1014.0
2024-07-01 12:00:00,30.3,44.0,7.6,1008.6
2024-07-01 13:00:00,31.0,38.0,5.4,1013.0
2024-07-01 14:00:00,32.0,36.0,7.6,1012.0
2024-07-01 15:00:00,31.4,42.0,7.2,1006.9
2024-07-01 16:00:00,32.0,36.0,0.0,1011.0
2024-07-01 17:00:00,30.0,49.0,0.0,1011.0
2024-07-01 18:00:00,27.7,57.0,3.6,1007.3
2024-07-01 19:00:00,27.0,58.0,7.6,1011.0
2024-07-01 20:00:00,25.0,65.0,13.0,1011.0
2024-07-01 21:00:00,23.2,67.0,7.2,1008.1
2024-07-01 22:00:00,22.0,69.0,16.6,1010.0
2024-07-01 23:00:00,22.0,64.0,11.2,1010.0
2024-07-02 00:00:00,21.0,71.0,3.6,1008.4
2024-07-02 01:00:00,20.0,64.0,11.2,1010.0
2024-07-02 02:00:00,20.0,64.0,9.4,1010.0
2024-07-02 03:00:00,20.2,65.0,7.2,1007.7
2024-07-02 04:00:00,20.0,64.0,11.2,1009.0
2024-07-02 05:00:00,22.0,57.0,16.6,1009.0
2024-07-02 06:00:00,22.4,63.0,3.6,1006.0
2024-07-02 07:00:00,25.0,54.0,11.2,1009.0
2024-07-02 08:00:00,27.0,48.0,13.0,1008.0
2024-07-02 09:00:00,26.6,54.0,7.2,1003.8
2024-07-02 10:00:00,30.0,46.0,14.8,1006.0
2024-07-02 11:00:00,30.0,43.0,5.4,1006.0
2024-07-02 12:00:00,27.5,66.0,3.6,1001.7
2024-07-02 13:00:00,30.0,38.0,18.4,1002.5
2024-07-02 14:00:00,31.0,29.0,24.1,1004.0
2024-07-02 15:00:00,29.8,32.0,14.4,1000.1
2024-07-02 16:00:00,23.0,65.0,16.6,1006.0
2024-07-02 17:00:00,21.0,73.0,16.6,1006.0
2024-07-02 18:00:00,21.9,60.0,10.8,1003.2
2024-07-02 19:00:00,19.0,78.0,9.4,1005.0
2024-07-02 20:00:00,19.0,78.0,11.2,1006.0
2024-07-02 21:00:00,19.0,77.0,10.8,1003.8
2024-07-02 22:00:00,18.0,78.0,22.3,1004.1
2024-07-02 23:00:00,18.0,83.0,16.6,1006.0
2024-07-03 00:00:00,17.3,82.0,14.4,1004.2
2024-07-03 01:00:00,16.0,88.0,24.1,1006.0
2024-07-03 02:00:00,16.0,88.0,20.5,1003.5
2024-07-03 03:00:00,15.4,87.0,10.8,1004.9
2024-07-03 04:00:00,16.0,82.0,20.5,1006.0
2024-07-03 05:00:00,17.0,77.0,20.5,1006.0
2024-07-03 06:00:00,16.8,76.0,10.8,1005.2
2024-07-03 07:00:00,18.0,73.0,25.9,1006.0
2024-07-03 08:00:00,18.0,68.0,25.9,1006.0
2024-07-03 09:00:00,19.0,62.0,14.4,1004.4
2024-07-03 10:00:00,21.0,56.0,27.7,1006.0
2024-07-03 11:00:00,21.0,53.0,22.3,1006.0
2024-07-03 12:00:00,20.8,54.0,7.2,1004.0
2024-07-03 13:00:00,22.0,46.0,24.1,1006.0
2024-07-03 14:00:00,23.0,44.0,24.1,1005.0
2024-07-03 15:00:00,22.0,49.0,14.4,1003.0
2024-07-03 16:00:00,22.0,50.0,22.3,1005.0
2024-07-03 17:00:00,21.0,49.0,22.3,1006.0
2024-07-03 18:00:00,19.2,53.0,10.8,1004.3
2024-07-03 19:00:00,18.0,60.0,11.2,1007.0
2024-07-03 20:00:00,17.0,63.0,14.8,1007.0
2024-07-03 21:00:00,16.5,67.0,7.2,1006.0
2024-07-03 22:00:00,16.0,68.0,5.4,1007.0
2024-07-03 23:00:00,14.0,77.0,13.0,1007.0
2024-07-04 00:00:00,15.9,64.0,7.2,1006.3
2024-07-04 01:00:00,12.0,88.0,3.6,1008.0
2024-07-04 02:00:00,11.0,88.0,9.4,1008.0
2024-07-04 03:00:00,10.2,91.0,3.6,1008.1
2024-07-04 04:00:00,12.0,94.0,0.0,1009.0
2024-07-04 05:00:00,14.0,77.0,11.2,1009.0
2024-07-04 06:00:00,17.7,62.0,7.2,1006.8
2024-07-04 07:00:00,20.0,52.0,13.0,1009.0
2024-07-04 08:00:00,21.0,46.0,14.8,1009.0
2024-07-04 09:00:00,21.4,47.0,10.8,1006.6
2024-07-04 10:00:00,23.0,41.0,16.6,1009.0
2024-07-04 11:00:00,23.0,38.0,20.5,1009.0
2024-07-04 12:00:00,23.2,44.0,7.2,1006.1
2024-07-04 13:00:00,24.0,41.0,18.4,1009.0
2024-07-04 14:00:00,24.0,41.0,16.6,1009.0
2024-07-04 15:00:00,23.0,45.0,7.2,1006.4
2024-07-04 16:00:00,24.0,41.0,13.0,1010.0
2024-07-04 17:00:00,23.0,44.0,5.4,1010.0
2024-07-04 18:00:00,21.8,50.0,10.8,1007.5
2024-07-04 19:00:00,20.0,56.0,11.2,1012.0
2024-07-04 20:00:00,18.0,64.0,13.0,1012.0
2024-07-04 21:00:00,18.4,66.0,7.2,1010.5
2024-07-04 22:00:00,17.0,68.0,11.2,1013.0
2024-07-04 23:00:00,16.0,72.0,7.6,1014.0
2024-07-05 00:00:00,17.3,70.0,7.2,1012.0
2024-07-05 01:00:00,14.0,82.0,3.6,1014.0
2024-07-05 02:00:00,13.0,88.0,7.6,1015.0
2024-07-05 03:00:00,16.2,75.0,7.2,1013.2
2024-07-05 04:00:00,13.0,88.0,5.4,1016.0
2024-07-05 05:00:00,15.0,82.0,3.6,1016.0
2024-07-05 06:00:00,18.9,67.0,7.2,1014.7
2024-07-05 07:00:00,20.0,64.0,16.6,1017.0
2024-07-05 08:00:00,22.0,53.0,11.2,1017.0
2024-07-05 09:00:00,21.9,55.0,3.6,1014.3
2024-07-05 10:00:00,24.0,44.0,9.4,1017.0
2024-07-05 11:00:00,24.0,47.0,11.2,1017.0
2024-07-05 12:00:00,24.1,48.0,7.2,1013.6
2024-07-05 13:00:00,26.0,39.0,14.8,1016.0
2024-07-05 14:00:00,25.0,44.0,13.0,1017.0
2024-07-05 15:00:00,26.1,45.0,3.6,1013.2
2024-07-05 16:00:00,25.0,44.0,7.6,1017.0
2024-07-05 17:00:00,25.0,44.0,9.4,1017.0
2024-07-05 18:00:00,21.8,59.0,3.6,1014.5
2024-07-05 19:00:00,21.0,56.0,5.4,1018.0
2024-07-05 20:00:00,18.0,73.0,0.0,1018.0
2024-07-05 21:00:00,15.9,85.0,3.6,1017.1
2024-07-05 22:00:00,15.0,88.0,0.0,1019.0
2024-07-05 23:00:00,15.0,88.0,3.6,1019.0
2024-07-06 00:00:00,13.0,92.0,3.6,1018.5
2024-07-06 01:00:00,13.0,88.0,9.4,1019.0
2024-07-06 02:00:00,13.0,88.0,7.6,1019.0
2024-07-06 03:00:00,12.8,88.0,5.4,1018.7
2024-07-06 04:00:00,14.0,82.0,7.6,1019.0
2024-07-06 05:00:00,15.0,82.0,3.6,1020.0
2024-07-06 06:00:00,18.7,70.0,3.6,1017.8
2024-07-06 07:00:00,20.0,64.0,3.6,1020.0
2024-07-06 08:00:00,24.0,54.0,5.4,1019.0
2024-07-06 09:00:00,24.5,54.0,3.6,1015.8
2024-07-06 10:00:00,28.0,37.0,11.2,1019.0
2024-07-06 11:00:00,29.0,35.0,13.0,1018.0
2024-07-06 12:00:00,28.6,38.0,7.2,1013.6
2024-07-06 13:00:00,30.0,33.0,9.4,1017.0
2024-07-06 14:00:00,31.0,29.0,5.4,1016.0
2024-07-06 15:00:00,29.9,36.0,3.6,1011.8
2024-07-06 16:00:00,30.0,33.0,16.6,1016.0
2024-07-06 17:00:00,29.0,33.0,18.4,1016.0
2024-07-06 18:00:00,26.7,40.0,3.6,1012.6
2024-07-06 19:00:00,22.0,53.0,13.0,1016.0
2024-07-06 20:00:00,20.0,60.0,14.8,1017.0
2024-07-06 21:00:00,23.8,45.0,7.2,1014.2
2024-07-06 22:00:00,20.0,60.0,20.5,1018.0
2024-07-06 23:00:00,21.0,56.0,24.1,1018.0
2024-07-07 00:00:00,21.2,57.0,7.2,1015.4
2024-07-07 01:00:00,19.0,60.0,16.6,1018.0
2024-07-07 02:00:00,18.0,64.0,13.0,1018.0
2024-07-07 03:00:00,17.8,69.0,7.2,1016.6
2024-07-07 04:00:00,16.0,72.0,13.0,1019.0
2024-07-07 05:00:00,19.0,60.0,11.2,1018.0
2024-07-07 06:00:00,21.0,58.0,3.6,1016.0
2024-07-07 07:00:00,24.0,41.0,13.0,1018.0
2024-07-07 08:00:00,26.0,39.0,9.4,1018.0
2024-07-07 09:00:00,26.3,45.0,3.6,1014.3
2024-07-07 10:00:00,29.0,35.0,13.0,1017.0
2024-07-07 11:00:00,30.0,33.0,16.6,1017.0
2024-07-07 12:00:00,29.8,37.0,7.2,1012.4
2024-07-07 13:00:00,31.0,29.0,9.4,1016.0
2024-07-07 14:00:00,32.0,30.0,7.6,1016.0
2024-07-07 15:00:00,31.2,33.0,7.2,1011.0
2024-07-07 16:00:00,31.0,36.0,9.4,1015.0
2024-07-07 17:00:00,29.0,43.0,13.0,1015.0
2024-07-07 18:00:00,28.0,46.0,3.6,1011.8
2024-07-07 19:00:00,24.0,54.0,11.2,1016.0
2024-07-07 20:00:00,24.0,50.0,14.8,1017.0
2024-07-07 21:00:00,21.9,52.0,7.2,1014.3
2024-07-07 22:00:00,18.0,68.0,13.0,1017.0
2024-07-07 23:00:00,19.0,60.0,11.2,1017.0
2024-07-08 00:00:00,19.6,59.0,3.6,1015.2
2024-07-08 01:00:00,19.0,60.0,11.2,1017.0
2024-07-08 02:00:00,17.0,68.0,9.4,1017.0
2024-07-08 03:00:00,17.3,69.0,3.6,1015.6
2024-07-08 04:00:00,17.0,72.0,9.4,1017.0
2024-07-08 05:00:00,19.0,68.0,3.6,1018.0
2024-07-08 06:00:00,22.7,54.0,5.4,1014.4
2024-07-08 07:00:00,24.0,50.0,5.4,1017.0
2024-07-08 08:00:00,26.0,42.0,3.6,1017.0
2024-07-08 09:00:00,27.3,44.0,3.6,1013.6
2024-07-08 10:00:00,30.0,35.0,11.2,1017.0
2024-07-08 11:00:00,31.0,31.0,5.4,1016.0
2024-07-08 12:00:00,30.7,36.0,10.8,1012.3
2024-07-08 13:00:00,32.0,30.0,11.2,1016.0
2024-07-08 14:00:00,32.0,28.0,11.2,1015.0
2024-07-08 15:00:00,31.2,32.0,7.2,1011.1
2024-07-08 16:00:00,30.0,35.0,13.0,1015.0
2024-07-08 17:00:00,30.0,38.0,11.2,1015.0
2024-07-08 18:00:00,27.2,49.0,3.6,1012.1
2024-07-08 19:00:00,26.0,51.0,9.4,1016.0
2024-07-08 20:00:00,22.0,60.0,7.6,1016.0
2024-07-08 21:00:00,22.4,57.0,7.2,1014.4
2024-07-08 22:00:00,21.0,64.0,9.4,1017.0
2024-07-08 23:00:00,18.0,73.0,7.6,1018.0
2024-07-09 00:00:00,20.8,60.0,7.2,1015.4
2024-07-09 01:00:00,18.0,73.0,9.4,1018.0
2024-07-09 02:00:00,17.0,77.0,7.6,1018.0
2024-07-09 03:00:00,16.7,80.0,3.6,1016.4
2024-07-09 04:00:00,18.0,73.0,7.6,1018.0
2024-07-09 05:00:00,20.0,64.0,5.4,1019.0
2024-07-09 06:00:00,23.3,61.0,3.6,1015.4
2024-07-09 07:00:00,26.0,48.0,3.6,1019.0
2024-07-09 08:00:00,28.0,42.0,3.6,1018.0
2024-07-09 09:00:00,29.2,38.0,7.2,1014.0
2024-07-09 10:00:00,31.0,29.0,13.0,1018.0
2024-07-09 11:00:00,32.0,32.0,14.8,1017.0
2024-07-09 12:00:00,31.1,35.0,3.6,1013.0
2024-07-09 13:00:00,32.0,34.0,16.6,1017.0
2024-07-09 14:00:00,32.0,32.0,16.6,1017.0
2024-07-09 15:00:00,31.3,35.0,10.8,1012.1
2024-07-09 16:00:00,31.0,33.0,18.4,1016.0
2024-07-09 17:00:00,30.0,33.0,13.0,1017.0
2024-07-09 18:00:00,27.9,44.0,3.6,1012.9
2024-07-09 19:00:00,27.0,42.0,13.0,1017.0
2024-07-09 20:00:00,25.0,47.0,9.4,1018.0
2024-07-09 21:00:00,20.5,64.0,3.6,1015.5
2024-07-09 22:00:00,21.0,60.0,5.4,1018.0
2024-07-09 23:00:00,20.0,64.0,5.4,1018.0
2024-07-10 00:00:00,21.0,58.0,7.2,1015.9
2024-07-10 01:00:00,17.0,77.0,7.6,1019.0
2024-07-10 02:00:00,18.0,64.0,9.4,1018.0
2024-07-10 03:00:00,18.6,65.0,7.2,1016.3
2024-07-10 04:00:00,18.0,73.0,3.6,1019.0
2024-07-10 05:00:00,20.0,64.0,3.6,1019.0
2024-07-10 06:00:00,22.9,59.0,3.6,1016.0
2024-07-10 07:00:00,25.0,50.0,3.6,1019.0
2024-07-10 08:00:00,29.0,40.0,5.4,1019.0
2024-07-10 09:00:00,29.0,43.0,7.2,1014.4
2024-07-10 10:00:00,31.0,31.0,11.2,1018.0
2024-07-10 11:00:00,32.0,28.0,20.5,1018.0
2024-07-10 12:00:00,31.2,32.0,14.4,1013.5
2024-07-10 13:00:00,32.0,30.0,20.5,1017.0
2024-07-10 14:00:00,32.0,30.0,20.5,1017.0
2024-07-10 15:00:00,31.6,33.0,7.2,1012.3
2024-07-10 16:00:00,31.0,33.0,18.4,1017.0
2024-07-10 17:00:00,30.0,35.0,13.0,1017.0
2024-07-10 18:00:00,26.2,49.0,3.6,1013.8
2024-07-10 19:00:00,25.0,47.0,5.4,1018.0
2024-07-10 20:00:00,24.0,54.0,0.0,1018.0
2024-07-10 21:00:00,23.0,55.0,7.2,1015.1
2024-07-10 22:00:00,19.0,73.0,5.4,1018.0
2024-07-10 23:00:00,19.0,73.0,9.4,1018.0
2024-07-11 00:00:00,19.9,64.0,3.6,1015.8
2024-07-11 01:00:00,18.0,73.0,5.4,1018.0
2024-07-11 02:00:00,18.0,78.0,5.4,1018.0
2024-07-11 03:00:00,15.6,86.0,3.6,1016.8
2024-07-11 04:00:00,17.0,82.0,7.6,1018.0
2024-07-11 05:00:00,19.0,78.0,7.6,1018.0
2024-07-11 06:00:00,22.7,60.0,7.2,1015.7
2024-07-11 07:00:00,25.0,50.0,3.6,1018.0
2024-07-11 08:00:00,28.0,45.0,3.6,1018.0
2024-07-11 09:00:00,29.8,39.0,7.2,1013.8
2024-07-11 10:00:00,33.0,24.0,11.2,1017.0
2024-07-11 11:00:00,33.0,30.0,9.4,1017.0
2024-07-11 12:00:00,33.0,30.0,10.8,1011.8
2024-07-11 13:00:00,34.0,30.0,14.8,1016.0
2024-07-11 14:00:00,33.0,28.0,9.4,1016.0
2024-07-11 15:00:00,32.9,32.0,10.8,1011.4
2024-07-11 16:00:00,33.0,30.0,16.6,1016.0
2024-07-11 17:00:00,31.0,36.0,16.6,1016.0
2024-07-11 18:00:00,29.6,40.0,7.2,1012.2
2024-07-11 19:00:00,28.0,40.0,13.0,1017.0
2024-07-11 20:00:00,24.0,54.0,9.4,1017.0
2024-07-11 21:00:00,24.6,48.0,7.2,1014.0
2024-07-11 22:00:00,22.0,60.0,3.6,1017.0
2024-07-11 23:00:00,19.0,73.0,5.4,1017.0
2024-07-12 00:00:00,21.8,60.0,7.2,1014.5
2024-07-12 01:00:00,19.0,68.0,11.2,1017.0
2024-07-12 02:00:00,18.0,73.0,3.6,1017.0
2024-07-12 03:00:00,19.7,69.0,3.6,1014.9
2024-07-12 04:00:00,18.0,73.0,5.4,1017.0
2024-07-12 05:00:00,21.0,60.0,1.8,1017.0
2024-07-12 06:00:00,23.9,61.0,3.6,1014.6
2024-07-12 07:00:00,26.0,48.0,0.0,1017.0
2024-07-12 08:00:00,29.0,40.0,5.4,1017.0
2024-07-12 09:00:00,29.8,34.0,7.2,1012.6
2024-07-12 10:00:00,32.0,24.0,14.8,1016.0
2024-07-12 11:00:00,33.0,23.0,14.8,1016.0
2024-07-12 12:00:00,32.3,26.0,3.6,1010.5
2024-07-12 13:00:00,34.0,20.0,9.4,1014.0
2024-07-12 14:00:00,33.0,24.0,18.4,1014.0
2024-07-12 15:00:00,33.3,28.0,7.2,1008.9
2024-07-12 16:00:00,33.0,28.0,16.6,1013.0
2024-07-12 17:00:00,32.0,32.0,15.0,1013.0
2024-07-12 18:00:00,28.9,43.0,3.6,1009.8
2024-07-12 19:00:00,26.0,42.0,13.0,1014.0
2024-07-12 20:00:00,26.0,42.0,13.0,1014.0
2024-07-12 21:00:00,23.8,48.0,7.2,1011.6
2024-07-12 22:00:00,21.0,60.0,9.0,1015.0
2024-07-12 23:00:00,20.0,64.0,11.0,1014.0
2024-07-13 00:00:00,19.0,64.0,9.4,1012.1
2024-07-13 01:00:00,20.0,60.0,7.0,1014.0
2024-07-13 02:00:00,19.0,68.0,7.6,1014.0
2024-07-13 03:00:00,16.5,80.0,0.0,1013.2
2024-07-13 04:00:00,18.0,73.0,5.4,1015.0
2024-07-13 05:00:00,21.0,60.0,6.0,1015.0
2024-07-13 06:00:00,24.0,50.0,0.0,1012.3
2024-07-13 07:00:00,26.0,45.0,4.0,1015.0
2024-07-13 08:00:00,29.0,40.0,5.4,1015.0
2024-07-13 09:00:00,30.4,37.0,3.6,1010.5
2024-07-13 10:00:00,33.0,24.0,9.4,1014.0
2024-07-13 11:00:00,34.0,25.0,9.4,1014.0
2024-07-13 12:00:00,33.5,25.0,10.8,1009.0
2024-07-13 13:00:00,35.0,23.0,16.6,1013.0
2024-07-13 14:00:00,34.0,22.0,18.4,1013.0
2024-07-13 15:00:00,33.4,25.0,11.0,1008.5
2024-07-13 16:00:00,33.0,24.0,15.0,1013.0
2024-07-13 17:00:00,32.0,30.0,13.0,1013.0
2024-07-13 18:00:00,29.0,37.0,11.2,1009.1
2024-07-13 19:00:00,26.0,45.0,15.0,1014.0
2024-07-13 20:00:00,25.0,50.0,13.0,1015.0
2024-07-13 21:00:00,25.6,54.0,3.6,1011.8
2024-07-13 22:00:00,22.0,65.0,13.0,1015.0
2024-07-13 23:00:00,21.0,64.0,15.0,1015.0
2024-07-14 00:00:00,22.9,62.0,3.6,1012.6
2024-07-14 01:00:00,21.0,64.0,11.0,1015.0
2024-07-14 02:00:00,18.0,78.0,9.4,1015.0
2024-07-14 03:00:00,18.6,79.0,9.4,1013.6
2024-07-14 04:00:00,19.0,78.0,9.0,1016.0
2024-07-14 05:00:00,22.0,64.0,3.6,1016.0
2024-07-14 06:00:00,24.0,57.0,3.6,1012.4
2024-07-14 07:00:00,26.0,51.0,0.0,1016.0
2024-07-14 08:00:00,29.0,43.0,5.4,1016.0
2024-07-14 09:00:00,29.3,44.0,7.0,1011.1
2024-07-14 10:00:00,33.0,28.0,9.0,1015.0
2024-07-14 11:00:00,34.0,22.0,13.0,1014.0
2024-07-14 12:00:00,35.0,19.0,13.0,1009.7
2024-07-14 13:00:00,35.0,22.0,7.6,1013.0
2024-07-14 14:00:00,34.0,22.0,9.0,1013.0
2024-07-14 15:00:00,34.6,26.0,7.2,1007.8
2024-07-14 16:00:00,34.0,25.0,16.6,1013.0
2024-07-14 17:00:00,33.0,28.0,19.0,1013.0
2024-07-14 18:00:00,30.6,37.0,7.2,1009.0
2024-07-14 19:00:00,26.0,45.0,9.0,1014.0
2024-07-14 20:00:00,26.0,45.0,13.0,1014.0
2024-07-14 21:00:00,24.8,51.0,7.2,1011.1
2024-07-14 22:00:00,21.0,64.0,13.0,1015.0
2024-07-14 23:00:00,22.0,57.0,11.0,1015.0
2024-07-15 00:00:00,23.0,55.0,4.0,1012.3
2024-07-15 01:00:00,20.0,60.0,9.0,1015.0
2024-07-15 02:00:00,19.0,64.0,7.6,1015.0
2024-07-15 03:00:00,17.1,77.0,7.6,1014.0
2024-07-15 04:00:00,18.0,68.0,3.6,1016.0
2024-07-15 05:00:00,20.0,64.0,5.4,1016.0
2024-07-15 06:00:00,23.8,55.0,3.6,1015.0
2024-07-15 07:00:00,26.0,42.0,0.0,1016.0
2024-07-15 08:00:00,29.0,37.0,5.4,1016.0
2024-07-15 09:00:00,31.4,31.0,3.6,1011.3
2024-07-15 10:00:00,33.0,26.0,11.2,1016.0
2024-07-15 11:00:00,35.0,22.0,20.5,1015.0
2024-07-15 12:00:00,33.8,26.0,10.8,1010.3
2024-07-15 13:00:00,35.0,23.0,20.5,1014.0
2024-07-15 14:00:00,35.0,20.0,20.5,1014.0
2024-07-15 15:00:00,33.7,24.0,10.8,1009.7
2024-07-15 16:00:00,34.0,22.0,14.8,1014.0
2024-07-15 17:00:00,32.0,24.0,14.8,1014.0
2024-07-15 18:00:00,30.0,34.0,3.6,1010.0
2024-07-15 19:00:00,27.0,37.0,14.8,1015.0
2024-07-15 20:00:00,25.0,36.0,11.2,1015.0
2024-07-15 21:00:00,23.8,44.0,7.2,1012.3
2024-07-15 22:00:00,20.0,52.0,3.6,1016.0
2024-07-15 23:00:00,19.0,64.0,3.6,1016.0
2024-07-16 00:00:00,18.4,65.0,3.6,1013.6
2024-07-16 01:00:00,17.0,68.0,9.4,1016.0
2024-07-16 02:00:00,17.0,68.0,7.6,1015.0
2024-07-16 03:00:00,20.0,54.0,7.2,1013.5
2024-07-16 04:00:00,17.0,72.0,5.4,1016.0
2024-07-16 05:00:00,20.0,60.0,3.6,1016.0
2024-07-16 06:00:00,24.0,52.0,7.2,1013.4
2024-07-16 07:00:00,26.0,39.0,5.4,1016.0
2024-07-16 08:00:00,29.0,35.0,5.4,1016.0
2024-07-16 09:00:00,30.9,35.0,7.2,1011.3
2024-07-16 10:00:00,34.0,26.0,14.8,1015.0
2024-07-16 11:00:00,35.0,27.0,11.2,1014.0
2024-07-16 12:00:00,33.8,30.0,7.2,1009.3
2024-07-16 13:00:00,36.0,24.0,22.3,1014.0
2024-07-16 14:00:00,36.0,24.0,24.1,1013.0
2024-07-16 15:00:00,34.6,29.0,10.8,1008.1
2024-07-16 16:00:00,35.0,27.0,20.5,1013.0
2024-07-16 17:00:00,33.0,30.0,16.6,1013.0
2024-07-16 18:00:00,29.5,44.0,3.6,1009.6
2024-07-16 19:00:00,28.0,45.0,13.0,1015.0
2024-07-16 20:00:00,27.0,45.0,16.6,1015.0
2024-07-16 21:00:00,24.9,53.0,3.6,1011.8
2024-07-16 22:00:00,23.0,57.0,11.2,1015.0
2024-07-16 23:00:00,22.0,60.0,13.0,1015.0
2024-07-17 00:00:00,24.4,54.0,3.6,1012.1
2024-07-17 01:00:00,22.0,60.0,9.4,1015.0
2024-07-17 02:00:00,21.0,64.0,11.2,1016.0
2024-07-17 03:00:00,21.0,66.0,3.6,1013.6
2024-07-17 04:00:00,21.0,69.0,7.6,1016.0
2024-07-17 05:00:00,24.0,54.0,0.0,1017.0
2024-07-17 06:00:00,26.1,53.0,3.6,1013.7
2024-07-17 07:00:00,29.0,43.0,3.6,1017.0
2024-07-17 08:00:00,31.0,36.0,3.6,1017.0
2024-07-17 09:00:00,32.0,37.0,7.2,1012.2
2024-07-17 10:00:00,35.0,25.0,13.0,1017.0
2024-07-17 11:00:00,36.0,21.0,9.4,1016.0
2024-07-17 12:00:00,35.2,25.0,7.2,1010.8
2024-07-17 13:00:00,36.0,27.0,24.1,1015.0
2024-07-17 14:00:00,36.0,25.0,14.8,1015.0
2024-07-17 15:00:00,35.3,28.0,7.2,1010.0
2024-07-17 16:00:00,36.0,22.0,7.6,1015.0
2024-07-17 17:00:00,34.0,25.0,13.0,1015.0
2024-07-17 18:00:00,30.7,36.0,3.6,1011.0
2024-07-17 19:00:00,28.0,40.0,11.2,1017.0
2024-07-17 20:00:00,26.0,48.0,13.0,1017.0
2024-07-17 21:00:00,26.5,50.0,7.2,1013.7
2024-07-17 22:00:00,24.0,54.0,9.4,1017.0
2024-07-17 23:00:00,23.0,61.0,9.4,1017.0
2024-07-18 00:00:00,24.4,54.0,7.2,1014.3
2024-07-18 01:00:00,21.0,69.0,5.4,1017.0
2024-07-18 02:00:00,19.0,73.0,1.8,1017.0
2024-07-18 03:00:00,19.0,80.0,3.6,1015.5
2024-07-18 04:00:00,21.0,64.0,7.6,1018.0
2024-07-18 05:00:00,22.0,64.0,3.6,1018.0
2024-07-18 06:00:00,25.8,58.0,3.6,1015.5
2024-07-18 07:00:00,28.0,45.0,5.4,1019.0
2024-07-18 08:00:00,31.0,40.0,7.6,1019.0
2024-07-18 09:00:00,32.0,40.0,3.6,1013.6
2024-07-18 10:00:00,35.0,28.0,9.4,1018.0
2024-07-18 11:00:00,36.0,25.0,16.6,1017.0
2024-07-18 12:00:00,34.9,28.0,14.4,1011.7
2024-07-18 13:00:00,37.0,24.0,18.4,1017.0
2024-07-18 14:00:00,35.0,30.0,18.4,1016.0
2024-07-18 15:00:00,34.6,32.0,7.2,1011.0
2024-07-18 16:00:00,33.0,34.0,13.0,1016.0
2024-07-18 17:00:00,33.0,34.0,11.2,1017.0
2024-07-18 18:00:00,31.2,42.0,3.6,1012.6
2024-07-18 19:00:00,26.0,58.0,18.4,1020.0
2024-07-18 20:00:00,24.0,69.0,11.2,1021.0
2024-07-18 21:00:00,23.4,71.0,10.8,1017.6
2024-07-18 22:00:00,23.0,69.0,14.8,1019.0
2024-07-18 23:00:00,21.0,78.0,14.8,1019.0
2024-07-19 00:00:00,21.8,76.0,7.2,1017.0
2024-07-19 01:00:00,20.0,83.0,5.4,1018.0
2024-07-19 02:00:00,18.0,88.0,5.4,1018.0
2024-07-19 03:00:00,17.9,90.0,3.6,1017.0
2024-07-19 04:00:00,19.0,88.0,5.4,1019.0
2024-07-19 05:00:00,21.0,78.0,1.8,1019.0
2024-07-19 06:00:00,23.6,69.0,3.6,1016.0
2024-07-19 07:00:00,26.0,51.0,3.6,1019.0
2024-07-19 08:00:00,29.0,43.0,7.6,1018.0
2024-07-19 09:00:00,29.7,42.0,3.6,1014.1
2024-07-19 10:00:00,32.0,36.0,9.4,1017.0
2024-07-19 11:00:00,34.0,34.0,11.2,1016.0
2024-07-19 12:00:00,33.0,37.0,7.2,1011.5
2024-07-19 13:00:00,34.0,30.0,16.6,1015.0
2024-07-19 14:00:00,33.0,32.0,14.8,1015.0
2024-07-19 15:00:00,32.0,38.0,10.8,1010.1
2024-07-19 16:00:00,32.0,36.0,16.6,1014.0
2024-07-19 17:00:00,31.0,40.0,18.4,1015.0
2024-07-19 18:00:00,29.1,48.0,7.2,1010.8
2024-07-19 19:00:00,26.0,54.0,14.8,1015.0
2024-07-19 20:00:00,25.0,57.0,13.0,1015.0
2024-07-19 21:00:00,24.3,63.0,7.2,1012.3
2024-07-19 22:00:00,22.0,69.0,9.4,1015.0
2024-07-19 23:00:00,21.0,73.0,11.2,1015.0
2024-07-20 00:00:00,22.3,70.0,3.6,1012.4
2024-07-20 01:00:00,21.0,73.0,11.2,1014.0
2024-07-20 02:00:00,20.0,78.0,2.0,1014.0
2024-07-20 03:00:00,19.5,83.0,4.0,1012.3
2024-07-20 04:00:00,20.0,78.0,11.0,1014.0
2024-07-20 05:00:00,22.0,69.0,3.7,1014.0
2024-07-20 06:00:00,24.0,65.0,3.6,1011.1
2024-07-20 07:00:00,26.0,61.0,7.6,1014.0
2024-07-20 08:00:00,29.0,48.0,7.6,1013.0
2024-07-20 09:00:00,29.7,48.0,3.6,1009.1
2024-07-20 10:00:00,33.0,32.0,9.4,1012.0
2024-07-20 11:00:00,34.0,28.0,14.8,1011.0
2024-07-20 12:00:00,33.6,33.0,7.2,1006.0
2024-07-20 13:00:00,35.0,27.0,11.2,1010.0
2024-07-20 14:00:00,35.0,25.0,13.0,1009.0
2024-07-20 15:00:00,32.3,34.0,10.8,1004.8
2024-07-20 16:00:00,32.0,26.0,13.0,1009.0
2024-07-20 17:00:00,31.0,33.0,11.2,1009.0
2024-07-20 18:00:00,28.9,43.0,7.2,1005.3
2024-07-20 19:00:00,27.0,45.0,16.6,1010.0
2024-07-20 20:00:00,27.0,45.0,5.4,1010.0
2024-07-20 21:00:00,26.1,53.0,3.6,1006.6
2024-07-20 22:00:00,25.0,57.0,13.0,1011.0
2024-07-20 23:00:00,23.0,74.0,16.6,1012.0
2024-07-21 00:00:00,21.6,85.0,7.2,1008.9
2024-07-21 01:00:00,20.0,88.0,9.4,1011.0
2024-07-21 02:00:00,20.0,94.0,3.6,1011.0
2024-07-21 03:00:00,20.3,93.0,7.2,1008.9
2024-07-21 04:00:00,20.0,88.0,5.4,1011.0
2024-07-21 05:00:00,21.0,83.0,5.4,1011.0
2024-07-21 06:00:00,23.3,73.0,3.6,1008.3
2024-07-21 07:00:00,27.0,54.0,9.4,1011.0
2024-07-21 08:00:00,28.0,48.0,13.0,1011.0
2024-07-21 09:00:00,29.0,49.0,7.2,1006.7
2024-07-21 10:00:00,32.0,38.0,11.2,1010.0
2024-07-21 11:00:00,28.0,48.0,24.1,1010.0
2024-07-21 12:00:00,26.2,73.0,3.6,1006.5
2024-07-21 13:00:00,32.0,38.0,9.4,1009.0
2024-07-21 14:00:00,32.0,38.0,7.6,1009.0
2024-07-21 15:00:00,31.4,41.0,10.8,1004.6
2024-07-21 16:00:00,30.0,49.0,9.4,1009.0
2024-07-21 17:00:00,28.0,58.0,20.5,1010.0
2024-07-21 18:00:00,26.8,65.0,7.2,1006.3
2024-07-21 19:00:00,25.0,69.0,5.4,1011.0
2024-07-21 20:00:00,24.0,74.0,3.6,1011.0
2024-07-21 21:00:00,23.1,81.0,0.0,1008.0
2024-07-21 22:00:00,24.0,74.0,3.6,1012.0
2024-07-21 23:00:00,23.0,78.0,3.6,1012.0
2024-07-22 00:00:00,21.7,87.0,3.6,1008.8
2024-07-22 01:00:00,22.0,78.0,0.0,1012.0
2024-07-22 02:00:00,20.0,88.0,7.6,1012.0
2024-07-22 03:00:00,20.0,86.0,3.6,1009.3
2024-07-22 04:00:00,19.0,88.0,5.4,1012.0
2024-07-22 05:00:00,21.0,78.0,5.4,1012.0
2024-07-22 06:00:00,23.9,66.0,7.2,1009.4
2024-07-22 07:00:00,26.0,58.0,11.2,1013.0
2024-07-22 08:00:00,26.0,58.0,13.0,1012.0
2024-07-22 09:00:00,27.9,50.0,7.2,1008.4
2024-07-22 10:00:00,30.0,43.0,11.2,1012.0
2024-07-22 11:00:00,31.0,40.0,16.6,1011.0
2024-07-22 12:00:00,30.4,41.0,10.8,1006.8
2024-07-22 13:00:00,31.0,36.0,18.4,1011.0
2024-07-22 14:00:00,31.0,33.0,14.8,1011.0
2024-07-22 15:00:00,31.3,36.0,7.2,1006.7
2024-07-22 16:00:00,29.0,52.0,33.5,1011.0
2024-07-22 17:00:00,26.0,65.0,18.4,1012.0
2024-07-22 18:00:00,25.2,69.0,7.2,1009.1
2024-07-22 19:00:00,24.0,74.0,9.4,1014.0
2024-07-22 20:00:00,22.0,78.0,9.4,1014.0
2024-07-22 21:00:00,22.1,84.0,3.6,1011.3
2024-07-22 22:00:00,22.0,78.0,0.0,1015.0
2024-07-22 23:00:00,21.0,83.0,3.6,1014.0
2024-07-23 00:00:00,19.8,92.0,5.4,1012.2
2024-07-23 01:00:00,20.0,88.0,1.8,1015.0
2024-07-23 02:00:00,20.0,83.0,0.0,1014.0
2024-07-23 03:00:00,18.2,93.0,3.6,1012.6
2024-07-23 04:00:00,19.0,88.0,3.6,1015.0
2024-07-23 05:00:00,21.0,78.0,5.4,1015.0
2024-07-23 06:00:00,23.0,69.0,7.2,1011.9
2024-07-23 07:00:00,26.0,54.0,14.8,1015.0
2024-07-23 08:00:00,28.0,48.0,11.2,1015.0
2024-07-23 09:00:00,28.2,50.0,3.6,1010.7
2024-07-23 10:00:00,27.0,58.0,13.0,1015.0
2024-07-23 11:00:00,29.0,45.0,7.6,1014.0
2024-07-23 12:00:00,20.7,79.0,10.8,1013.2
2024-07-23 13:00:00,24.0,65.0,5.4,1014.0
2024-07-23 14:00:00,28.0,42.0,7.6,1015.0
2024-07-23 15:00:00,27.5,52.0,3.6,1010.6
2024-07-23 16:00:00,28.0,42.0,11.2,1014.0
2024-07-23 17:00:00,27.0,51.0,7.6,1014.0
2024-07-23 18:00:00,24.1,65.0,3.6,1011.6
2024-07-23 19:00:00,22.0,73.0,3.6,1015.0
2024-07-23 20:00:00,22.0,69.0,0.0,1015.0
2024-07-23 21:00:00,19.2,78.0,4.0,1013.0
2024-07-23 22:00:00,20.0,78.0,0.0,1015.0
2024-07-23 23:00:00,18.0,88.0,5.4,1015.0
2024-07-24 00:00:00,16.7,89.0,1.8,1013.6
2024-07-24 01:00:00,17.0,94.0,5.4,1014.0
2024-07-24 02:00:00,16.0,94.0,7.6,1014.0
2024-07-24 03:00:00,17.7,82.0,3.6,1013.0
2024-07-24 04:00:00,16.0,94.0,3.6,1014.0
2024-07-24 05:00:00,18.0,88.0,5.4,1014.0
2024-07-24 06:00:00,21.1,72.0,3.6,1011.9
2024-07-24 07:00:00,23.0,65.0,3.6,1014.0
2024-07-24 08:00:00,25.0,57.0,5.4,1014.0
2024-07-24 09:00:00,26.9,55.0,3.6,1009.5
2024-07-24 10:00:00,30.0,35.0,5.4,1012.0
2024-07-24 11:00:00,31.0,29.0,7.6,1011.0
2024-07-24 12:00:00,29.9,36.0,3.6,1006.6
2024-07-24 13:00:00,29.0,40.0,14.8,1010.0
2024-07-24 14:00:00,29.0,43.0,24.1,1010.0
2024-07-24 15:00:00,28.3,46.0,10.8,1006.2
2024-07-24 16:00:00,25.0,54.0,11.2,1011.0
2024-07-24 17:00:00,24.0,61.0,7.6,1012.0
2024-07-24 18:00:00,22.6,69.0,13.0,1009.2
2024-07-24 19:00:00,21.0,78.0,9.4,1013.0
2024-07-24 20:00:00,20.0,88.0,5.4,1013.0
2024-07-24 21:00:00,20.6,79.0,3.6,1009.8
2024-07-24 22:00:00,20.0,83.0,11.2,1012.0
2024-07-24 23:00:00,20.0,78.0,14.8,1012.0
2024-07-25 00:00:00,19.6,77.0,7.2,1010.0
2024-07-25 01:00:00,19.0,83.0,9.4,1011.0
2024-07-25 02:00:00,19.0,78.0,11.2,1011.0
2024-07-25 03:00:00,19.4,77.0,7.2,1009.4
2024-07-25 04:00:00,19.0,83.0,5.4,1011.0
2024-07-25 05:00:00,20.0,78.0,14.8,1011.0
2024-07-25 06:00:00,19.6,79.0,10.8,1009.5
2024-07-25 07:00:00,21.0,73.0,16.6,1011.0
2024-07-25 08:00:00,24.0,61.0,20.5,1011.0
2024-07-25 09:00:00,24.8,56.0,7.2,1008.0
2024-07-25 10:00:00,26.0,48.0,18.4,1010.0
2024-07-25 11:00:00,23.0,57.0,24.1,1010.0
2024-07-25 12:00:00,27.2,43.0,10.8,1006.1
2024-07-25 13:00:00,26.0,39.0,9.4,1009.0
2024-07-25 14:00:00,28.0,35.0,24.1,1009.0
2024-07-25 15:00:00,27.1,34.0,10.8,1005.6
2024-07-25 16:00:00,26.0,36.0,25.9,1009.0
2024-07-25 17:00:00,25.0,39.0,24.1,1010.0
2024-07-25 18:00:00,23.4,42.0,10.8,1007.4
2024-07-25 19:00:00,22.0,46.0,14.8,1011.0
2024-07-25 20:00:00,20.0,52.0,9.4,1012.0
2024-07-25 21:00:00,20.1,58.0,7.2,1010.1
2024-07-25 22:00:00,19.0,60.0,13.0,1012.0
2024-07-25 23:00:00,18.0,60.0,13.0,1012.0
2024-07-26 00:00:00,18.8,58.0,7.2,1010.2
2024-07-26 01:00:00,15.0,72.0,11.2,1012.0
2024-07-26 02:00:00,15.0,72.0,11.2,1012.0
2024-07-26 03:00:00,17.8,61.0,7.2,1010.2
2024-07-26 04:00:00,13.0,88.0,1.8,1012.0
2024-07-26 05:00:00,16.0,72.0,7.6,1013.0
2024-07-26 06:00:00,19.7,56.0,10.8,1010.7
2024-07-26 07:00:00,21.0,53.0,16.6,1013.0
2024-07-26 08:00:00,23.0,47.0,14.8,1013.0
2024-07-26 09:00:00,24.1,45.0,7.2,1009.9
2024-07-26 10:00:00,26.0,36.0,13.0,1013.0
2024-07-26 11:00:00,27.0,37.0,13.0,1012.0
2024-07-26 12:00:00,26.8,39.0,7.2,1009.0
2024-07-26 13:00:00,27.0,34.0,14.8,1013.0
2024-07-26 14:00:00,28.0,30.0,11.2,1013.0
2024-07-26 15:00:00,26.8,33.0,7.2,1009.4
2024-07-26 16:00:00,27.0,32.0,13.0,1013.0
2024-07-26 17:00:00,26.0,36.0,13.0,1014.0
2024-07-26 18:00:00,24.5,44.0,3.6,1011.4
2024-07-26 19:00:00,23.0,44.0,7.6,1016.0
2024-07-26 20:00:00,21.0,49.0,9.4,1016.0
2024-07-26 21:00:00,19.9,57.0,5.4,1014.4
2024-07-26 22:00:00,18.0,60.0,11.2,1017.0
2024-07-26 23:00:00,17.0,63.0,5.4,1017.0
2024-07-27 00:00:00,16.1,70.0,3.6,1015.7
2024-07-27 01:00:00,16.0,68.0,5.4,1017.0
2024-07-27 02:00:00,13.0,82.0,5.4,1018.0
2024-07-27 03:00:00,11.5,88.0,3.6,1017.4
2024-07-27 04:00:00,12.0,88.0,5.4,1018.0
2024-07-27 05:00:00,15.0,77.0,3.6,1019.0
2024-07-27 06:00:00,18.5,61.0,3.6,1017.2
2024-07-27 07:00:00,21.0,53.0,9.4,1020.0
2024-07-27 08:00:00,24.0,38.0,9.4,1020.0
2024-07-27 09:00:00,24.3,36.0,3.6,1016.3
2024-07-27 10:00:00,26.0,32.0,7.6,1019.0
2024-07-27 11:00:00,27.0,30.0,7.6,1019.0
2024-07-27 12:00:00,27.6,32.0,7.2,1015.2
2024-07-27 13:00:00,30.0,25.0,7.6,1018.0
2024-07-27 14:00:00,30.0,24.0,7.6,1018.0
2024-07-27 15:00:00,30.1,30.0,7.2,1014.2
2024-07-27 16:00:00,29.0,29.0,14.8,1019.0
2024-07-27 17:00:00,28.0,30.0,11.2,1019.0
2024-07-27 18:00:00,24.8,44.0,3.6,1016.1
2024-07-27 19:00:00,22.0,46.0,9.4,1020.0
2024-07-27 20:00:00,22.0,46.0,11.2,1020.0
2024-07-27 21:00:00,21.0,49.0,7.2,1018.3
2024-07-27 22:00:00,17.0,68.0,11.2,1021.0
2024-07-27 23:00:00,19.0,60.0,9.4,1021.0
2024-07-28 00:00:00,18.9,63.0,3.6,1019.6
2024-07-28 01:00:00,16.0,72.0,13.0,1022.0
2024-07-28 02:00:00,15.0,77.0,9.4,1022.0
2024-07-28 03:00:00,17.5,69.0,7.2,1020.3
2024-07-28 04:00:00,16.0,77.0,5.4,1022.0
2024-07-28 05:00:00,18.0,68.0,5.4,1023.0
2024-07-28 06:00:00,21.5,60.0,3.6,1019.8
2024-07-28 07:00:00,24.0,50.0,5.4,1022.0
2024-07-28 08:00:00,27.0,42.0,5.4,1022.0
2024-07-28 09:00:00,27.5,44.0,7.2,1017.8
2024-07-28 10:00:00,30.0,31.0,5.4,1020.0
2024-07-28 11:00:00,31.0,29.0,13.0,1020.0
2024-07-28 12:00:00,31.0,33.0,3.6,1015.2
2024-07-28 13:00:00,33.0,26.0,7.6,1019.0
2024-07-28 14:00:00,33.0,24.0,5.4,1018.0
2024-07-28 15:00:00,32.9,28.0,3.6,1013.2
2024-07-28 16:00:00,33.0,23.0,9.4,1017.0
2024-07-28 17:00:00,31.0,31.0,14.8,1017.0
2024-07-28 18:00:00,28.8,44.0,3.6,1013.6
2024-07-28 19:00:00,24.0,50.0,14.8,1018.0
2024-07-28 20:00:00,22.0,57.0,9.4,1018.0
2024-07-28 21:00:00,22.2,58.0,7.2,1016.0
2024-07-28 22:00:00,20.0,60.0,7.6,1019.0
2024-07-28 23:00:00,19.0,64.0,7.6,1019.0
2024-07-29 00:00:00,21.6,55.0,3.6,1016.3
2024-07-29 01:00:00,18.0,68.0,5.4,1019.0
2024-07-29 02:00:00,16.0,77.0,3.6,1019.0
2024-07-29 03:00:00,18.7,68.0,3.6,1016.9
2024-07-29 04:00:00,17.0,77.0,9.4,1019.0
2024-07-29 05:00:00,18.0,73.0,7.6,1019.0
2024-07-29 06:00:00,22.1,59.0,3.6,1016.1
2024-07-29 07:00:00,25.0,44.0,11.2,1019.0
2024-07-29 08:00:00,28.0,42.0,13.0,1018.0
2024-07-29 09:00:00,28.9,41.0,7.2,1014.3
2024-07-29 10:00:00,31.0,36.0,14.8,1017.0
2024-07-29 11:00:00,32.0,34.0,16.6,1016.0
2024-07-29 12:00:00,31.6,36.0,10.8,1011.6
2024-07-29 13:00:00,33.0,28.0,13.0,1015.0
2024-07-29 14:00:00,33.0,30.0,9.4,1015.0
2024-07-29 15:00:00,31.7,37.0,10.8,1010.3
2024-07-29 16:00:00,31.0,31.0,27.7,1015.0
2024-07-29 17:00:00,28.0,32.0,24.1,1015.0
2024-07-29 18:00:00,26.6,36.0,10.8,1012.3
2024-07-29 19:00:00,25.0,32.0,25.9,1016.0
2024-07-29 20:00:00,23.0,33.0,24.1,1017.0
2024-07-29 21:00:00,22.5,39.0,14.4,1014.4
2024-07-29 22:00:00,21.0,40.0,24.1,1017.0
2024-07-29 23:00:00,21.0,40.0,22.3,1017.0
2024-07-30 00:00:00,20.7,45.0,7.0,1014.9
2024-07-30 01:00:00,20.0,43.0,16.6,1017.0
2024-07-30 02:00:00,19.0,43.0,16.6,1017.0
2024-07-30 03:00:00,19.5,43.0,10.8,1015.0
2024-07-30 04:00:00,18.0,45.0,9.4,1017.0
2024-07-30 05:00:00,18.0,49.0,9.4,1017.0
2024-07-30 06:00:00,20.4,46.0,10.8,1015.6
2024-07-30 07:00:00,22.0,38.0,18.4,1017.0
2024-07-30 08:00:00,24.0,34.0,25.9,1017.0
2024-07-30 09:00:00,24.3,37.0,10.8,1013.9
2024-07-30 10:00:00,27.0,32.0,13.0,1016.0
2024-07-30 11:00:00,27.0,37.0,11.2,1016.0
2024-07-30 12:00:00,27.0,40.0,10.8,1012.4
2024-07-30 13:00:00,28.0,35.0,13.0,1016.0
2024-07-30 14:00:00,28.0,35.0,18.4,1016.0
2024-07-30 15:00:00,27.0,39.0,10.8,1012.1
2024-07-30 16:00:00,27.0,34.0,14.8,1015.0
2024-07-30 17:00:00,26.0,36.0,16.6,1016.0
2024-07-30 18:00:00,23.8,45.0,7.2,1012.8
2024-07-30 19:00:00,23.0,41.0,5.4,1017.0
2024-07-30 20:00:00,21.0,49.0,9.4,1014.8
2024-07-30 21:00:00,17.4,66.0,7.2,1015.5
2024-07-30 22:00:00,18.0,60.0,9.4,1018.0
2024-07-30 23:00:00,16.0,68.0,0.0,1018.0
2024-07-31 00:00:00,15.0,75.0,1.8,1016.2
2024-07-31 01:00:00,14.0,77.0,5.4,1016.6
2024-07-31 02:00:00,12.0,82.0,7.6,1018.0
2024-07-31 03:00:00,10.7,90.0,5.4,1017.3
2024-07-31 04:00:00,13.0,77.0,11.2,1018.0
2024-07-31 05:00:00,14.0,77.0,9.4,1018.0
2024-07-31 06:00:00,18.8,58.0,3.6,1016.5
2024-07-31 07:00:00,21.0,46.0,9.4,1018.0
2024-07-31 08:00:00,23.0,41.0,5.4,1018.0
2024-07-31 09:00:00,25.2,34.0,7.2,1014.7
2024-07-31 10:00:00,27.0,26.0,7.6,1017.0
2024-07-31 11:00:00,28.0,22.0,5.4,1017.0
2024-07-31 12:00:00,28.4,27.0,7.2,1013.1
2024-07-31 13:00:00,30.0,21.0,11.2,1016.0
2024-07-31 14:00:00,30.0,22.0,11.2,1015.0
2024-07-31 15:00:00,29.8,27.0,3.6,1011.2
2024-07-31 16:00:00,30.0,24.0,13.0,1015.0
2024-07-31 17:00:00,28.0,28.0,13.0,1015.0
2024-07-31 18:00:00,26.2,36.0,3.6,1011.9
2024-07-31 19:00:00,24.0,36.0,7.6,1016.0
2024-07-31 20:00:00,23.0,38.0,7.6,1017.0
2024-07-31 21:00:00,18.5,56.0,4.0,1015.2
2024-07-31 22:00:00,18.0,56.0,1.8,1017.0
2024-07-31 23:00:00,16.0,63.0,3.6,1017.0
2024-08-01 00:00:00,17.0,57.0,3.6,1015.4
2024-08-01 01:00:00,14.0,67.0,7.6,1016.0
2024-08-01 02:00:00,13.0,72.0,5.4,1017.0
2024-08-01 03:00:00,16.0,65.0,7.2,1015.7
2024-08-01 04:00:00,16.0,59.0,5.4,1017.0
2024-08-01 05:00:00,17.0,59.0,5.4,1017.0
2024-08-01 06:00:00,19.5,58.0,3.6,1014.9
2024-08-01 07:00:00,23.0,47.0,7.6,1017.0
2024-08-01 08:00:00,25.0,41.0,7.6,1016.0
2024-08-01 09:00:00,26.0,43.0,7.2,1013.3
2024-08-01 10:00:00,29.0,31.0,7.6,1015.0
2024-08-01 11:00:00,30.0,25.0,11.2,1015.0
2024-08-01 12:00:00,30.0,32.0,3.6,1011.4
2024-08-01 13:00:00,32.0,17.0,11.2,1013.0
2024-08-01 14:00:00,33.0,12.0,11.2,1013.0
2024-08-01 15:00:00,31.8,22.0,7.2,1008.2
2024-08-01 16:00:00,33.0,15.0,5.4,1012.0
2024-08-01 17:00:00,32.0,18.0,1.8,1012.0
2024-08-01 18:00:00,24.9,42.0,3.6,1008.8
2024-08-01 19:00:00,25.0,34.0,11.2,1013.0
2024-08-01 20:00:00,23.0,38.0,9.4,1013.0
2024-08-01 21:00:00,21.2,48.0,7.2,1011.0
2024-08-01 22:00:00,19.0,49.0,13.0,1013.0
2024-08-01 23:00:00,18.0,49.0,9.4,1013.0
2024-08-02 00:00:00,17.0,56.0,3.6,1011.7
2024-08-02 01:00:00,17.0,55.0,7.6,1013.0
2024-08-02 02:00:00,16.0,55.0,9.4,1013.0
2024-08-02 03:00:00,17.0,58.0,7.2,1011.7
2024-08-02 04:00:00,15.0,63.0,3.6,1013.0
2024-08-02 05:00:00,18.0,56.0,3.6,1013.0
2024-08-02 06:00:00,20.4,50.0,3.6,1011.1
2024-08-02 07:00:00,24.0,38.0,5.4,1013.0
2024-08-02 08:00:00,26.0,34.0,0.0,1012.0
2024-08-02 09:00:00,27.4,36.0,7.2,1008.8
2024-08-02 10:00:00,31.0,27.0,7.6,1011.0
2024-08-02 11:00:00,33.0,17.0,7.6,1011.0
2024-08-02 12:00:00,32.5,24.0,7.2,1005.9
2024-08-02 13:00:00,34.0,19.0,5.4,1009.0
2024-08-02 14:00:00,35.0,18.0,7.6,1009.0
2024-08-02 15:00:00,34.3,25.0,3.6,1003.4
2024-08-02 16:00:00,34.0,19.0,11.2,1008.0
2024-08-02 17:00:00,32.0,26.0,9.4,1008.0
2024-08-02 18:00:00,28.7,35.0,18.0,1004.3
2024-08-02 19:00:00,27.0,39.0,25.9,1010.0
2024-08-02 20:00:00,26.0,42.0,20.5,1010.0
2024-08-02 21:00:00,26.1,44.0,7.0,1006.6
2024-08-02 22:00:00,23.0,57.0,7.6,1010.0
2024-08-02 23:00:00,22.0,73.0,5.4,1010.0
2024-08-03 00:00:00,21.6,63.0,0.0,1007.1
2024-08-03 01:00:00,19.0,78.0,9.4,1009.0
2024-08-03 02:00:00,20.0,68.0,5.4,1009.0
2024-08-03 03:00:00,21.2,60.0,3.6,1006.6
2024-08-03 04:00:00,18.0,78.0,7.6,1009.0
2024-08-03 05:00:00,20.0,68.0,0.0,1009.0
2024-08-03 06:00:00,22.1,59.0,7.2,1007.0
2024-08-03 07:00:00,25.0,50.0,5.4,1009.0
2024-08-03 08:00:00,27.0,45.0,9.4,1009.0
2024-08-03 09:00:00,28.5,39.0,7.2,1005.5
2024-08-03 10:00:00,31.0,31.0,14.8,1009.0
2024-08-03 11:00:00,31.0,29.0,22.3,1008.0
2024-08-03 12:00:00,23.4,80.0,3.6,1006.1
2024-08-03 13:00:00,31.0,36.0,22.3,1008.0
2024-08-03 14:00:00,32.0,32.0,22.3,1008.0
2024-08-03 15:00:00,30.1,39.0,10.8,1003.8
2024-08-03 16:00:00,30.0,35.0,18.4,1008.0
2024-08-03 17:00:00,28.0,42.0,5.4,1009.0
2024-08-03 18:00:00,26.8,47.0,7.2,1005.9
2024-08-03 19:00:00,26.0,51.0,14.8,1011.0
2024-08-03 20:00:00,24.0,57.0,25.9,1012.0
2024-08-03 21:00:00,22.9,58.0,7.0,1008.4
2024-08-03 22:00:00,21.0,64.0,11.2,1011.0
2024-08-03 23:00:00,21.0,64.0,7.6,1012.0
2024-08-04 00:00:00,21.9,62.0,7.2,1009.3
2024-08-04 01:00:00,20.0,64.0,5.4,1012.0
2024-08-04 02:00:00,18.0,73.0,11.2,1012.0
2024-08-04 03:00:00,20.0,57.0,7.2,1009.7
2024-08-04 04:00:00,17.0,77.0,13.0,1012.0
2024-08-04 05:00:00,19.0,68.0,11.2,1013.0
2024-08-04 06:00:00,20.8,53.0,10.8,1010.2
2024-08-04 07:00:00,22.0,46.0,22.3,1013.0
2024-08-04 08:00:00,24.0,36.0,24.1,1013.0
2024-08-04 09:00:00,23.9,39.0,14.4,1009.7
2024-08-04 10:00:00,26.0,32.0,24.1,1012.0
2024-08-04 11:00:00,28.0,26.0,25.9,1012.0
2024-08-04 12:00:00,26.9,28.0,14.4,1008.3
2024-08-04 13:00:00,28.0,22.0,29.5,1011.0
2024-08-04 14:00:00,28.0,25.0,24.1,1011.0
2024-08-04 15:00:00,27.2,30.0,14.4,1007.3
2024-08-04 16:00:00,27.0,28.0,25.9,1011.0
2024-08-04 17:00:00,26.0,30.0,18.4,1011.0
2024-08-04 18:00:00,23.7,40.0,10.8,1008.8
2024-08-04 19:00:00,23.0,41.0,14.8,1013.0
2024-08-04 20:00:00,20.0,49.0,13.0,1013.0
2024-08-04 21:00:00,20.2,52.0,3.6,1011.2
2024-08-04 22:00:00,18.0,56.0,9.4,1013.0
2024-08-04 23:00:00,17.0,55.0,5.4,1013.0
2024-08-05 00:00:00,16.4,65.0,3.6,1011.9
2024-08-05 01:00:00,14.0,72.0,3.6,1012.2
2024-08-05 02:00:00,15.0,67.0,1.8,1012.3
2024-08-05 03:00:00,13.3,79.0,3.6,1012.8
2024-08-05 04:00:00,13.0,77.0,1.8,1014.0
2024-08-05 05:00:00,14.0,77.0,5.4,1014.0
2024-08-05 06:00:00,17.2,63.0,3.6,1012.7
2024-08-05 07:00:00,18.0,60.0,1.8,1014.0
2024-08-05 08:00:00,22.0,46.0,9.4,1014.0
2024-08-05 09:00:00,24.2,45.0,7.2,1011.0
2024-08-05 10:00:00,27.0,37.0,7.6,1014.0
2024-08-05 11:00:00,27.0,34.0,9.4,1013.0
2024-08-05 12:00:00,27.4,37.0,7.2,1008.9
2024-08-05 13:00:00,29.0,33.0,7.6,1012.0
2024-08-05 14:00:00,29.0,35.0,14.8,1011.0
2024-08-05 15:00:00,27.4,42.0,14.4,1008.2
2024-08-05 16:00:00,28.0,40.0,9.4,1011.0
2024-08-05 17:00:00,26.0,45.0,13.0,1012.0
2024-08-05 18:00:00,24.7,53.0,7.2,1008.8
2024-08-05 19:00:00,23.0,53.0,7.6,1013.0
2024-08-05 20:00:00,22.0,57.0,7.6,1013.0
2024-08-05 21:00:00,18.0,77.0,3.6,1011.3
2024-08-05 22:00:00,18.0,68.0,1.8,1013.0
2024-08-05 23:00:00,18.0,68.0,9.4,1013.0
2024-08-06 00:00:00,15.6,82.0,3.6,1011.8
2024-08-06 01:00:00,16.0,77.0,0.0,1013.0
2024-08-06 02:00:00,15.0,82.0,3.6,1013.0
2024-08-06 03:00:00,13.6,88.0,5.4,1012.3
2024-08-06 04:00:00,14.0,88.0,7.6,1013.0
2024-08-06 05:00:00,17.0,72.0,1.8,1014.0
2024-08-06 06:00:00,19.3,66.0,5.4,1011.3
2024-08-06 07:00:00,22.0,53.0,11.2,1013.0
2024-08-06 08:00:00,23.0,53.0,22.3,1014.0
2024-08-06 09:00:00,22.5,59.0,14.4,1010.8
2024-08-06 10:00:00,23.0,53.0,29.5,1014.0
2024-08-06 11:00:00,26.0,45.0,27.7,1013.0
2024-08-06 12:00:00,25.5,53.0,10.8,1010.0
2024-08-06 13:00:00,27.0,32.0,29.5,1012.0
2024-08-06 14:00:00,28.0,32.0,25.9,1012.0
2024-08-06 15:00:00,26.4,31.0,10.8,1008.7
2024-08-06 16:00:00,27.0,30.0,25.9,1012.0
2024-08-06 17:00:00,26.0,32.0,24.1,1013.0
2024-08-06 18:00:00,24.1,40.0,7.2,1010.1
2024-08-06 19:00:00,21.0,46.0,7.6,1014.0
2024-08-06 20:00:00,19.0,52.0,7.6,1014.0
2024-08-06 21:00:00,18.3,62.0,3.6,1013.0
2024-08-06 22:00:00,17.0,59.0,11.2,1015.0
2024-08-06 23:00:00,17.0,63.0,7.6,1015.0
2024-08-07 00:00:00,15.9,70.0,3.6,1013.8
2024-08-07 01:00:00,14.0,72.0,0.0,1015.0
2024-08-07 02:00:00,14.0,72.0,0.0,1015.0
2024-08-07 03:00:00,11.8,85.0,3.6,1014.9
2024-08-07 04:00:00,12.0,82.0,0.0,1015.0
2024-08-07 05:00:00,14.0,77.0,7.6,1016.0
2024-08-07 06:00:00,17.3,65.0,3.6,1014.5
2024-08-07 07:00:00,20.0,52.0,5.4,1016.0
2024-08-07 08:00:00,23.0,44.0,16.6,1016.0
2024-08-07 09:00:00,24.2,44.0,10.8,1012.6
2024-08-07 10:00:00,26.0,34.0,11.2,1015.0
2024-08-07 11:00:00,27.0,30.0,11.2,1015.0
2024-08-07 12:00:00,27.7,29.0,7.2,1010.6
2024-08-07 13:00:00,30.0,25.0,7.6,1014.0
2024-08-07 14:00:00,30.0,25.0,5.4,1014.0
2024-08-07 15:00:00,29.7,29.0,7.2,1009.5
2024-08-07 16:00:00,30.0,29.0,13.0,1013.0
2024-08-07 17:00:00,27.0,34.0,13.0,1014.0
2024-08-07 18:00:00,24.7,40.0,7.2,1010.2
2024-08-07 19:00:00,22.0,43.0,7.6,1015.0
2024-08-07 20:00:00,20.0,52.0,3.6,1015.0
2024-08-07 21:00:00,20.4,78.0,7.2,1012.7
2024-08-07 22:00:00,17.0,63.0,11.2,1016.0
2024-08-07 23:00:00,17.0,63.0,9.4,1015.0
2024-08-08 00:00:00,18.6,80.0,7.2,1013.3
2024-08-08 01:00:00,16.0,63.0,7.6,1016.0
2024-08-08 02:00:00,15.0,67.0,7.6,1016.0
2024-08-08 03:00:00,17.0,85.0,3.6,1013.7
2024-08-08 04:00:00,14.0,72.0,3.6,1016.0
2024-08-08 05:00:00,17.0,68.0,0.0,1016.0
2024-08-08 06:00:00,21.0,70.0,3.6,1013.5
2024-08-08 07:00:00,22.0,53.0,7.6,1016.0
2024-08-08 08:00:00,25.0,47.0,7.6,1016.0
2024-08-08 09:00:00,27.0,43.0,7.2,1011.9
2024-08-08 10:00:00,29.0,31.0,5.4,1015.0
2024-08-08 11:00:00,30.0,27.0,11.2,1015.0
2024-08-08 12:00:00,30.9,26.0,3.6,1009.4
2024-08-08 13:00:00,32.0,24.0,5.4,1013.0
2024-08-08 14:00:00,32.0,26.0,7.6,1013.0
2024-08-08 15:00:00,32.0,26.0,7.2,1007.8
2024-08-08 16:00:00,32.0,23.0,14.8,1012.0
2024-08-08 17:00:00,30.0,27.0,14.8,1013.0
2024-08-08 18:00:00,27.6,38.0,3.6,1009.5
2024-08-08 19:00:00,24.0,41.0,7.6,1014.0
2024-08-08 20:00:00,22.0,46.0,7.6,1014.0
2024-08-08 21:00:00,22.2,48.0,7.2,1011.9
2024-08-08 22:00:00,20.0,56.0,7.6,1015.0
2024-08-08 23:00:00,19.0,60.0,13.0,1015.0
2024-08-09 00:00:00,20.5,58.0,3.6,1012.6
2024-08-09 01:00:00,23.0,53.0,18.4,1015.0
2024-08-09 02:00:00,22.0,57.0,14.8,1015.0
2024-08-09 03:00:00,21.2,62.0,3.6,1012.6
2024-08-09 04:00:00,21.0,60.0,11.2,1016.0
2024-08-09 05:00:00,21.0,60.0,7.6,1016.0
2024-08-09 06:00:00,23.3,57.0,3.6,1012.6
2024-08-09 07:00:00,25.0,50.0,7.6,1016.0
2024-08-09 08:00:00,27.0,42.0,5.4,1016.0
2024-08-09 09:00:00,27.9,41.0,3.6,1012.2
2024-08-09 10:00:00,30.0,31.0,7.6,1016.0
2024-08-09 11:00:00,30.0,31.0,14.8,1016.0
2024-08-09 12:00:00,30.1,35.0,10.8,1011.3
2024-08-09 13:00:00,31.0,31.0,20.5,1015.0
2024-08-09 14:00:00,30.0,35.0,14.8,1015.0
2024-08-09 15:00:00,30.0,37.0,7.2,1010.9
2024-08-09 16:00:00,28.0,40.0,13.0,1015.0
2024-08-09 17:00:00,28.0,40.0,5.4,1016.0
2024-08-09 18:00:00,24.0,57.0,3.6,1012.9
2024-08-09 19:00:00,24.0,50.0,9.4,1017.0
2024-08-09 20:00:00,25.0,50.0,5.4,1017.0
2024-08-09 21:00:00,23.7,57.0,3.6,1014.4
2024-08-09 22:00:00,25.0,47.0,11.2,1018.0
2024-08-09 23:00:00,23.0,53.0,11.2,1018.0
2024-08-10 00:00:00,21.6,65.0,3.6,1015.5
2024-08-10 01:00:00,20.0,64.0,9.4,1018.0
2024-08-10 02:00:00,19.0,64.0,11.2,1019.0
2024-08-10 03:00:00,20.0,64.0,3.6,1016.4
2024-08-10 04:00:00,18.0,64.0,11.2,1019.0
2024-08-10 05:00:00,20.0,60.0,3.6,1020.0
2024-08-10 06:00:00,22.9,52.0,7.2,1017.0
2024-08-10 07:00:00,25.0,44.0,16.6,1020.0
2024-08-10 08:00:00,27.0,37.0,14.8,1020.0
2024-08-10 09:00:00,27.2,39.0,7.2,1016.2
2024-08-10 10:00:00,29.0,33.0,9.4,1019.0
2024-08-10 11:00:00,29.0,33.0,13.0,1019.0
2024-08-10 12:00:00,29.1,36.0,7.2,1015.0
2024-08-10 13:00:00,32.0,26.0,11.2,1019.0
2024-08-10 14:00:00,32.0,24.0,16.6,1019.0
2024-08-10 15:00:00,30.4,31.0,3.6,1014.5
2024-08-10 16:00:00,30.0,31.0,11.2,1019.0
2024-08-10 17:00:00,29.0,31.0,11.2,1019.0
2024-08-10 18:00:00,26.4,43.0,3.6,1015.7
2024-08-10 19:00:00,22.0,50.0,3.6,1021.0
2024-08-10 20:00:00,22.0,50.0,3.6,1021.0
2024-08-10 21:00:00,20.4,62.0,3.6,1018.5
2024-08-10 22:00:00,19.0,64.0,0.0,1022.0
2024-08-10 23:00:00,19.0,64.0,0.0,1021.0
2024-08-11 00:00:00,16.4,77.0,7.6,1019.8
2024-08-11 01:00:00,16.0,72.0,3.6,1022.0
2024-08-11 02:00:00,16.0,72.0,9.4,1020.2
2024-08-11 03:00:00,15.7,75.0,7.2,1020.0
2024-08-11 04:00:00,15.0,77.0,7.6,1022.0
2024-08-11 05:00:00,17.0,68.0,5.4,1022.0
2024-08-11 06:00:00,21.3,60.0,1.8,1020.0
2024-08-11 07:00:00,24.0,44.0,3.6,1022.0
2024-08-11 08:00:00,26.0,39.0,7.6,1022.0
2024-08-11 09:00:00,28.0,38.0,7.2,1018.1
2024-08-11 10:00:00,30.0,31.0,11.2,1021.0
2024-08-11 11:00:00,31.0,27.0,7.6,1020.0
2024-08-11 12:00:00,31.6,30.0,7.2,1015.4
2024-08-11 13:00:00,33.0,26.0,11.2,1019.0
2024-08-11 14:00:00,33.0,26.0,5.4,1018.0
2024-08-11 15:00:00,32.8,30.0,7.2,1013.7
2024-08-11 16:00:00,32.0,28.0,13.0,1018.0
2024-08-11 17:00:00,30.0,33.0,18.4,1018.0
2024-08-11 18:00:00,28.2,42.0,3.6,1014.5
2024-08-11 19:00:00,27.0,37.0,0.0,1019.0
2024-08-11 20:00:00,26.0,42.0,13.0,1019.0
2024-08-11 21:00:00,20.1,64.0,4.0,1016.8
2024-08-11 22:00:00,21.0,56.0,6.0,1019.0
2024-08-11 23:00:00,20.0,56.0,9.0,1019.0
2024-08-12 00:00:00,20.9,55.0,11.0,1016.4
2024-08-12 01:00:00,17.0,68.0,9.0,1019.0
2024-08-12 02:00:00,17.0,68.0,6.0,1019.0
2024-08-12 03:00:00,18.6,64.0,7.0,1017.3
2024-08-12 04:00:00,16.0,72.0,5.5,1019.0
2024-08-12 05:00:00,19.0,64.0,4.0,1019.0
2024-08-12 06:00:00,22.2,58.0,4.0,1016.4
2024-08-12 07:00:00,24.0,50.0,1.8,1019.0
2024-08-12 08:00:00,27.0,42.0,6.0,1019.0
2024-08-12 09:00:00,28.5,42.0,7.0,1014.2
2024-08-12 10:00:00,32.0,30.0,9.0,1018.0
2024-08-12 11:00:00,33.0,24.0,6.0,1017.0
2024-08-12 12:00:00,32.4,31.0,7.0,1011.9
2024-08-12 13:00:00,35.0,20.0,6.0,1015.0
2024-08-12 14:00:00,35.0,22.0,6.0,1015.0
2024-08-12 15:00:00,34.2,27.0,4.0,1009.5
2024-08-12 16:00:00,35.0,20.0,4.0,1014.0
2024-08-12 17:00:00,33.0,24.0,9.0,1014.0
2024-08-12 18:00:00,29.6,37.0,4.0,1010.1
2024-08-12 19:00:00,26.0,42.0,15.0,1015.0
2024-08-12 20:00:00,25.0,41.0,15.0,1015.0
2024-08-12 21:00:00,23.4,53.0,7.0,1012.1
2024-08-12 22:00:00,23.0,47.0,11.2,1015.0
2024-08-12 23:00:00,23.0,47.0,11.2,1015.0
2024-08-13 00:00:00,22.6,53.0,7.2,1012.3
2024-08-13 01:00:00,18.0,64.0,5.4,1015.0
2024-08-13 02:00:00,17.0,72.0,3.6,1015.0
2024-08-13 03:00:00,19.9,65.0,3.6,1013.2
2024-08-13 04:00:00,18.0,68.0,7.6,1016.0
2024-08-13 05:00:00,21.0,60.0,3.6,1016.0
2024-08-13 06:00:00,23.6,54.0,3.6,1013.0
2024-08-13 07:00:00,26.0,48.0,9.4,1016.0
2024-08-13 08:00:00,28.0,40.0,9.4,1016.0
2024-08-13 09:00:00,29.7,38.0,3.6,1011.4
2024-08-13 10:00:00,33.0,30.0,5.4,1014.0
2024-08-13 11:00:00,35.0,25.0,9.4,1014.0
2024-08-13 12:00:00,34.7,27.0,10.8,1008.5
2024-08-13 13:00:00,36.0,21.0,5.4,1013.0
2024-08-13 14:00:00,36.0,21.0,5.4,1012.0
2024-08-13 15:00:00,36.3,24.0,3.6,1006.6
2024-08-13 16:00:00,37.0,16.0,5.4,1011.0
2024-08-13 17:00:00,34.0,26.0,16.6,1011.0
2024-08-13 18:00:00,31.8,32.0,7.2,1007.1
2024-08-13 19:00:00,28.0,37.0,20.5,1013.0
2024-08-13 20:00:00,25.0,44.0,13.0,1013.0
2024-08-13 21:00:00,25.8,46.0,3.6,1009.7
2024-08-13 22:00:00,22.0,53.0,13.0,1013.0
2024-08-13 23:00:00,21.0,56.0,11.2,1013.0
2024-08-14 00:00:00,21.6,56.0,3.6,1011.3
2024-08-14 01:00:00,20.0,56.0,13.0,1014.0
2024-08-14 02:00:00,20.0,56.0,11.2,1014.0
2024-08-14 03:00:00,22.5,51.0,3.6,1011.9
2024-08-14 04:00:00,20.0,56.0,9.4,1015.0
2024-08-14 05:00:00,21.0,53.0,13.0,1016.0
2024-08-14 06:00:00,24.5,46.0,7.2,1012.7
2024-08-14 07:00:00,29.0,29.0,27.7,1016.0
2024-08-14 08:00:00,30.0,27.0,27.7,1016.0
2024-08-14 09:00:00,31.4,29.0,10.8,1011.0
2024-08-14 10:00:00,34.0,23.0,24.1,1015.0
2024-08-14 11:00:00,36.0,21.0,24.1,1015.0
2024-08-14 12:00:00,35.6,24.0,10.8,1009.4
2024-08-14 13:00:00,36.0,21.0,25.9,1014.0
2024-08-14 14:00:00,36.0,22.0,24.1,1014.0
2024-08-14 15:00:00,34.5,27.0,7.2,1008.9
2024-08-14 16:00:00,34.0,25.0,22.3,1014.0
2024-08-14 17:00:00,32.0,30.0,18.4,1014.0
2024-08-14 18:00:00,29.3,41.0,7.2,1010.6
2024-08-14 19:00:00,26.0,42.0,13.0,1016.0
2024-08-14 20:00:00,27.0,39.0,24.1,1017.0
2024-08-14 21:00:00,27.3,45.0,7.2,1013.3
2024-08-14 22:00:00,26.0,48.0,25.9,1018.0
2024-08-14 23:00:00,25.0,50.0,22.3,1018.0
2024-08-15 00:00:00,23.9,56.0,10.8,1014.5
2024-08-15 01:00:00,22.0,60.0,16.6,1018.0
2024-08-15 02:00:00,20.0,68.0,11.2,1018.0
2024-08-15 03:00:00,21.6,64.0,7.2,1015.4
2024-08-15 04:00:00,19.0,73.0,11.2,1018.0
2024-08-15 05:00:00,21.0,64.0,7.6,1019.0
2024-08-15 06:00:00,22.4,63.0,3.6,1015.6
2024-08-15 07:00:00,25.0,50.0,9.4,1019.0
2024-08-15 08:00:00,28.0,45.0,5.4,1019.0
2024-08-15 09:00:00,28.8,45.0,7.2,1014.5
2024-08-15 10:00:00,33.0,32.0,7.6,1018.0
2024-08-15 11:00:00,34.0,26.0,3.6,1017.0
2024-08-15 12:00:00,35.0,31.0,3.6,1012.0
2024-08-15 13:00:00,36.0,24.0,9.4,1016.0
2024-08-15 14:00:00,35.0,23.0,16.6,1016.0
2024-08-15 15:00:00,34.9,28.0,7.2,1010.5
2024-08-15 16:00:00,1.0,33.0,11.2,1017.0
2024-08-15 17:00:00,31.0,33.0,5.4,1017.0
2024-08-15 18:00:00,27.4,50.0,7.2,1013.5
2024-08-15 19:00:00,25.0,54.0,5.4,1018.0
2024-08-15 20:00:00,24.0,54.0,9.4,1018.0
2024-08-15 21:00:00,21.8,67.0,1.8,1016.0
2024-08-15 22:00:00,23.0,57.0,5.4,1019.0
2024-08-15 23:00:00,21.0,69.0,0.0,1018.0
2024-08-16 00:00:00,21.0,71.0,3.6,1016.1
2024-08-16 01:00:00,21.0,64.0,9.4,1018.0
2024-08-16 02:00:00,20.0,68.0,3.6,1018.0
2024-08-16 03:00:00,19.2,72.0,7.2,1016.7
2024-08-16 04:00:00,20.0,73.0,1.8,1019.0
2024-08-16 05:00:00,22.0,69.0,5.4,1019.0
2024-08-16 06:00:00,22.1,68.0,3.6,1016.1
2024-08-16 07:00:00,26.0,51.0,1.8,1019.0
2024-08-16 08:00:00,28.0,45.0,3.6,1019.0
2024-08-16 09:00:00,28.4,46.0,3.6,1014.4
2024-08-16 10:00:00,32.0,34.0,13.0,1018.0
2024-08-16 11:00:00,34.0,30.0,7.6,1017.0
2024-08-16 12:00:00,33.5,33.0,10.8,1012.1
2024-08-16 13:00:00,30.0,40.0,11.2,1017.0
2024-08-16 14:00:00,32.0,34.0,5.4,1016.0
2024-08-16 15:00:00,31.2,42.0,3.6,1012.2
2024-08-16 16:00:00,31.0,38.0,5.4,1016.0
2024-08-16 17:00:00,29.0,43.0,3.6,1016.0
2024-08-16 18:00:00,27.6,54.0,7.2,1012.5
2024-08-16 19:00:00,25.0,61.0,5.4,1017.0
2024-08-16 20:00:00,23.0,65.0,11.2,1017.0
2024-08-16 21:00:00,24.1,59.0,7.2,1013.7
2024-08-16 22:00:00,22.0,69.0,11.2,1017.0
2024-08-16 23:00:00,22.0,64.0,9.4,1017.0
2024-08-17 00:00:00,21.5,75.0,3.6,1014.2
2024-08-17 01:00:00,21.0,64.0,11.2,1017.0
2024-08-17 02:00:00,21.0,64.0,7.6,1017.0
2024-08-17 03:00:00,18.0,83.0,3.6,1015.0
2024-08-17 04:00:00,19.0,68.0,11.2,1017.0
2024-08-17 05:00:00,21.0,60.0,7.6,1017.0
2024-08-17 06:00:00,22.4,67.0,11.2,1014.2
2024-08-17 07:00:00,25.0,50.0,5.4,1017.0
2024-08-17 08:00:00,27.0,48.0,3.6,1013.0
2024-08-17 09:00:00,28.3,48.0,3.6,1012.2
2024-08-17 10:00:00,32.0,34.0,3.6,1015.0
2024-08-17 11:00:00,34.0,28.0,3.6,1014.0
2024-08-17 12:00:00,34.1,29.0,7.2,1008.6
2024-08-17 13:00:00,34.0,30.0,20.5,1013.0
2024-08-17 14:00:00,34.0,30.0,20.5,1013.0
2024-08-17 15:00:00,32.3,37.0,7.2,1008.1
2024-08-17 16:00:00,32.0,34.0,14.8,1013.0
2024-08-17 17:00:00,30.0,40.0,11.2,1013.0
2024-08-17 18:00:00,27.8,50.0,7.2,1009.2
2024-08-17 19:00:00,27.0,51.0,14.8,1014.0
2024-08-17 20:00:00,24.0,65.0,13.0,1014.0
2024-08-17 21:00:00,24.9,60.0,3.6,1010.4
2024-08-17 22:00:00,24.0,47.0,25.9,1014.0
2024-08-17 23:00:00,22.0,46.0,22.3,1014.0
2024-08-18 00:00:00,22.5,48.0,7.2,1011.3
2024-08-18 01:00:00,21.0,46.0,16.6,1014.0
2024-08-18 02:00:00,19.0,56.0,14.8,1014.0
2024-08-18 03:00:00,18.1,66.0,3.6,1012.1
2024-08-18 04:00:00,19.0,64.0,14.8,1014.0
2024-08-18 05:00:00,19.0,64.0,11.2,1014.0
2024-08-18 06:00:00,21.2,58.0,3.6,1011.7
2024-08-18 07:00:00,24.0,50.0,9.4,1013.0
2024-08-18 08:00:00,26.0,45.0,5.4,1013.0
2024-08-18 09:00:00,28.0,43.0,3.6,1008.9
2024-08-18 10:00:00,31.0,36.0,9.4,1012.0
2024-08-18 11:00:00,32.0,32.0,7.6,1011.0
2024-08-18 12:00:00,32.1,34.0,3.6,1005.8
2024-08-18 13:00:00,33.0,30.0,14.8,1009.0
2024-08-18 14:00:00,33.0,28.0,13.0,1009.0
2024-08-18 15:00:00,32.0,36.0,10.8,1004.9
2024-08-18 16:00:00,31.0,36.0,18.4,1010.0
2024-08-18 17:00:00,29.0,40.0,9.4,1010.0
2024-08-18 18:00:00,27.3,46.0,3.6,1006.3
2024-08-18 19:00:00,25.0,50.0,14.8,1011.0
2024-08-18 20:00:00,24.0,54.0,11.2,1011.0
2024-08-18 21:00:00,23.7,56.0,7.2,1007.8
2024-08-18 22:00:00,22.0,57.0,13.0,1012.0
2024-08-18 23:00:00,22.0,50.0,20.5,1012.0
2024-08-19 00:00:00,22.1,53.0,7.2,1008.6
2024-08-19 01:00:00,19.0,56.0,9.4,1012.0
2024-08-19 02:00:00,19.0,60.0,7.6,1011.0
2024-08-19 03:00:00,18.7,66.0,7.2,1009.2
2024-08-19 04:00:00,19.0,60.0,13.0,1012.0
2024-08-19 05:00:00,19.0,60.0,9.4,1012.0
2024-08-19 06:00:00,20.8,64.0,7.2,1010.0
2024-08-19 07:00:00,24.0,47.0,5.4,1012.0
2024-08-19 08:00:00,26.0,45.0,5.4,1012.0
2024-08-19 09:00:00,27.0,46.0,3.6,1008.3
2024-08-19 10:00:00,30.0,33.0,9.4,1011.0
2024-08-19 11:00:00,31.0,29.0,5.4,1011.0
2024-08-19 12:00:00,31.5,33.0,7.2,1006.3
2024-08-19 13:00:00,30.0,38.0,33.5,1010.0
2024-08-19 14:00:00,29.0,40.0,11.2,1011.0
2024-08-19 15:00:00,26.7,51.0,7.2,1007.5
2024-08-19 16:00:00,26.0,54.0,14.8,1011.0
2024-08-19 17:00:00,26.0,51.0,0.0,1011.0
2024-08-19 18:00:00,23.8,64.0,3.6,1008.8
2024-08-19 19:00:00,25.0,54.0,5.4,1012.0
2024-08-19 20:00:00,23.0,61.0,3.6,1013.0
2024-08-19 21:00:00,20.5,72.0,3.6,1010.4
2024-08-19 22:00:00,23.0,61.0,5.4,1013.0
2024-08-19 23:00:00,21.0,69.0,7.6,1013.0
2024-08-20 00:00:00,21.0,75.0,7.0,1010.2
2024-08-20 01:00:00,20.0,73.0,9.0,1013.0
2024-08-20 02:00:00,20.0,73.0,7.0,1012.0
2024-08-20 03:00:00,20.4,75.0,4.0,1010.2
2024-08-20 04:00:00,21.0,64.0,2.0,1013.0
2024-08-20 05:00:00,20.0,78.0,13.0,1013.0
2024-08-20 06:00:00,21.2,73.0,3.6,1011.1
2024-08-20 07:00:00,20.0,73.0,20.5,1014.0
2024-08-20 08:00:00,21.0,69.0,11.2,1014.0
2024-08-20 09:00:00,19.7,76.0,7.2,1012.5
2024-08-20 10:00:00,18.0,88.0,20.5,1014.0
2024-08-20 11:00:00,20.0,73.0,18.4,1014.0
2024-08-20 12:00:00,19.9,78.0,3.6,1012.1
2024-08-20 13:00:00,23.0,65.0,14.8,1013.0
2024-08-20 14:00:00,24.0,57.0,16.6,1013.0
2024-08-20 15:00:00,23.8,58.0,10.8,1009.7
2024-08-20 16:00:00,23.0,57.0,14.8,1012.0
2024-08-20 17:00:00,22.0,64.0,11.2,1012.0
2024-08-20 18:00:00,20.5,74.0,3.6,1009.9
2024-08-20 19:00:00,19.0,78.0,7.6,1012.0
2024-08-20 20:00:00,18.0,83.0,9.4,1013.0
2024-08-20 21:00:00,17.1,86.0,7.2,1011.0
2024-08-20 22:00:00,17.0,82.0,7.6,1012.0
2024-08-20 23:00:00,16.0,88.0,5.4,1012.0
2024-08-21 00:00:00,15.7,91.0,3.6,1010.9
2024-08-21 01:00:00,15.0,94.0,5.4,1012.0
2024-08-21 02:00:00,15.0,88.0,3.6,1012.0
2024-08-21 03:00:00,15.0,91.0,3.6,1011.1
2024-08-21 04:00:00,15.0,88.0,3.6,1012.0
2024-08-21 05:00:00,16.0,88.0,5.4,1012.0
2024-08-21 06:00:00,17.8,83.0,3.6,1010.3
2024-08-21 07:00:00,19.0,78.0,3.6,1012.0
2024-08-21 08:00:00,20.0,73.0,0.0,1012.0
2024-08-21 09:00:00,21.9,67.0,3.6,1009.3
2024-08-21 10:00:00,26.0,51.0,5.4,1011.0
2024-08-21 11:00:00,28.0,45.0,7.6,1010.0
2024-08-21 12:00:00,27.8,47.0,7.2,1007.0
2024-08-21 13:00:00,30.0,35.0,11.2,1010.0
2024-08-21 14:00:00,23.0,69.0,11.2,1010.0
2024-08-21 15:00:00,22.8,70.0,14.4,1007.2
2024-08-21 16:00:00,23.0,65.0,9.4,1011.0
2024-08-21 17:00:00,23.0,65.0,3.6,1011.0
2024-08-21 18:00:00,20.4,78.0,7.2,1008.6
2024-08-21 19:00:00,20.0,73.0,13.0,1012.0
2024-08-21 20:00:00,19.0,83.0,7.6,1012.0
2024-08-21 21:00:00,17.8,85.0,3.6,1010.8
2024-08-21 22:00:00,17.0,88.0,9.4,1013.0
2024-08-21 23:00:00,16.0,94.0,5.4,1013.0
2024-08-22 00:00:00,16.2,90.0,3.6,1011.8
2024-08-22 01:00:00,16.0,94.0,0.0,1013.0
2024-08-22 02:00:00,16.0,88.0,3.6,1013.0
2024-08-22 03:00:00,14.9,94.0,5.4,1012.2
2024-08-22 04:00:00,14.0,94.0,5.4,1014.0
2024-08-22 05:00:00,16.0,94.0,0.0,1014.0
2024-08-22 06:00:00,18.9,82.0,7.2,1012.1
2024-08-22 07:00:00,22.0,69.0,14.8,1014.0
2024-08-22 08:00:00,24.0,57.0,22.3,1015.0
2024-08-22 09:00:00,25.1,55.0,10.8,1011.2
2024-08-22 10:00:00,28.0,42.0,18.4,1014.0
2024-08-22 11:00:00,29.0,40.0,13.0,1013.0
2024-08-22 12:00:00,29.5,40.0,7.2,1009.1
2024-08-22 13:00:00,31.0,33.0,13.0,1012.0
2024-08-22 14:00:00,30.0,33.0,14.8,1012.0
2024-08-22 15:00:00,29.3,40.0,7.2,1008.4
2024-08-22 16:00:00,28.0,42.0,18.4,1013.0
2024-08-22 17:00:00,28.0,42.0,14.8,1013.0
2024-08-22 18:00:00,26.0,50.0,7.2,1010.1
2024-08-22 19:00:00,23.0,57.0,13.0,1015.0
2024-08-22 20:00:00,22.0,60.0,18.4,1015.0
2024-08-22 21:00:00,23.0,62.0,7.2,1012.8
2024-08-22 22:00:00,22.0,60.0,5.4,1016.0
2024-08-22 23:00:00,18.0,78.0,7.6,1016.0
2024-08-23 00:00:00,19.0,73.0,3.6,1014.1
2024-08-23 01:00:00,16.0,88.0,5.4,1016.0
2024-08-23 02:00:00,17.0,82.0,5.4,1017.0
2024-08-23 03:00:00,15.1,86.0,3.6,1015.7
2024-08-23 04:00:00,14.0,94.0,5.4,1017.0
2024-08-23 05:00:00,17.0,82.0,5.4,1017.0
2024-08-23 06:00:00,20.3,65.0,3.6,1015.1
2024-08-23 07:00:00,22.0,57.0,5.4,1018.0
2024-08-23 08:00:00,25.0,41.0,11.2,1018.0
2024-08-23 09:00:00,27.0,35.0,7.2,1014.0
2024-08-23 10:00:00,29.0,20.0,9.4,1018.0
2024-08-23 11:00:00,31.0,22.0,5.4,1017.0
2024-08-23 12:00:00,31.0,27.0,7.2,1012.3
2024-08-23 13:00:00,33.0,11.0,13.0,1016.0
2024-08-23 14:00:00,33.0,11.0,9.4,1016.0
2024-08-23 15:00:00,32.4,22.0,3.6,1011.5
2024-08-23 16:00:00,33.0,12.0,9.4,1012.2
2024-08-23 17:00:00,29.0,35.0,16.6,1012.9
2024-08-23 18:00:00,27.5,38.0,3.6,1013.2
2024-08-23 19:00:00,25.0,44.0,7.6,1014.4
2024-08-23 20:00:00,23.0,47.0,7.6,1015.2
2024-08-23 21:00:00,19.8,64.0,7.2,1016.3
2024-08-23 22:00:00,20.0,60.0,5.4,1018.0
2024-08-23 23:00:00,20.0,56.0,5.4,1019.0
2024-08-24 00:00:00,18.1,70.0,3.6,1016.9
2024-08-24 01:00:00,17.0,68.0,7.6,1019.0
2024-08-24 02:00:00,16.0,72.0,0.0,1019.0
2024-08-24 03:00:00,18.4,63.0,3.6,1017.2
2024-08-24 04:00:00,14.0,82.0,5.4,1019.0
2024-08-24 05:00:00,17.0,72.0,3.6,1020.0
2024-08-24 06:00:00,20.5,60.0,3.6,1017.6
2024-08-24 07:00:00,23.0,50.0,3.6,1020.0
2024-08-24 08:00:00,26.0,42.0,3.6,1020.0
2024-08-24 09:00:00,28.8,40.0,3.6,1015.3
2024-08-24 10:00:00,32.0,28.0,9.4,1019.0
2024-08-24 11:00:00,32.0,28.0,9.4,1018.0
2024-08-24 12:00:00,31.7,29.0,7.2,1013.8
2024-08-24 13:00:00,33.0,24.0,9.4,1017.0
2024-08-24 14:00:00,33.0,23.0,13.0,1017.0
2024-08-24 15:00:00,32.4,28.0,7.2,1012.6
2024-08-24 16:00:00,32.0,24.0,16.6,1017.0
2024-08-24 17:00:00,29.0,33.0,14.8,1017.0
2024-08-24 18:00:00,26.6,44.0,3.6,1013.4
2024-08-24 19:00:00,25.0,41.0,5.4,1018.0
2024-08-24 20:00:00,23.0,47.0,9.4,1018.0
2024-08-24 21:00:00,21.0,61.0,7.2,1015.1
2024-08-24 22:00:00,20.0,64.0,7.6,1017.0
2024-08-24 23:00:00,19.0,64.0,13.0,1017.0
2024-08-25 00:00:00,20.9,63.0,7.2,1015.2
2024-08-25 01:00:00,20.0,64.0,9.4,1017.0
2024-08-25 02:00:00,18.0,78.0,9.4,1017.0
2024-08-25 03:00:00,17.9,80.0,3.6,1015.5
2024-08-25 04:00:00,17.0,82.0,3.6,1017.0
2024-08-25 05:00:00,18.0,73.0,0.0,1017.0
2024-08-25 06:00:00,21.7,65.0,3.6,1015.0
2024-08-25 07:00:00,24.0,54.0,7.6,1014.6
2024-08-25 08:00:00,27.0,42.0,5.4,1014.0
2024-08-25 09:00:00,28.5,36.0,7.2,1013.2
2024-08-25 10:00:00,31.0,27.0,16.6,1012.9
2024-08-25 11:00:00,31.0,24.0,20.5,1012.3
2024-08-25 12:00:00,31.0,27.0,10.8,1011.6
2024-08-25 13:00:00,32.0,21.0,20.5,1011.4
2024-08-25 14:00:00,32.0,20.0,20.5,1011.0
2024-08-25 15:00:00,30.8,24.0,10.8,1010.3
2024-08-25 16:00:00,30.0,22.0,18.4,1011.0
2024-08-25 17:00:00,28.0,25.0,13.0,1011.3
2024-08-25 18:00:00,25.3,38.0,3.6,1011.7
2024-08-25 19:00:00,23.0,36.0,7.6,1012.3
2024-08-25 20:00:00,22.0,41.0,5.4,1013.0
2024-08-25 21:00:00,17.8,58.0,3.6,1013.9
2024-08-25 22:00:00,18.0,52.0,0.0,1013.9
2024-08-25 23:00:00,18.0,56.0,7.6,1014.0
2024-08-26 00:00:00,17.0,64.0,3.6,1014.2
2024-08-26 01:00:00,17.0,59.0,7.6,1014.2
2024-08-26 02:00:00,15.0,67.0,5.4,1014.2
2024-08-26 03:00:00,15.0,75.0,3.6,1014.6
2024-08-26 04:00:00,16.0,68.0,5.4,1014.2
2024-08-26 05:00:00,16.0,72.0,0.0,1014.2
2024-08-26 06:00:00,19.6,63.0,1.8,1014.5
2024-08-26 07:00:00,22.0,46.0,7.6,1013.6
2024-08-26 08:00:00,26.0,39.0,7.6,1013.0
2024-08-26 09:00:00,28.1,39.0,3.6,1012.2
2024-08-26 10:00:00,31.0,27.0,18.4,1012.1
2024-08-26 11:00:00,31.0,27.0,9.4,1011.7
2024-08-26 12:00:00,26.8,45.0,7.2,1012.3
2024-08-26 13:00:00,27.0,51.0,7.6,1011.1
2024-08-26 14:00:00,30.0,27.0,20.5,1011.0
2024-08-26 15:00:00,30.6,31.0,7.2,1010.0
2024-08-26 16:00:00,30.0,31.0,16.6,1011.3
2024-08-26 17:00:00,28.0,32.0,13.0,1011.7
2024-08-26 18:00:00,24.8,52.0,3.6,1011.7
2024-08-26 19:00:00,23.0,50.0,7.6,1012.7
2024-08-26 20:00:00,26.0,42.0,11.2,1013.3
2024-08-26 21:00:00,21.1,63.0,3.6,1013.7
2024-08-26 22:00:00,23.0,53.0,3.6,1014.1
2024-08-26 23:00:00,19.0,68.0,7.6,1014.3
2024-08-27 00:00:00,17.6,76.0,3.6,1014.5
2024-08-27 01:00:00,17.0,72.0,3.6,1014.7
2024-08-27 02:00:00,16.0,77.0,5.4,1014.8
2024-08-27 03:00:00,15.0,84.0,3.6,1015.4
2024-08-27 04:00:00,15.0,77.0,5.4,1014.9
2024-08-27 05:00:00,15.0,82.0,7.6,1014.9
2024-08-27 06:00:00,21.3,61.0,3.6,1014.7
2024-08-27 07:00:00,25.0,41.0,5.4,1014.5
2024-08-27 08:00:00,26.0,34.0,9.4,1014.0
2024-08-27 09:00:00,26.8,35.0,7.2,1013.9
2024-08-27 10:00:00,30.0,25.0,7.6,1013.0
2024-08-27 11:00:00,30.0,25.0,22.3,1012.6
2024-08-27 12:00:00,29.9,28.0,10.8,1013.0
2024-08-27 13:00:00,31.0,26.0,24.1,1012.0
2024-08-27 14:00:00,30.0,27.0,22.3,1011.9
2024-08-27 15:00:00,28.3,32.0,14.4,1013.0
2024-08-27 16:00:00,28.0,28.0,14.8,1012.2
2024-08-27 17:00:00,26.0,32.0,7.6,1012.7
2024-08-27 18:00:00,23.1,48.0,9.4,1014.8
2024-08-27 19:00:00,23.0,47.0,9.4,1013.8
2024-08-27 20:00:00,22.0,50.0,13.0,1014.4
2024-08-27 21:00:00,19.1,66.0,3.6,1016.5
2024-08-27 22:00:00,19.0,60.0,7.6,1015.3
2024-08-27 23:00:00,19.0,64.0,3.6,1015.6
2024-08-28 00:00:00,20.0,62.0,7.2,1016.0
2024-08-28 01:00:00,20.0,60.0,7.6,1015.9
2024-08-28 02:00:00,19.0,64.0,0.0,1015.9
2024-08-28 03:00:00,17.7,75.0,3.6,1016.3
2024-08-28 04:00:00,17.0,72.0,5.4,1015.9
2024-08-28 05:00:00,19.0,64.0,7.6,1015.8
2024-08-28 06:00:00,19.0,68.0,3.6,1016.5
2024-08-28 07:00:00,22.0,53.0,9.4,1015.3
2024-08-28 08:00:00,24.0,44.0,7.6,1014.9
2024-08-28 09:00:00,26.6,42.0,3.6,1014.7
2024-08-28 10:00:00,29.0,31.0,7.6,1014.2
2024-08-28 11:00:00,30.0,29.0,14.8,1014.0
2024-08-28 12:00:00,29.0,35.0,7.2,1013.6
2024-08-28 13:00:00,27.0,39.0,22.3,1013.4
2024-08-28 14:00:00,28.0,37.0,20.5,1013.1
2024-08-28 15:00:00,26.7,42.0,10.8,1013.8
2024-08-28 16:00:00,26.0,42.0,16.6,1013.3
2024-08-28 17:00:00,25.0,44.0,14.8,1013.7
2024-08-28 18:00:00,24.0,48.0,7.2,1014.8
2024-08-28 19:00:00,22.0,53.0,5.4,1014.6
2024-08-28 20:00:00,20.0,60.0,5.4,1015.0
2024-08-28 21:00:00,19.5,66.0,3.6,1016.1
2024-08-28 22:00:00,19.0,64.0,1.8,1015.6
2024-08-28 23:00:00,20.0,60.0,1.8,1015.7
2024-08-29 00:00:00,18.8,70.0,3.6,1016.0
2024-08-29 01:00:00,19.0,64.0,5.4,1015.8
2024-08-29 02:00:00,18.0,68.0,0.0,1015.7
2024-08-29 03:00:00,16.4,81.0,3.6,1016.0
2024-08-29 04:00:00,17.0,72.0,3.6,1015.6
2024-08-29 05:00:00,18.0,68.0,3.6,1015.6
2024-08-29 06:00:00,18.6,75.0,3.6,1015.5
2024-08-29 07:00:00,21.0,56.0,1.8,1015.0
2024-08-29 08:00:00,24.0,47.0,11.2,1014.5
2024-08-29 09:00:00,26.1,46.0,7.2,1013.5
2024-08-29 10:00:00,28.0,37.0,9.4,1013.5
2024-08-29 11:00:00,25.0,54.0,11.2,1013.0
2024-08-29 12:00:00,25.4,58.0,7.2,1012.3
2024-08-29 13:00:00,27.0,48.0,14.8,1012.3
2024-08-29 14:00:00,26.0,54.0,13.0,1012.2
2024-08-29 15:00:00,26.4,48.0,3.6,1011.2
2024-08-29 16:00:00,27.0,45.0,1.8,1012.3
2024-08-29 17:00:00,1.0,59.0,14.8,1012.6
2024-08-29 18:00:00,19.2,86.0,10.8,1013.7
2024-08-29 19:00:00,18.0,88.0,5.4,1013.3
2024-08-29 20:00:00,19.0,88.0,7.6,1013.8
2024-08-29 21:00:00,19.0,81.0,7.2,1014.8
2024-08-29 22:00:00,20.0,73.0,7.6,1014.4
2024-08-29 23:00:00,18.0,83.0,3.6,1014.6
2024-08-30 00:00:00,17.0,90.0,3.6,1014.9
2024-08-30 01:00:00,17.0,88.0,7.6,1014.7
2024-08-30 02:00:00,17.0,88.0,9.4,1014.7
2024-08-30 03:00:00,17.5,85.0,3.6,1014.7
2024-08-30 04:00:00,17.0,88.0,7.6,1014.7
2024-08-30 05:00:00,17.0,88.0,9.4,1014.6
2024-08-30 06:00:00,17.8,93.0,5.4,1015.6
2024-08-30 07:00:00,19.0,88.0,7.6,1014.1
2024-08-30 08:00:00,21.0,73.0,5.4,1013.6
2024-08-30 09:00:00,21.6,69.0,7.2,1014.8
2024-08-30 10:00:00,24.0,57.0,11.2,1012.7
2024-08-30 11:00:00,25.0,50.0,16.6,1012.3
2024-08-30 12:00:00,24.6,54.0,10.8,1013.5
2024-08-30 13:00:00,23.0,61.0,24.1,1011.9
2024-08-30 14:00:00,22.0,64.0,13.0,1011.8
2024-08-30 15:00:00,22.5,64.0,3.6,1014.0
2024-08-30 16:00:00,22.0,64.0,14.8,1012.0
2024-08-30 17:00:00,21.0,64.0,9.4,1012.4
2024-08-30 18:00:00,20.4,70.0,3.6,1014.6
2024-08-30 19:00:00,19.0,83.0,5.4,1013.3
2024-08-30 20:00:00,20.0,78.0,0.0,1013.9
2024-08-30 21:00:00,18.7,85.0,3.6,1016.0
2024-08-30 22:00:00,18.0,88.0,5.4,1014.4
2024-08-30 23:00:00,18.0,88.0,5.4,1014.5
2024-08-31 00:00:00,16.9,88.0,7.2,1016.4
2024-08-31 01:00:00,17.0,94.0,5.4,1014.6
2024-08-31 02:00:00,17.0,88.0,7.6,1014.7
2024-08-31 03:00:00,17.8,84.0,3.6,1014.8
2024-08-31 04:00:00,17.0,88.0,5.4,1014.8
2024-08-31 05:00:00,17.0,94.0,3.6,1014.8
2024-08-31 06:00:00,18.1,84.0,5.4,1015.1
2024-08-31 07:00:00,20.0,73.0,5.4,1014.6
2024-08-31 08:00:00,18.0,88.0,9.4,1014.3
2024-08-31 09:00:00,20.5,74.0,3.6,1015.7
2024-08-31 10:00:00,23.0,61.0,7.6,1013.5
2024-08-31 11:00:00,24.0,57.0,5.4,1013.1
2024-08-31 12:00:00,24.4,55.0,7.2,1014.5
2024-08-31 13:00:00,24.0,54.0,5.4,1012.4
2024-08-31 14:00:00,25.0,41.0,20.5,1012.3
2024-08-31 15:00:00,23.5,51.0,7.2,1014.8
2024-08-31 16:00:00,22.0,53.0,22.3,1012.5
2024-08-31 17:00:00,20.0,64.0,18.4,1013.0
2024-08-31 18:00:00,17.3,82.0,7.2,1016.6
2024-08-31 19:00:00,17.0,82.0,11.2,1014.0
2024-08-31 20:00:00,18.0,78.0,3.6,1014.5
2024-08-31 21:00:00,17.3,76.0,3.6,1016.5
2024-08-31 22:00:00,17.0,82.0,11.2,1015.2
2024-08-31 23:00:00,16.0,88.0,1.8,1015.4
2024-09-01 00:00:00,16.1,81.0,3.6,1016.5
2024-09-01 01:00:00,16.0,88.0,0.0,1015.6
2024-09-01 02:00:00,15.0,94.0,5.4,1015.7
2024-09-01 03:00:00,13.3,93.0,3.6,1016.1
2024-09-01 04:00:00,14.0,94.0,9.4,1015.7
2024-09-01 05:00:00,15.0,88.0,3.6,1015.6
2024-09-01 06:00:00,14.7,89.0,3.6,1015.7
2024-09-01 07:00:00,16.0,88.0,0.0,1015.1
2024-09-01 08:00:00,19.0,73.0,5.4,1014.7
2024-09-01 09:00:00,21.4,62.0,3.6,1013.7
2024-09-01 10:00:00,26.0,34.0,3.6,1013.7
2024-09-01 11:00:00,27.0,32.0,3.6,1013.2
2024-09-01 12:00:00,27.1,36.0,3.6,1010.9
2024-09-01 13:00:00,27.0,28.0,25.9,1012.6
2024-09-01 14:00:00,28.0,26.0,16.6,1012.5
2024-09-01 15:00:00,26.3,32.0,10.8,1011.0
2024-09-01 16:00:00,26.0,30.0,7.6,1013.0
2024-09-01 17:00:00,22.0,43.0,11.2,1013.6
2024-09-01 18:00:00,19.3,58.0,3.6,1013.0
2024-09-01 19:00:00,21.0,49.0,5.4,1014.7
2024-09-01 20:00:00,19.0,56.0,5.4,1015.3
2024-09-01 21:00:00,17.1,65.0,3.6,1014.0
2024-09-01 22:00:00,17.0,63.0,5.4,1016.0
2024-09-01 23:00:00,16.0,68.0,7.6,1016.2
2024-09-02 00:00:00,15.7,76.0,3.6,1014.3
2024-09-02 01:00:00,16.0,68.0,7.6,1016.6
2024-09-02 02:00:00,13.0,82.0,0.0,1016.8
2024-09-02 03:00:00,13.4,88.0,5.4,1014.9
2024-09-02 04:00:00,12.0,88.0,7.6,1016.7
2024-09-02 05:00:00,13.0,88.0,5.4,1016.5
2024-09-02 06:00:00,17.2,72.0,3.6,1014.8
2024-09-02 07:00:00,20.0,56.0,3.6,1016.0
2024-09-02 08:00:00,23.0,47.0,5.4,1015.7
2024-09-02 09:00:00,25.5,44.0,3.6,1013.0
2024-09-02 10:00:00,29.0,31.0,7.6,1015.0
2024-09-02 11:00:00,29.0,29.0,9.4,1014.6
2024-09-02 12:00:00,29.5,29.0,7.2,1011.8
2024-09-02 13:00:00,30.0,25.0,11.2,1014.0
2024-09-02 14:00:00,30.0,25.0,11.2,1013.8
2024-09-02 15:00:00,29.4,33.0,3.6,1011.0
2024-09-02 16:00:00,29.0,27.0,16.6,1014.2
2024-09-02 17:00:00,25.0,36.0,13.0,1014.7
2024-09-02 18:00:00,23.1,47.0,3.6,1013.4
2024-09-02 19:00:00,20.0,49.0,7.6,1015.7
2024-09-02 20:00:00,20.0,52.0,3.6,1016.2
2024-09-02 21:00:00,20.4,52.0,7.2,1014.9
2024-09-02 22:00:00,16.0,68.0,9.4,1016.9
2024-09-02 23:00:00,15.0,72.0,0.0,1017.2
2024-09-03 00:00:00,15.2,75.0,3.6,1016.5
2024-09-03 01:00:00,14.0,77.0,3.6,1017.7
2024-09-03 02:00:00,12.0,82.0,5.4,1018.0
2024-09-03 03:00:00,16.0,71.0,3.6,1017.0
2024-09-03 04:00:00,12.0,82.0,3.6,1018.3
2024-09-03 05:00:00,14.0,82.0,0.0,1018.3
2024-09-03 06:00:00,17.7,65.0,7.2,1017.6
2024-09-03 07:00:00,21.0,49.0,3.6,1017.9
2024-09-03 08:00:00,23.0,44.0,5.4,1017.6
2024-09-03 09:00:00,25.0,46.0,3.6,1015.7
2024-09-03 10:00:00,30.0,29.0,5.4,1016.6
2024-09-03 11:00:00,30.0,25.0,11.2,1016.1
2024-09-03 12:00:00,30.7,29.0,7.2,1013.4
2024-09-03 13:00:00,29.0,33.0,16.6,1015.3
2024-09-03 14:00:00,29.0,31.0,13.0,1015.1
2024-09-03 15:00:00,27.9,41.0,3.6,1013.2
2024-09-03 16:00:00,29.0,31.0,7.6,1015.1
2024-09-03 17:00:00,26.0,34.0,5.4,1015.4
2024-09-03 18:00:00,22.4,54.0,3.6,1014.6
2024-09-03 19:00:00,21.0,53.0,7.6,1016.3
2024-09-03 20:00:00,19.0,64.0,7.6,1016.8
2024-09-03 21:00:00,20.9,52.0,10.8,1015.9
2024-09-03 22:00:00,16.0,72.0,3.6,1018.0
2024-09-03 23:00:00,16.0,72.0,5.4,1018.0
2024-09-04 00:00:00,16.5,75.0,3.6,1016.6
2024-09-04 01:00:00,15.0,77.0,5.4,1018.0
2024-09-04 02:00:00,14.0,82.0,7.6,1018.0
2024-09-04 03:00:00,16.4,74.0,7.2,1016.5
2024-09-04 04:00:00,12.0,88.0,0.0,1018.0
2024-09-04 05:00:00,13.0,88.0,0.0,1018.0
2024-09-04 06:00:00,18.2,68.0,3.6,1016.5
2024-09-04 07:00:00,20.0,56.0,3.6,1018.0
2024-09-04 08:00:00,24.0,47.0,3.6,1018.0
2024-09-04 09:00:00,26.3,44.0,3.6,1014.3
2024-09-04 10:00:00,29.0,31.0,5.4,1017.0
2024-09-04 11:00:00,31.0,24.0,9.4,1016.0
2024-09-04 12:00:00,30.9,26.0,7.2,1011.5
2024-09-04 13:00:00,31.0,26.0,14.8,1015.0
2024-09-04 14:00:00,32.0,23.0,11.2,1014.0
2024-09-04 15:00:00,30.1,28.0,10.8,1010.5
2024-09-04 16:00:00,29.0,29.0,13.0,1015.0
2024-09-04 17:00:00,27.0,32.0,9.4,1015.0
2024-09-04 18:00:00,25.1,45.0,3.6,1012.1
2024-09-04 19:00:00,22.0,50.0,9.4,1016.0
2024-09-04 20:00:00,20.0,56.0,7.6,1016.0
2024-09-04 21:00:00,20.0,63.0,3.6,1013.6
2024-09-04 22:00:00,18.0,64.0,0.0,1016.0
2024-09-04 23:00:00,18.0,64.0,9.4,1016.0
2024-09-05 00:00:00,19.0,63.0,7.2,1013.9
2024-09-05 01:00:00,17.0,68.0,13.0,1016.0
2024-09-05 02:00:00,16.0,72.0,11.2,1016.0
2024-09-05 03:00:00,19.1,71.0,7.2,1013.7
2024-09-05 04:00:00,16.0,77.0,7.6,1016.0
2024-09-05 05:00:00,17.0,77.0,0.0,1016.0
2024-09-05 06:00:00,19.4,73.0,3.6,1014.3
2024-09-05 07:00:00,22.0,60.0,5.4,1016.0
2024-09-05 08:00:00,25.0,54.0,5.4,1016.0
2024-09-05 09:00:00,25.4,53.0,7.2,1012.5
2024-09-05 10:00:00,29.0,37.0,7.6,1014.0
2024-09-05 11:00:00,30.0,33.0,7.6,1014.0
2024-09-05 12:00:00,30.8,29.0,7.2,1009.2
2024-09-05 13:00:00,31.0,31.0,16.6,1013.0
2024-09-05 14:00:00,30.0,29.0,13.0,1013.0
2024-09-05 15:00:00,29.3,37.0,3.6,1009.0
2024-09-05 16:00:00,29.0,33.0,16.6,1013.0
2024-09-05 17:00:00,26.0,45.0,9.4,1013.0
2024-09-05 18:00:00,23.5,56.0,7.2,1010.6
2024-09-05 19:00:00,23.0,50.0,7.6,1014.0
2024-09-05 20:00:00,21.0,56.0,11.2,1014.0
2024-09-05 21:00:00,20.9,63.0,3.6,1011.8
2024-09-05 22:00:00,20.0,60.0,11.2,1014.0
2024-09-05 23:00:00,18.0,68.0,1.8,1014.0
2024-09-06 00:00:00,18.5,70.0,3.6,1012.4
2024-09-06 01:00:00,17.0,72.0,9.4,1015.0
2024-09-06 02:00:00,17.0,72.0,5.4,1015.0
2024-09-06 03:00:00,18.7,70.0,3.6,1013.0
2024-09-06 04:00:00,17.0,72.0,11.2,1015.0
2024-09-06 05:00:00,19.0,73.0,7.6,1016.0
2024-09-06 06:00:00,19.1,75.0,3.6,1013.8
2024-09-06 07:00:00,22.0,60.0,9.4,1016.0
2024-09-06 08:00:00,23.0,61.0,3.6,1017.0
2024-09-06 09:00:00,22.5,60.0,7.2,1014.0
2024-09-06 10:00:00,26.0,51.0,9.4,1016.0
2024-09-06 11:00:00,27.0,45.0,11.2,1016.0
2024-09-06 12:00:00,27.5,46.0,7.2,1012.4
2024-09-06 13:00:00,29.0,37.0,5.4,1015.0
2024-09-06 14:00:00,29.0,35.0,9.4,1015.0
2024-09-06 15:00:00,27.0,45.0,7.2,1011.5
2024-09-06 16:00:00,23.0,61.0,9.4,1016.0
2024-09-06 17:00:00,22.0,64.0,11.2,1017.0
2024-09-06 18:00:00,20.8,73.0,7.2,1015.1
2024-09-06 19:00:00,19.0,78.0,9.4,1018.0
2024-09-06 20:00:00,17.0,88.0,5.4,1018.0
2024-09-06 21:00:00,16.4,87.0,3.6,1016.7
2024-09-06 22:00:00,16.0,88.0,3.6,1019.0
2024-09-06 23:00:00,16.0,88.0,5.4,1019.0
2024-09-07 00:00:00,16.3,87.0,3.6,1017.5
2024-09-07 01:00:00,15.0,94.0,3.6,1019.0
2024-09-07 02:00:00,14.0,94.0,3.6,1019.0
2024-09-07 03:00:00,15.4,88.0,3.6,1017.7
2024-09-07 04:00:00,15.0,88.0,1.8,1019.0
2024-09-07 05:00:00,16.0,88.0,1.8,1020.0
2024-09-07 06:00:00,17.6,80.0,3.6,1018.4
2024-09-07 07:00:00,21.0,64.0,1.8,1020.0
2024-09-07 08:00:00,22.0,60.0,9.4,1020.0
2024-09-07 09:00:00,23.0,60.0,3.6,1017.0
2024-09-07 10:00:00,25.0,50.0,14.8,1020.0
2024-09-07 11:00:00,26.0,45.0,16.6,1019.0
2024-09-07 12:00:00,25.8,47.0,10.8,1015.6
2024-09-07 13:00:00,27.0,42.0,14.8,1019.0
2024-09-07 14:00:00,27.0,42.0,18.4,1018.0
2024-09-07 15:00:00,26.2,44.0,10.8,1015.2
2024-09-07 16:00:00,25.0,41.0,14.8,1019.0
2024-09-07 17:00:00,23.0,41.0,9.4,1019.0
2024-09-07 18:00:00,22.0,53.0,3.6,1016.6
2024-09-07 19:00:00,20.0,56.0,14.8,1020.0
2024-09-07 20:00:00,20.0,52.0,13.0,1020.0
2024-09-07 21:00:00,19.5,60.0,7.2,1017.7
2024-09-07 22:00:00,16.0,72.0,11.2,1020.0
2024-09-07 23:00:00,18.0,73.0,20.5,1020.0
2024-09-08 00:00:00,18.2,74.0,7.2,1018.0
2024-09-08 01:00:00,16.0,77.0,16.6,1020.0
2024-09-08 02:00:00,15.0,82.0,11.2,1020.0
2024-09-08 03:00:00,15.3,83.0,3.6,1018.8
2024-09-08 04:00:00,14.0,88.0,13.0,1020.0
2024-09-08 05:00:00,15.0,82.0,7.6,1020.0
2024-09-08 06:00:00,17.6,72.0,7.2,1018.6
2024-09-08 07:00:00,20.0,60.0,9.4,1020.0
2024-09-08 08:00:00,23.0,47.0,9.4,1020.0
2024-09-08 09:00:00,23.6,46.0,7.2,1016.9
2024-09-08 10:00:00,26.0,34.0,11.2,1019.0
2024-09-08 11:00:00,27.0,30.0,7.6,1018.0
2024-09-08 12:00:00,26.9,32.0,7.2,1014.5
2024-09-08 13:00:00,28.0,26.0,14.8,1017.0
2024-09-08 14:00:00,27.0,26.0,11.2,1017.0
2024-09-08 15:00:00,26.9,28.0,7.2,1013.2
2024-09-08 16:00:00,26.0,26.0,14.8,1017.0
2024-09-08 17:00:00,23.0,31.0,7.6,1017.0
2024-09-08 18:00:00,20.0,48.0,3.6,1015.5
2024-09-08 19:00:00,18.0,42.0,14.8,1018.0
2024-09-08 20:00:00,18.0,42.0,11.2,1017.0
2024-09-08 21:00:00,18.3,51.0,7.2,1015.9
2024-09-08 22:00:00,16.0,52.0,16.6,1017.0
2024-09-08 23:00:00,16.0,52.0,11.2,1017.0
2024-09-09 00:00:00,16.2,49.0,7.2,1016.1
2024-09-09 01:00:00,15.0,51.0,13.0,1017.0
2024-09-09 02:00:00,13.0,58.0,9.4,1016.0
2024-09-09 03:00:00,12.5,64.0,7.2,1016.3
2024-09-09 04:00:00,15.0,55.0,9.4,1016.0
2024-09-09 05:00:00,15.0,59.0,9.4,1015.0
2024-09-09 06:00:00,17.3,54.0,3.6,1014.3
2024-09-09 07:00:00,20.0,56.0,22.3,1015.0
2024-09-09 08:00:00,23.0,47.0,20.5,1014.0
2024-09-09 09:00:00,23.1,45.0,7.2,1011.5
2024-09-09 10:00:00,25.0,41.0,14.8,1012.0
2024-09-09 11:00:00,27.0,37.0,18.4,1011.0
2024-09-09 12:00:00,28.0,38.0,10.8,1007.8
2024-09-09 13:00:00,29.0,33.0,24.1,1009.0
2024-09-09 14:00:00,28.0,35.0,24.1,1008.0
2024-09-09 15:00:00,27.2,40.0,7.2,1005.1
2024-09-09 16:00:00,26.0,36.0,25.9,1008.0
2024-09-09 17:00:00,25.0,36.0,24.1,1008.0
2024-09-09 18:00:00,23.4,45.0,7.2,1005.4
2024-09-09 19:00:00,23.0,41.0,14.8,1008.0
2024-09-09 20:00:00,23.0,41.0,13.0,1008.0
2024-09-09 21:00:00,22.1,50.0,7.2,1005.4
2024-09-09 22:00:00,22.0,43.0,24.1,1007.0
2024-09-09 23:00:00,21.0,46.0,16.6,1007.0
2024-09-10 00:00:00,20.6,57.0,3.6,1004.4
2024-09-10 01:00:00,21.0,49.0,11.2,1007.0
2024-09-10 02:00:00,20.0,52.0,11.2,1006.0
2024-09-10 03:00:00,19.9,55.0,3.6,1004.3
2024-09-10 04:00:00,19.0,60.0,16.6,1006.0
2024-09-10 05:00:00,19.0,60.0,13.0,1006.0
2024-09-10 06:00:00,18.9,64.0,3.6,1004.3
2024-09-10 07:00:00,20.0,60.0,20.5,1006.0
2024-09-10 08:00:00,19.0,73.0,20.5,1006.0
2024-09-10 09:00:00,18.0,83.0,7.2,1004.5
2024-09-10 10:00:00,18.0,83.0,16.6,1006.0
2024-09-10 11:00:00,18.0,83.0,13.0,1006.0
2024-09-10 12:00:00,17.9,88.0,3.6,1004.3
2024-09-10 13:00:00,18.0,83.0,22.3,1006.0
2024-09-10 14:00:00,17.0,88.0,24.1,1006.0
2024-09-10 15:00:00,16.4,93.0,7.2,1004.7
2024-09-10 16:00:00,15.0,94.0,13.0,1006.0
2024-09-10 17:00:00,15.0,94.0,3.6,1006.0
2024-09-10 18:00:00,14.8,92.0,7.2,1005.3
2024-09-10 19:00:00,15.0,94.0,7.6,1007.0
2024-09-10 20:00:00,15.0,94.0,0.0,1007.0
2024-09-10 21:00:00,14.7,96.0,5.4,1005.6
2024-09-10 22:00:00,15.0,94.0,7.6,1007.0
2024-09-10 23:00:00,15.0,94.0,9.4,1007.0
2024-09-11 00:00:00,14.7,97.0,3.6,1005.7
2024-09-11 01:00:00,15.0,94.0,11.2,1006.0
2024-09-11 02:00:00,15.0,94.0,13.0,1006.0
2024-09-11 03:00:00,14.4,97.0,7.2,1005.7
2024-09-11 04:00:00,15.0,94.0,11.2,1007.0
2024-09-11 05:00:00,15.0,94.0,11.2,1007.0
2024-09-11 06:00:00,14.7,97.0,7.2,1005.8
2024-09-11 07:00:00,16.0,88.0,13.0,1008.0
2024-09-11 08:00:00,16.0,88.0,14.8,1008.0
2024-09-11 09:00:00,16.8,87.0,7.2,1006.1
2024-09-11 10:00:00,19.0,73.0,20.5,1008.0
2024-09-11 11:00:00,19.0,73.0,24.1,1008.0
2024-09-11 12:00:00,17.9,77.0,10.8,1006.2
2024-09-11 13:00:00,18.0,78.0,25.9,1009.0
2024-09-11 14:00:00,18.0,73.0,24.1,1009.0
2024-09-11 15:00:00,17.5,78.0,10.8,1007.6
2024-09-11 16:00:00,17.0,77.0,18.4,1010.0
2024-09-11 17:00:00,17.0,77.0,18.4,1010.0
2024-09-11 18:00:00,16.5,77.0,7.2,1009.1
2024-09-11 19:00:00,16.0,82.0,9.4,1011.0
2024-09-11 20:00:00,16.0,82.0,7.6,1011.0
2024-09-11 21:00:00,14.6,88.0,3.6,1010.1
2024-09-11 22:00:00,14.0,88.0,1.8,1011.0
2024-09-11 23:00:00,13.0,88.0,5.4,1012.0
2024-09-12 00:00:00,12.3,92.0,3.6,1011.1
2024-09-12 01:00:00,14.0,82.0,5.4,1011.0
2024-09-12 02:00:00,11.0,94.0,9.4,1012.0
2024-09-12 03:00:00,10.1,96.0,3.6,1011.8
2024-09-12 04:00:00,10.0,100.0,3.6,1012.0
2024-09-12 05:00:00,11.0,94.0,3.6,1012.0
2024-09-12 06:00:00,13.4,86.0,3.6,1012.1
2024-09-12 07:00:00,16.0,77.0,1.8,1013.0
2024-09-12 08:00:00,18.0,68.0,5.4,1013.0
2024-09-12 09:00:00,19.3,65.0,7.2,1010.6
2024-09-12 10:00:00,23.0,50.0,9.4,1012.0
2024-09-12 11:00:00,25.0,39.0,20.5,1011.0
2024-09-12 12:00:00,25.6,41.0,7.2,1008.0
2024-09-12 13:00:00,27.0,34.0,11.2,1011.0
2024-09-12 14:00:00,27.0,34.0,18.4,1011.0
2024-09-12 15:00:00,26.3,39.0,7.2,1007.2
2024-09-12 16:00:00,26.0,36.0,11.2,1011.0
2024-09-12 17:00:00,25.0,39.0,11.2,1011.0
2024-09-12 18:00:00,21.9,46.0,7.2,1008.4
2024-09-12 19:00:00,17.0,72.0,5.4,1011.0
2024-09-12 20:00:00,17.0,68.0,3.6,1011.0
2024-09-12 21:00:00,13.9,78.0,11.2,1010.3
2024-09-12 22:00:00,15.0,77.0,9.0,1011.0
2024-09-12 23:00:00,14.0,82.0,5.4,1011.0
2024-09-13 00:00:00,13.2,85.0,7.6,1010.0
2024-09-13 01:00:00,13.0,88.0,5.4,1010.0
2024-09-13 02:00:00,13.0,82.0,3.6,1010.0
2024-09-13 03:00:00,14.1,80.0,3.6,1008.6
2024-09-13 04:00:00,12.0,88.0,9.4,1008.0
2024-09-13 05:00:00,13.0,88.0,7.6,1008.0
2024-09-13 06:00:00,15.8,76.0,3.6,1007.8
2024-09-13 07:00:00,15.0,82.0,3.6,1009.0
2024-09-13 08:00:00,18.0,64.0,0.0,1009.0
2024-09-13 09:00:00,18.5,67.0,3.6,1006.5
2024-09-13 10:00:00,20.0,68.0,5.4,1007.0
2024-09-13 11:00:00,19.0,78.0,13.0,1008.0
2024-09-13 12:00:00,17.7,88.0,7.0,1006.0
2024-09-13 13:00:00,22.0,73.0,7.0,1007.0
2024-09-13 14:00:00,21.0,64.0,17.0,1006.0
2024-09-13 15:00:00,20.8,69.0,7.0,1003.7
2024-09-13 16:00:00,22.0,65.0,17.0,1006.0
2024-09-13 17:00:00,18.5,78.0,5.5,1004.1
2024-09-13 18:00:00,18.9,80.0,4.0,1004.3
2024-09-13 19:00:00,19.0,78.0,7.0,1006.0
2024-09-13 20:00:00,18.0,78.0,7.6,1006.0
2024-09-13 21:00:00,16.5,88.0,3.6,1004.9
2024-09-13 22:00:00,16.0,88.0,7.6,1006.0
2024-09-13 23:00:00,15.0,88.0,5.4,1005.0
2024-09-14 00:00:00,15.4,93.0,3.6,1004.2
2024-09-14 01:00:00,15.0,88.0,9.4,1005.0
2024-09-14 02:00:00,16.0,88.0,9.4,1005.0
2024-09-14 03:00:00,15.4,91.0,7.2,1004.5
2024-09-14 04:00:00,14.0,88.0,9.4,1006.0
2024-09-14 05:00:00,13.0,94.0,14.8,1007.0
2024-09-14 06:00:00,12.9,92.0,3.6,1006.4
2024-09-14 07:00:00,15.0,77.0,5.4,1007.0
2024-09-14 08:00:00,16.0,68.0,9.4,1007.0
2024-09-14 09:00:00,16.3,72.0,3.6,1005.8
2024-09-14 10:00:00,15.0,82.0,24.1,1008.0
2024-09-14 11:00:00,14.0,88.0,13.0,1008.0
2024-09-14 12:00:00,13.6,93.0,10.8,1007.7
2024-09-14 13:00:00,14.0,82.0,20.5,1009.0
2024-09-14 14:00:00,14.0,82.0,13.0,1009.0
2024-09-14 15:00:00,13.8,84.0,3.6,1007.9
2024-09-14 16:00:00,13.0,88.0,5.4,1009.0
2024-09-14 17:00:00,13.0,88.0,1.8,1010.0
2024-09-14 18:00:00,10.7,96.0,0.0,1010.0
2024-09-14 19:00:00,11.0,94.0,9.4,1011.0
2024-09-14 20:00:00,10.0,100.0,3.6,1010.0
2024-09-14 21:00:00,10.6,95.0,7.2,1010.9
2024-09-14 22:00:00,10.0,87.0,11.2,1011.0
2024-09-14 23:00:00,10.0,87.0,7.6,1011.0
2024-09-15 00:00:00,9.2,97.0,3.6,1010.8
2024-09-15 01:00:00,8.0,100.0,3.6,1010.0
2024-09-15 02:00:00,8.0,100.0,5.4,1010.0
2024-09-15 03:00:00,7.9,97.0,5.4,1010.7
2024-09-15 04:00:00,8.0,93.0,3.6,1010.0
2024-09-15 05:00:00,9.0,94.0,3.6,1009.0
2024-09-15 06:00:00,8.8,96.0,3.6,1009.9
2024-09-15 07:00:00,10.0,87.0,5.4,1009.0
2024-09-15 08:00:00,11.0,88.0,5.4,1009.0
2024-09-15 09:00:00,11.7,82.0,3.6,1009.0
2024-09-15 10:00:00,15.0,67.0,7.6,1009.0
2024-09-15 11:00:00,16.0,59.0,7.6,1008.0
2024-09-15 12:00:00,16.8,59.0,3.6,1007.3
2024-09-15 13:00:00,17.0,59.0,13.0,1008.0
2024-09-15 14:00:00,16.0,63.0,14.8,1008.0
2024-09-15 15:00:00,15.0,71.0,7.2,1007.5
2024-09-15 16:00:00,14.0,77.0,11.2,1009.0
2024-09-15 17:00:00,14.0,82.0,11.2,1010.0
2024-09-15 18:00:00,11.2,93.0,10.8,1010.0
2024-09-15 19:00:00,9.0,94.0,24.1,1011.0
2024-09-15 20:00:00,9.0,87.0,20.5,1011.0
2024-09-15 21:00:00,8.5,91.0,10.8,1011.6
2024-09-15 22:00:00,9.0,87.0,16.6,1011.0
2024-09-15 23:00:00,9.0,87.0,16.6,1011.0
2024-09-16 00:00:00,8.6,87.0,7.2,1011.6
2024-09-16 01:00:00,10.0,76.0,13.0,1011.0
2024-09-16 02:00:00,10.0,76.0,9.4,1010.0
2024-09-16 03:00:00,9.0,83.0,7.2,1010.8
2024-09-16 04:00:00,8.0,87.0,9.4,1010.0
2024-09-16 05:00:00,8.0,87.0,7.6,1011.0
2024-09-16 06:00:00,9.7,77.0,7.2,1010.7
2024-09-16 07:00:00,12.0,67.0,16.6,1011.0
2024-09-16 08:00:00,12.0,67.0,13.0,1011.0
2024-09-16 09:00:00,13.1,65.0,7.2,1010.2
2024-09-16 10:00:00,16.0,52.0,9.4,1011.0
2024-09-16 11:00:00,16.0,52.0,16.6,1010.0
2024-09-16 12:00:00,15.4,56.0,7.2,1009.6
2024-09-16 13:00:00,16.0,52.0,18.4,1011.0
2024-09-16 14:00:00,17.0,48.0,13.0,1011.0
2024-09-16 15:00:00,17.0,55.0,3.6,1009.6
2024-09-16 16:00:00,17.0,48.0,5.4,1012.0
2024-09-16 17:00:00,14.0,63.0,5.4,1012.0
2024-09-16 18:00:00,12.4,76.0,3.6,1011.9
2024-09-16 19:00:00,13.0,72.0,9.4,1014.0
2024-09-16 20:00:00,11.0,82.0,5.4,1014.0
2024-09-16 21:00:00,10.9,80.0,7.2,1014.2
2024-09-16 22:00:00,10.0,87.0,5.4,1015.0
2024-09-16 23:00:00,9.0,87.0,5.4,1015.0
2024-09-17 00:00:00,9.6,86.0,3.6,1015.0
2024-09-17 01:00:00,8.0,87.0,3.6,1015.0
2024-09-17 02:00:00,9.0,87.0,0.0,1016.0
2024-09-17 03:00:00,8.1,93.0,3.6,1016.1
2024-09-17 04:00:00,10.0,87.0,5.4,1017.0
2024-09-17 05:00:00,9.0,94.0,5.4,1017.0
2024-09-17 06:00:00,10.3,89.0,3.6,1017.7
2024-09-17 07:00:00,12.0,82.0,7.6,1018.0
2024-09-17 08:00:00,17.0,68.0,3.6,1018.0
2024-09-17 09:00:00,17.2,66.0,7.2,1016.2
2024-09-17 10:00:00,19.0,56.0,13.0,1018.0
2024-09-17 11:00:00,21.0,46.0,13.0,1017.0
2024-09-17 12:00:00,19.8,56.0,3.6,1015.6
2024-09-17 13:00:00,21.0,46.0,5.4,1018.0
2024-09-17 14:00:00,22.0,43.0,7.6,1018.0
2024-09-17 15:00:00,20.4,54.0,3.6,1015.5
2024-09-17 16:00:00,20.0,52.0,9.4,1018.0
2024-09-17 17:00:00,18.0,64.0,9.4,1019.0
2024-09-17 18:00:00,17.0,70.0,3.6,1017.2
2024-09-17 19:00:00,16.0,72.0,11.2,1019.0
2024-09-17 20:00:00,15.0,77.0,7.6,1020.0
2024-09-17 21:00:00,15.1,77.0,3.6,1018.3
2024-09-17 22:00:00,14.0,82.0,11.2,1020.0
2024-09-17 23:00:00,14.0,82.0,5.4,1020.0
2024-09-18 00:00:00,13.4,82.0,3.6,1018.7
2024-09-18 01:00:00,13.0,88.0,5.4,1020.0
2024-09-18 02:00:00,12.0,88.0,5.4,1019.0
2024-09-18 03:00:00,12.6,91.0,5.4,1019.0
2024-09-18 04:00:00,13.0,82.0,7.6,1020.0
2024-09-18 05:00:00,13.0,88.0,7.6,1020.0
2024-09-18 06:00:00,13.8,88.0,3.6,1019.0
2024-09-18 07:00:00,15.0,77.0,3.6,1020.0
2024-09-18 08:00:00,17.0,63.0,1.8,1020.0
2024-09-18 09:00:00,16.8,73.0,3.6,1018.8
2024-09-18 10:00:00,19.0,56.0,3.6,1020.0
2024-09-18 11:00:00,20.0,52.0,3.6,1020.0
2024-09-18 12:00:00,18.8,61.0,3.6,1018.1
2024-09-18 13:00:00,20.0,43.0,13.0,1019.0
2024-09-18 14:00:00,19.0,49.0,11.2,1019.0
2024-09-18 15:00:00,17.7,65.0,7.2,1017.9
2024-09-18 16:00:00,17.0,63.0,9.4,1020.0
2024-09-18 17:00:00,16.0,77.0,13.0,1020.0
2024-09-18 18:00:00,14.4,91.0,3.6,1019.3
2024-09-18 19:00:00,14.0,94.0,0.0,1020.0
2024-09-18 20:00:00,15.0,82.0,5.4,1020.0
2024-09-18 21:00:00,13.8,93.0,3.6,1019.4
2024-09-18 22:00:00,14.0,94.0,7.6,1020.0
2024-09-18 23:00:00,14.0,94.0,9.4,1020.0
2024-09-19 00:00:00,12.5,94.0,3.6,1019.5
2024-09-19 01:00:00,13.0,94.0,5.4,1019.0
2024-09-19 02:00:00,13.0,94.0,7.6,1019.0
2024-09-19 03:00:00,12.6,97.0,3.6,1018.7
2024-09-19 04:00:00,13.0,94.0,3.6,1019.0
2024-09-19 05:00:00,13.0,94.0,1.8,1019.0
2024-09-19 06:00:00,13.8,90.0,3.6,1018.4
2024-09-19 07:00:00,16.0,82.0,7.6,1019.0
2024-09-19 08:00:00,18.0,68.0,7.6,1019.0
2024-09-19 09:00:00,18.5,65.0,7.2,1016.8
2024-09-19 10:00:00,21.0,53.0,11.2,1018.0
2024-09-19 11:00:00,22.0,46.0,9.4,1018.0
2024-09-19 12:00:00,20.1,59.0,3.6,1016.3
2024-09-19 13:00:00,18.0,73.0,18.4,1018.0
2024-09-19 14:00:00,18.0,68.0,7.6,1018.0
2024-09-19 15:00:00,16.4,81.0,7.2,1017.0
2024-09-19 16:00:00,16.0,88.0,9.4,1018.0
2024-09-19 17:00:00,16.0,82.0,7.6,1018.0
2024-09-19 18:00:00,14.7,92.0,3.6,1017.5
2024-09-19 19:00:00,15.0,88.0,7.6,1019.0
2024-09-19 20:00:00,15.0,88.0,5.4,1019.0
2024-09-19 21:00:00,14.0,97.0,3.6,1018.6
2024-09-19 22:00:00,15.0,94.0,7.6,1019.0
2024-09-19 23:00:00,15.0,88.0,5.4,1019.0
2024-09-20 00:00:00,13.8,96.0,3.6,1018.8
2024-09-20 01:00:00,14.0,94.0,3.6,1019.0
2024-09-20 02:00:00,14.0,94.0,3.6,1020.0
2024-09-20 03:00:00,13.1,96.0,3.6,1019.1
2024-09-20 04:00:00,13.0,82.0,3.6,1020.0
2024-09-20 05:00:00,13.0,88.0,5.4,1021.0
2024-09-20 06:00:00,12.9,93.0,3.6,1019.4
2024-09-20 07:00:00,16.0,72.0,3.6,1021.0
2024-09-20 08:00:00,17.0,63.0,7.6,1021.0
2024-09-20 09:00:00,16.1,70.0,3.6,1019.5
2024-09-20 10:00:00,18.0,64.0,13.0,1021.0
2024-09-20 11:00:00,18.0,64.0,13.0,1021.0
2024-09-20 12:00:00,18.5,62.0,7.2,1018.9
2024-09-20 13:00:00,19.0,52.0,14.8,1021.0
2024-09-20 14:00:00,18.0,60.0,18.4,1021.0
2024-09-20 15:00:00,18.2,60.0,3.6,1019.3
2024-09-20 16:00:00,17.0,59.0,11.2,1021.0
2024-09-20 17:00:00,17.0,55.0,7.6,1022.0
2024-09-20 18:00:00,15.4,71.0,3.6,1021.0
2024-09-20 19:00:00,16.0,59.0,9.4,1023.0
2024-09-20 20:00:00,15.0,63.0,3.6,1023.0
2024-09-20 21:00:00,12.1,81.0,3.6,1022.3
2024-09-20 22:00:00,11.0,82.0,3.6,1023.0
2024-09-20 23:00:00,11.0,76.0,5.4,1023.0
2024-09-21 00:00:00,9.4,88.0,3.6,1023.4
2024-09-21 01:00:00,8.0,93.0,7.6,1023.0
2024-09-21 02:00:00,8.0,93.0,7.6,1023.0
2024-09-21 03:00:00,6.7,93.0,3.6,1024.1
2024-09-21 04:00:00,9.0,87.0,3.6,1023.0
2024-09-21 05:00:00,9.0,87.0,7.6,1023.0
2024-09-21 06:00:00,9.6,91.0,1.8,1023.2
2024-09-21 07:00:00,14.0,67.0,3.6,1024.0
2024-09-21 08:00:00,16.0,48.0,3.6,1024.0
2024-09-21 09:00:00,17.6,41.0,7.2,1021.4
2024-09-21 10:00:00,21.0,30.0,7.6,1023.0
2024-09-21 11:00:00,21.0,28.0,9.4,1022.0
2024-09-21 12:00:00,20.5,33.0,7.2,1019.8
2024-09-21 13:00:00,22.0,27.0,13.0,1022.0
2024-09-21 14:00:00,21.0,26.0,11.2,1021.0
2024-09-21 15:00:00,20.6,33.0,7.2,1019.4
2024-09-21 16:00:00,19.0,32.0,14.8,1021.0
2024-09-21 17:00:00,16.0,39.0,5.4,1022.0
2024-09-21 18:00:00,13.4,61.0,7.2,1021.3
2024-09-21 19:00:00,13.0,54.0,7.6,1023.0
2024-09-21 20:00:00,13.0,54.0,7.6,1023.0
2024-09-21 21:00:00,11.2,61.0,7.2,1023.0
2024-09-21 22:00:00,8.0,76.0,5.4,1023.0
2024-09-21 23:00:00,7.0,81.0,5.4,1023.0
2024-09-22 00:00:00,9.4,65.0,7.2,1023.5
2024-09-22 01:00:00,6.0,81.0,0.0,1023.0
2024-09-22 02:00:00,5.0,87.0,5.4,1023.0
2024-09-22 03:00:00,7.4,76.0,3.6,1023.7
2024-09-22 04:00:00,5.0,93.0,1.8,1023.0
2024-09-22 05:00:00,5.0,87.0,1.8,1023.0
2024-09-22 06:00:00,9.6,75.0,3.6,1023.1
2024-09-22 07:00:00,11.0,66.0,0.0,1023.0
2024-09-22 08:00:00,14.0,55.0,3.6,1022.0
2024-09-22 09:00:00,16.4,50.0,3.6,1020.8
2024-09-22 10:00:00,20.0,35.0,5.4,1021.0
2024-09-22 11:00:00,22.0,33.0,5.4,1020.0
2024-09-22 12:00:00,21.7,37.0,3.6,1017.7
2024-09-22 13:00:00,23.0,31.0,9.4,1019.0
2024-09-22 14:00:00,23.0,31.0,7.6,1018.0
2024-09-22 15:00:00,22.1,36.0,3.6,1016.0
2024-09-22 16:00:00,21.0,38.0,9.4,1018.0
2024-09-22 17:00:00,16.0,52.0,5.4,1018.0
2024-09-22 18:00:00,12.7,75.0,3.6,1018.3
2024-09-22 19:00:00,15.0,55.0,7.6,1019.0
2024-09-22 20:00:00,13.0,62.0,3.6,1019.0
2024-09-22 21:00:00,13.4,62.0,7.2,1018.5
2024-09-22 22:00:00,10.0,76.0,3.6,1019.0
2024-09-22 23:00:00,9.0,82.0,5.4,1019.0
2024-09-23 00:00:00,11.5,71.0,3.6,1019.0
2024-09-23 01:00:00,7.0,93.0,0.0,1019.0
2024-09-23 02:00:00,7.0,93.0,0.0,1019.0
2024-09-23 03:00:00,9.4,82.0,7.2,1019.3
2024-09-23 04:00:00,5.0,93.0,3.6,1019.0
2024-09-23 05:00:00,6.0,100.0,0.0,1019.0
2024-09-23 06:00:00,10.4,78.0,3.6,1019.3
2024-09-23 07:00:00,13.0,67.0,1.8,1019.0
2024-09-23 08:00:00,16.0,59.0,7.6,1019.0
2024-09-23 09:00:00,17.3,56.0,3.6,1017.5
2024-09-23 10:00:00,21.0,40.0,3.6,1018.0
2024-09-23 11:00:00,23.0,29.0,5.4,1018.0
2024-09-23 12:00:00,22.5,34.0,7.2,1014.8
2024-09-23 13:00:00,24.0,29.0,7.6,1017.0
2024-09-23 14:00:00,24.0,25.0,3.6,1016.0
2024-09-23 15:00:00,23.4,34.0,7.2,1014.0
2024-09-23 16:00:00,22.0,31.0,3.6,1016.0
2024-09-23 17:00:00,17.0,48.0,7.6,1016.0
2024-09-23 18:00:00,16.2,56.0,7.2,1015.4
2024-09-23 19:00:00,15.0,59.0,14.8,1017.0
2024-09-23 20:00:00,14.0,58.0,14.8,1017.0
2024-09-23 21:00:00,13.4,62.0,7.2,1016.8
2024-09-23 22:00:00,11.0,66.0,11.2,1018.0
2024-09-23 23:00:00,10.0,71.0,5.4,1018.0
2024-09-24 00:00:00,12.3,71.0,3.6,1017.6
2024-09-24 01:00:00,8.0,87.0,0.0,1018.0
2024-09-24 02:00:00,7.0,93.0,1.8,1018.0
2024-09-24 03:00:00,11.0,71.0,7.2,1017.7
2024-09-24 04:00:00,7.0,87.0,5.4,1018.0
2024-09-24 05:00:00,7.0,93.0,0.0,1018.0
2024-09-24 06:00:00,12.4,68.0,3.6,1018.1
2024-09-24 07:00:00,16.0,55.0,2.0,1018.0
2024-09-24 08:00:00,17.0,55.0,4.0,1018.0
2024-09-24 09:00:00,19.0,49.0,3.6,1016.3
2024-09-24 10:00:00,23.0,36.0,5.4,1018.0
2024-09-24 11:00:00,24.0,36.0,3.6,1017.0
2024-09-24 12:00:00,24.4,35.0,3.6,1013.9
2024-09-24 13:00:00,26.0,28.0,9.4,1016.0
2024-09-24 14:00:00,25.0,32.0,9.4,1016.0
2024-09-24 15:00:00,24.3,40.0,3.6,1012.7
2024-09-24 16:00:00,22.0,43.0,3.6,1016.0
2024-09-24 17:00:00,22.0,43.0,7.6,1016.0
2024-09-24 18:00:00,20.9,51.0,10.8,1013.9
2024-09-24 19:00:00,19.0,60.0,11.2,1017.0
2024-09-24 20:00:00,19.0,60.0,13.0,1017.0
2024-09-24 21:00:00,17.5,69.0,5.4,1015.7
2024-09-24 22:00:00,17.0,72.0,3.6,1018.0
2024-09-24 23:00:00,16.0,77.0,5.4,1018.0
2024-09-25 00:00:00,14.3,84.0,0.0,1016.9
2024-09-25 01:00:00,15.0,82.0,1.8,1018.0
2024-09-25 02:00:00,14.0,88.0,1.8,1018.0
2024-09-25 03:00:00,14.9,74.0,5.4,1016.8
2024-09-25 04:00:00,12.0,94.0,0.0,1018.0
2024-09-25 05:00:00,13.0,88.0,3.6,1019.0
2024-09-25 06:00:00,15.2,68.0,7.2,1017.3
2024-09-25 07:00:00,18.0,60.0,3.6,1019.0
2024-09-25 08:00:00,21.0,53.0,3.6,1019.0
2024-09-25 09:00:00,21.4,53.0,3.6,1016.7
2024-09-25 10:00:00,24.0,41.0,3.6,1019.0
2024-09-25 11:00:00,26.0,36.0,9.4,1018.0
2024-09-25 12:00:00,25.6,41.0,3.6,1015.3
2024-09-25 13:00:00,27.0,34.0,5.4,1017.0
2024-09-25 14:00:00,26.0,36.0,3.6,1017.0
2024-09-25 15:00:00,25.7,44.0,3.6,1013.5
2024-09-25 16:00:00,24.0,44.0,0.0,1017.0
2024-09-25 17:00:00,22.0,53.0,11.2,1017.0
2024-09-25 18:00:00,21.3,61.0,7.2,1015.3
2024-09-25 19:00:00,20.0,64.0,7.6,1018.0
2024-09-25 20:00:00,20.0,64.0,14.8,1019.0
2024-09-25 21:00:00,18.7,82.0,3.6,1017.4
2024-09-25 22:00:00,17.0,88.0,5.4,1019.0
2024-09-25 23:00:00,16.0,94.0,5.4,1019.0
2024-09-26 00:00:00,16.2,90.0,3.6,1018.1
2024-09-26 01:00:00,16.0,94.0,7.6,1019.0
2024-09-26 02:00:00,14.0,100.0,11.2,1019.0
2024-09-26 03:00:00,13.5,94.0,3.6,1018.1
2024-09-26 04:00:00,13.0,100.0,5.4,1019.0
2024-09-26 05:00:00,14.0,94.0,1.8,1019.0
2024-09-26 06:00:00,14.5,85.0,3.6,1018.3
2024-09-26 07:00:00,17.0,82.0,3.6,1019.0
2024-09-26 08:00:00,18.0,73.0,3.6,1019.0
2024-09-26 09:00:00,20.5,64.0,3.6,1016.8
2024-09-26 10:00:00,23.0,47.0,5.4,1018.0
2024-09-26 11:00:00,25.0,44.0,7.6,1018.0
2024-09-26 12:00:00,24.7,48.0,3.6,1014.5
2024-09-26 13:00:00,27.0,34.0,7.6,1016.0
2024-09-26 14:00:00,27.0,34.0,7.6,1016.0
2024-09-26 15:00:00,26.2,42.0,7.2,1012.9
2024-09-26 16:00:00,25.0,39.0,7.6,1016.0
2024-09-26 17:00:00,20.0,56.0,11.2,1016.0
2024-09-26 18:00:00,19.7,57.0,7.2,1014.3
2024-09-26 19:00:00,18.0,64.0,5.4,1017.0
2024-09-26 20:00:00,16.0,72.0,3.6,1017.0
2024-09-26 21:00:00,14.8,76.0,3.6,1016.1
2024-09-26 22:00:00,14.0,77.0,5.4,1017.0
2024-09-26 23:00:00,13.0,82.0,9.4,1017.0
2024-09-27 00:00:00,14.6,74.0,3.6,1015.9
2024-09-27 01:00:00,12.0,88.0,5.4,1017.0
2024-09-27 02:00:00,11.0,88.0,3.6,1017.0
2024-09-27 03:00:00,12.9,82.0,3.6,1016.3
2024-09-27 04:00:00,10.0,94.0,0.0,1017.0
2024-09-27 05:00:00,10.0,94.0,1.8,1017.0
2024-09-27 06:00:00,15.5,72.0,3.6,1016.0
2024-09-27 07:00:00,17.0,68.0,3.6,1017.0
2024-09-27 08:00:00,19.0,60.0,5.4,1017.0
2024-09-27 09:00:00,21.7,54.0,3.6,1014.0
2024-09-27 10:00:00,24.0,47.0,3.6,1016.0
2024-09-27 11:00:00,26.0,42.0,7.6,1015.0
2024-09-27 12:00:00,26.4,43.0,7.2,1011.2
2024-09-27 13:00:00,28.0,35.0,7.6,1014.0
2024-09-27 14:00:00,29.0,33.0,5.4,1013.0
2024-09-27 15:00:00,27.8,42.0,3.6,1009.9
2024-09-27 16:00:00,26.0,39.0,11.2,1013.0
2024-09-27 17:00:00,23.0,47.0,14.8,1014.0
2024-09-27 18:00:00,22.8,50.0,7.2,1011.4
2024-09-27 19:00:00,20.0,56.0,11.2,1015.0
2024-09-27 20:00:00,16.0,72.0,14.8,1015.0
2024-09-27 21:00:00,17.1,72.0,3.6,1013.3
2024-09-27 22:00:00,17.0,68.0,5.4,1015.0
2024-09-27 23:00:00,16.0,72.0,3.6,1015.0
2024-09-28 00:00:00,14.6,83.0,3.6,1014.0
2024-09-28 01:00:00,14.0,82.0,5.4,1015.0
2024-09-28 02:00:00,12.0,88.0,3.6,1015.0
2024-09-28 03:00:00,14.8,78.0,7.2,1013.8
2024-09-28 04:00:00,11.0,88.0,0.0,1015.0
2024-09-28 05:00:00,11.0,94.0,5.4,1015.0
2024-09-28 06:00:00,15.3,75.0,3.6,1013.9
2024-09-28 07:00:00,17.0,68.0,3.6,1015.0
2024-09-28 08:00:00,20.0,56.0,3.6,1015.0
2024-09-28 09:00:00,22.8,53.0,3.6,1011.7
2024-09-28 10:00:00,26.0,42.0,7.6,1014.0
2024-09-28 11:00:00,27.0,37.0,5.4,1013.0
2024-09-28 12:00:00,27.7,39.0,3.6,1008.6
2024-09-28 13:00:00,29.0,33.0,5.4,1011.0
2024-09-28 14:00:00,30.0,33.0,5.4,1011.0
2024-09-28 15:00:00,28.7,39.0,3.6,1007.3
2024-09-28 16:00:00,25.0,44.0,3.6,1011.0
2024-09-28 17:00:00,23.0,53.0,13.0,1011.0
2024-09-28 18:00:00,23.8,48.0,7.2,1008.4
2024-09-28 19:00:00,19.0,64.0,9.0,1012.0
2024-09-28 20:00:00,19.0,64.0,9.0,1012.0
2024-09-28 21:00:00,16.4,79.0,1.8,1010.4
2024-09-28 22:00:00,16.0,77.0,3.6,1012.0
2024-09-28 23:00:00,14.0,88.0,0.0,1012.0
2024-09-29 00:00:00,14.0,89.0,0.0,1010.9
2024-09-29 01:00:00,14.0,82.0,5.4,1012.0
2024-09-29 02:00:00,15.0,82.0,5.4,1012.0
2024-09-29 03:00:00,14.2,89.0,3.6,1010.8
2024-09-29 04:00:00,15.0,82.0,20.5,1012.0
2024-09-29 05:00:00,16.0,77.0,24.1,1012.0
2024-09-29 06:00:00,15.1,83.0,10.8,1012.0
2024-09-29 07:00:00,14.0,94.0,25.9,1014.0
2024-09-29 08:00:00,14.0,94.0,20.5,1014.0
2024-09-29 09:00:00,13.9,92.0,14.4,1013.2
2024-09-29 10:00:00,15.0,82.0,20.5,1014.0
2024-09-29 11:00:00,14.0,88.0,29.5,1014.0
2024-09-29 12:00:00,12.1,94.0,18.0,1014.0
2024-09-29 13:00:00,13.0,88.0,29.5,1015.0
2024-09-29 14:00:00,12.0,82.0,31.7,1016.0
2024-09-29 15:00:00,12.0,84.0,10.8,1015.3
2024-09-29 16:00:00,12.0,82.0,29.5,1016.0
2024-09-29 17:00:00,11.0,82.0,31.7,1016.0
2024-09-29 18:00:00,10.7,80.0,18.0,1016.4
2024-09-29 19:00:00,11.0,82.0,27.7,1016.0
2024-09-29 20:00:00,11.0,76.0,27.7,1016.0
2024-09-29 21:00:00,10.2,80.0,14.4,1016.5
2024-09-29 22:00:00,11.0,76.0,31.7,1016.0
2024-09-29 23:00:00,11.0,71.0,31.7,1016.0
2024-09-30 00:00:00,9.8,76.0,14.4,1017.0
2024-09-30 01:00:00,9.0,82.0,29.5,1016.0
2024-09-30 02:00:00,9.0,82.0,27.7,1017.0
2024-09-30 03:00:00,8.1,82.0,14.4,1017.7
2024-09-30 04:00:00,9.0,71.0,27.7,1017.0
2024-09-30 05:00:00,8.0,76.0,27.7,1017.0
2024-09-30 06:00:00,8.4,70.0,21.6,1018.4
2024-09-30 07:00:00,9.0,66.0,29.5,1018.0
2024-09-30 08:00:00,10.0,58.0,25.9,1018.0
2024-09-30 09:00:00,10.7,57.0,21.6,1017.5
2024-09-30 10:00:00,12.0,54.0,35.3,1017.0
2024-09-30 11:00:00,13.0,51.0,31.7,1017.0
2024-09-30 12:00:00,11.7,53.0,18.0,1017.1
2024-09-30 13:00:00,13.0,51.0,31.7,1017.0
2024-09-30 14:00:00,13.0,51.0,25.9,1016.0
2024-09-30 15:00:00,11.7,54.0,18.0,1016.2
2024-09-30 16:00:00,11.0,58.0,20.5,1017.0
2024-09-30 17:00:00,11.0,54.0,18.4,1017.0
2024-09-30 18:00:00,10.2,59.0,14.4,1017.1
2024-09-30 19:00:00,10.0,58.0,22.3,1017.0
2024-09-30 20:00:00,9.0,62.0,25.9,1017.0
2024-09-30 21:00:00,8.9,63.0,14.4,1018.0
2024-09-30 22:00:00,8.0,66.0,24.1,1017.0
2024-09-30 23:00:00,8.0,66.0,20.5,1017.0
2024-10-01 00:00:00,8.1,65.0,14.4,1018.2
2024-10-01 01:00:00,7.0,70.0,14.8,1016.0
2024-10-01 02:00:00,8.0,66.0,7.6,1016.0
2024-10-01 03:00:00,7.9,65.0,10.8,1017.1
2024-10-01 04:00:00,8.0,66.0,18.4,1016.0
2024-10-01 05:00:00,8.0,66.0,18.4,1017.0
2024-10-01 06:00:00,8.8,62.0,14.4,1017.3
2024-10-01 07:00:00,10.0,58.0,35.3,1017.0
2024-10-01 08:00:00,12.0,50.0,29.5,1017.0
2024-10-01 09:00:00,12.7,50.0,10.8,1015.7
2024-10-01 10:00:00,15.0,41.0,29.5,1015.0
2024-10-01 11:00:00,16.0,39.0,29.5,1015.0
2024-10-01 12:00:00,15.8,41.0,14.4,1014.1
2024-10-01 13:00:00,17.0,36.0,27.7,1015.0
2024-10-01 14:00:00,16.0,39.0,25.9,1015.0
2024-10-01 15:00:00,15.1,39.0,14.4,1014.5
2024-10-01 16:00:00,14.0,41.0,18.4,1015.0
2024-10-01 17:00:00,12.0,47.0,18.4,1015.0
2024-10-01 18:00:00,12.4,47.0,10.8,1015.3
2024-10-01 19:00:00,12.0,47.0,14.8,1016.0
2024-10-01 20:00:00,6.0,70.0,5.4,1016.0
2024-10-01 21:00:00,7.7,65.0,3.6,1016.9
2024-10-01 22:00:00,4.0,81.0,3.6,1016.0
2024-10-01 23:00:00,3.0,87.0,5.4,1016.0
2024-10-02 00:00:00,2.8,90.0,3.6,1018.3
2024-10-02 01:00:00,2.0,93.0,1.8,1016.0
2024-10-02 02:00:00,1.0,93.0,7.6,1016.0
2024-10-02 03:00:00,2.6,85.0,3.6,1017.7
2024-10-02 04:00:00,1.0,86.0,9.4,1016.0
2024-10-02 05:00:00,1.0,93.0,0.0,1016.0
2024-10-02 06:00:00,5.3,70.0,3.6,1017.4
2024-10-02 07:00:00,7.0,70.0,3.6,1016.0
2024-10-02 08:00:00,10.0,62.0,3.6,1016.0
2024-10-02 09:00:00,11.8,52.0,3.6,1015.5
2024-10-02 10:00:00,15.0,36.0,3.6,1015.0
2024-10-02 11:00:00,18.0,30.0,5.4,1014.0
2024-10-02 12:00:00,18.4,33.0,7.2,1012.6
2024-10-02 13:00:00,21.0,23.0,3.6,1013.0
2024-10-02 14:00:00,22.0,23.0,3.6,1013.0
2024-10-02 15:00:00,20.8,33.0,3.6,1010.7
2024-10-02 16:00:00,18.0,32.0,3.6,1012.0
2024-10-02 17:00:00,14.0,51.0,9.4,1013.0
2024-10-02 18:00:00,10.9,69.0,7.2,1012.4
2024-10-02 19:00:00,12.0,50.0,9.4,1014.0
2024-10-02 20:00:00,10.0,58.0,9.4,1014.0
2024-10-02 21:00:00,8.6,69.0,3.6,1014.8
2024-10-02 22:00:00,9.0,57.0,7.6,1014.0
2024-10-02 23:00:00,9.0,57.0,5.4,1014.0
2024-10-03 00:00:00,9.5,74.0,3.6,1014.8
2024-10-03 01:00:00,7.0,76.0,5.4,1014.0
2024-10-03 02:00:00,6.0,76.0,5.4,1014.0
2024-10-03 03:00:00,7.6,78.0,3.6,1015.0
2024-10-03 04:00:00,5.0,81.0,3.6,1015.0
2024-10-03 05:00:00,5.0,87.0,3.6,1014.0
2024-10-03 06:00:00,9.7,69.0,7.2,1014.5
2024-10-03 07:00:00,12.0,62.0,0.0,1015.0
2024-10-03 08:00:00,15.0,51.0,5.4,1015.0
2024-10-03 09:00:00,17.1,50.0,3.6,1013.0
2024-10-03 10:00:00,20.0,43.0,5.4,1014.0
2024-10-03 11:00:00,22.0,38.0,1.8,1013.0
2024-10-03 12:00:00,22.4,36.0,3.6,1011.2
2024-10-03 13:00:00,25.0,32.0,5.4,1012.0
2024-10-03 14:00:00,25.0,34.0,5.4,1012.0
2024-10-03 15:00:00,24.9,41.0,7.2,1008.7
2024-10-03 16:00:00,23.0,38.0,16.6,1012.0
2024-10-03 17:00:00,20.0,40.0,24.1,1013.0
2024-10-03 18:00:00,19.1,49.0,7.2,1010.2
2024-10-03 19:00:00,17.0,48.0,16.6,1013.0
2024-10-03 20:00:00,17.0,48.0,14.8,1014.0
2024-10-03 21:00:00,13.9,71.0,11.2,1012.4
2024-10-03 22:00:00,15.0,59.0,7.6,1013.0
2024-10-03 23:00:00,17.0,52.0,3.6,1013.0
2024-10-04 00:00:00,13.7,73.0,13.0,1012.1
2024-10-04 01:00:00,16.0,63.0,3.6,1012.0
2024-10-04 02:00:00,16.0,68.0,3.6,1012.0
2024-10-04 03:00:00,13.1,78.0,3.6,1011.9
2024-10-04 04:00:00,16.0,68.0,11.2,1012.0
2024-10-04 05:00:00,15.0,72.0,3.6,1012.0
2024-10-04 06:00:00,14.6,75.0,3.6,1011.1
2024-10-04 07:00:00,18.0,64.0,9.4,1012.0
2024-10-04 08:00:00,20.0,56.0,7.6,1012.0
2024-10-04 09:00:00,20.0,63.0,3.6,1009.7
2024-10-04 10:00:00,26.0,42.0,22.3,1011.0
2024-10-04 11:00:00,26.0,36.0,25.9,1011.0
2024-10-04 12:00:00,25.9,41.0,7.2,1007.6
2024-10-04 13:00:00,26.0,36.0,29.5,1011.0
2024-10-04 14:00:00,26.0,36.0,3.6,1011.0
2024-10-04 15:00:00,25.3,44.0,7.2,1008.5
2024-10-04 16:00:00,22.0,53.0,5.4,1012.0
2024-10-04 17:00:00,21.0,56.0,18.4,1012.0
2024-10-04 18:00:00,19.5,66.0,7.2,1010.0
2024-10-04 19:00:00,18.0,68.0,3.6,1012.0
2024-10-04 20:00:00,17.0,82.0,13.0,1014.0
2024-10-04 21:00:00,16.7,87.0,3.6,1012.0
2024-10-04 22:00:00,16.0,88.0,16.6,1014.0
2024-10-04 23:00:00,15.0,94.0,7.6,1014.0
2024-10-05 00:00:00,14.9,96.0,7.2,1012.7
2024-10-05 01:00:00,15.0,94.0,3.6,1012.0
2024-10-05 02:00:00,14.0,100.0,9.4,1013.0
2024-10-05 03:00:00,14.2,97.0,3.6,1011.7
2024-10-05 04:00:00,14.0,94.0,5.4,1012.0
2024-10-05 05:00:00,14.0,100.0,7.6,1012.0
2024-10-05 06:00:00,14.3,98.0,7.6,1011.7
2024-10-05 07:00:00,15.0,94.0,3.6,1013.0
2024-10-05 08:00:00,16.0,94.0,0.0,1012.0
2024-10-05 09:00:00,17.8,80.0,3.6,1010.4
2024-10-05 10:00:00,17.0,94.0,14.8,1012.0
2024-10-05 11:00:00,16.0,94.0,11.2,1012.0
2024-10-05 12:00:00,16.5,91.0,3.6,1010.9
2024-10-05 13:00:00,16.0,88.0,7.6,1012.0
2024-10-05 14:00:00,16.0,94.0,7.6,1012.0
2024-10-05 15:00:00,15.8,93.0,5.4,1010.8
2024-10-05 16:00:00,15.0,94.0,3.6,1012.0
2024-10-05 17:00:00,14.0,100.0,5.4,1011.0
2024-10-05 18:00:00,14.2,97.0,3.6,1010.5
2024-10-05 19:00:00,14.0,100.0,3.6,1012.0
2024-10-05 20:00:00,14.0,100.0,7.6,1012.0
2024-10-05 21:00:00,14.6,98.0,7.2,1010.9
2024-10-05 22:00:00,14.0,94.0,9.4,1012.0
2024-10-05 23:00:00,14.0,94.0,1.8,1011.0
2024-10-06 00:00:00,13.0,97.0,7.6,1010.5
2024-10-06 01:00:00,14.0,94.0,5.4,1011.0
2024-10-06 02:00:00,13.0,94.0,7.6,1011.0
2024-10-06 03:00:00,13.0,97.0,3.6,1010.3
2024-10-06 04:00:00,12.0,94.0,0.0,1011.0
2024-10-06 05:00:00,12.0,94.0,3.6,1011.0
2024-10-06 06:00:00,12.1,97.0,3.6,1010.8
2024-10-06 07:00:00,13.0,94.0,11.2,1011.0
2024-10-06 08:00:00,14.0,88.0,9.4,1012.0
2024-10-06 09:00:00,14.1,87.0,3.6,1010.5
2024-10-06 10:00:00,17.0,72.0,13.0,1011.0
2024-10-06 11:00:00,17.0,72.0,18.4,1011.0
2024-10-06 12:00:00,15.9,79.0,7.2,1009.4
2024-10-06 13:00:00,18.0,60.0,16.6,1010.0
2024-10-06 14:00:00,15.0,82.0,14.8,1011.0
2024-10-06 15:00:00,13.7,89.0,7.2,1010.5
2024-10-06 16:00:00,13.0,94.0,16.6,1012.0
2024-10-06 17:00:00,13.0,88.0,18.4,1013.0
2024-10-06 18:00:00,12.2,93.0,7.2,1012.4
2024-10-06 19:00:00,13.0,77.0,14.8,1013.0
2024-10-06 20:00:00,12.0,82.0,18.4,1014.0
2024-10-06 21:00:00,10.8,85.0,10.8,1013.7
2024-10-06 22:00:00,11.0,82.0,11.2,1014.0
2024-10-06 23:00:00,10.0,87.0,7.6,1014.0
2024-10-07 00:00:00,7.9,93.0,7.6,1014.9
2024-10-07 01:00:00,8.0,93.0,0.0,1015.0
2024-10-07 02:00:00,7.0,100.0,0.0,1015.0
2024-10-07 03:00:00,5.7,97.0,3.6,1016.2
2024-10-07 04:00:00,9.0,87.0,7.6,1015.0
2024-10-07 05:00:00,6.0,100.0,5.4,1016.0
2024-10-07 06:00:00,8.6,91.0,3.6,1016.8
2024-10-07 07:00:00,12.0,76.0,3.6,1017.0
2024-10-07 08:00:00,13.0,77.0,3.6,1018.0
2024-10-07 09:00:00,14.3,72.0,3.6,1016.6
2024-10-07 10:00:00,16.0,59.0,9.4,1018.0
2024-10-07 11:00:00,18.0,52.0,14.8,1017.0
2024-10-07 12:00:00,17.5,56.0,7.2,1015.4
2024-10-07 13:00:00,19.0,46.0,14.8,1017.0
2024-10-07 14:00:00,19.0,46.0,13.0,1017.0
2024-10-07 15:00:00,17.9,56.0,3.6,1015.5
2024-10-07 16:00:00,16.0,52.0,7.6,1018.0
2024-10-07 17:00:00,13.0,72.0,9.4,1019.0
2024-10-07 18:00:00,11.1,82.0,3.6,1019.2
2024-10-07 19:00:00,10.0,82.0,1.8,1020.0
2024-10-07 20:00:00,8.0,87.0,7.6,1020.0
2024-10-07 21:00:00,10.2,80.0,7.2,1020.5
2024-10-07 22:00:00,8.0,87.0,5.4,1021.0
2024-10-07 23:00:00,7.0,93.0,0.0,1021.0
2024-10-08 00:00:00,7.8,88.0,3.6,1021.7
2024-10-08 01:00:00,5.0,93.0,3.6,1021.0
2024-10-08 02:00:00,5.0,93.0,3.6,1021.0
2024-10-08 03:00:00,7.0,88.0,3.6,1021.9
2024-10-08 04:00:00,3.0,100.0,3.6,1021.0
2024-10-08 05:00:00,4.0,100.0,7.6,1021.0
2024-10-08 06:00:00,8.0,84.0,3.6,1021.8
2024-10-08 07:00:00,9.0,82.0,5.4,1022.0
2024-10-08 08:00:00,11.0,76.0,3.6,1022.0
2024-10-08 09:00:00,14.1,66.0,5.4,1020.2
2024-10-08 10:00:00,17.0,55.0,5.4,1021.0
2024-10-08 11:00:00,19.0,46.0,3.6,1020.0
2024-10-08 12:00:00,19.1,47.0,3.6,1017.6
2024-10-08 13:00:00,22.0,38.0,3.6,1019.0
2024-10-08 14:00:00,22.0,38.0,0.0,1018.0
2024-10-08 15:00:00,20.2,54.0,0.0,1016.1
2024-10-08 16:00:00,17.0,59.0,7.6,1018.0
2024-10-08 17:00:00,15.0,67.0,5.4,1018.0
2024-10-08 18:00:00,13.5,66.0,7.2,1017.7
2024-10-08 19:00:00,12.0,72.0,9.4,1018.0
2024-10-08 20:00:00,12.0,72.0,5.4,1018.0
2024-10-08 21:00:00,11.2,75.0,7.2,1017.7
2024-10-08 22:00:00,11.0,71.0,5.4,1017.0
2024-10-08 23:00:00,9.0,87.0,3.6,1017.0
2024-10-09 00:00:00,8.6,91.0,5.4,1017.3
2024-10-09 01:00:00,8.0,93.0,5.4,1016.0
2024-10-09 02:00:00,7.0,93.0,3.6,1015.0
2024-10-09 03:00:00,10.0,82.0,3.6,1015.3
2024-10-09 04:00:00,7.0,93.0,0.0,1014.0
2024-10-09 05:00:00,6.0,100.0,3.6,1014.0
2024-10-09 06:00:00,10.6,79.0,3.6,1014.6
2024-10-09 07:00:00,12.0,76.0,0.0,1015.0
2024-10-09 08:00:00,14.0,72.0,3.6,1015.0
2024-10-09 09:00:00,14.1,72.0,3.6,1014.0
2024-10-09 10:00:00,15.0,72.0,5.4,1015.0
2024-10-09 11:00:00,15.0,77.0,11.2,1014.0
2024-10-09 12:00:00,15.8,75.0,3.6,1012.9
2024-10-09 13:00:00,19.0,64.0,7.6,1013.0
2024-10-09 14:00:00,21.0,53.0,3.6,1012.0
2024-10-09 15:00:00,19.5,65.0,3.6,1010.7
2024-10-09 16:00:00,17.0,68.0,11.2,1012.0
2024-10-09 17:00:00,14.0,82.0,9.4,1012.0
2024-10-09 18:00:00,12.9,89.0,5.4,1011.3
2024-10-09 19:00:00,13.0,88.0,5.4,1012.0
2024-10-09 20:00:00,12.0,88.0,5.4,1012.0
2024-10-09 21:00:00,12.2,89.0,1.8,1011.7
2024-10-09 22:00:00,10.0,94.0,5.4,1012.0
2024-10-09 23:00:00,10.0,94.0,5.4,1012.0
2024-10-10 00:00:00,10.1,97.0,7.6,1012.1
2024-10-10 01:00:00,9.0,94.0,7.6,1012.0
2024-10-10 02:00:00,9.0,94.0,3.6,1011.0
2024-10-10 03:00:00,9.7,97.0,3.6,1011.6
2024-10-10 04:00:00,8.0,100.0,7.6,1011.0
2024-10-10 05:00:00,10.0,94.0,7.6,1011.0
2024-10-10 06:00:00,12.2,93.0,3.6,1010.5
2024-10-10 07:00:00,14.0,82.0,0.0,1011.0
2024-10-10 08:00:00,16.0,77.0,3.6,1011.0
2024-10-10 09:00:00,17.9,70.0,7.2,1008.9
2024-10-10 10:00:00,20.0,64.0,3.6,1010.0
2024-10-10 11:00:00,22.0,53.0,7.6,1009.0
2024-10-10 12:00:00,22.0,54.0,7.2,1006.7
2024-10-10 13:00:00,25.0,41.0,7.6,1009.0
2024-10-10 14:00:00,25.0,44.0,7.6,1008.0
2024-10-10 15:00:00,23.5,49.0,3.6,1005.6
2024-10-10 16:00:00,22.0,46.0,9.4,1008.0
2024-10-10 17:00:00,20.0,56.0,5.4,1008.0
2024-10-10 18:00:00,17.2,68.0,7.2,1007.3
2024-10-10 19:00:00,15.0,77.0,9.4,1009.0
2024-10-10 20:00:00,14.0,82.0,5.4,1009.0
2024-10-10 21:00:00,14.1,83.0,3.6,1008.7
2024-10-10 22:00:00,14.0,77.0,11.2,1010.0
2024-10-10 23:00:00,12.0,88.0,5.4,1010.0
2024-10-11 00:00:00,13.0,86.0,3.6,1009.0
2024-10-11 01:00:00,13.0,82.0,3.6,1009.0
2024-10-11 02:00:00,12.0,88.0,0.0,1009.0
2024-10-11 03:00:00,12.5,89.0,3.6,1009.0
2024-10-11 04:00:00,12.0,88.0,1.8,1010.0
2024-10-11 05:00:00,12.0,88.0,7.6,1009.0
2024-10-11 06:00:00,14.5,83.0,3.6,1008.9
2024-10-11 07:00:00,14.0,82.0,9.4,1010.0
2024-10-11 08:00:00,18.0,68.0,3.6,1010.0
2024-10-11 09:00:00,19.1,64.0,3.6,1008.2
2024-10-11 10:00:00,21.0,60.0,5.4,1010.0
2024-10-11 11:00:00,24.0,50.0,7.6,1010.0
2024-10-11 12:00:00,25.7,47.0,7.2,1005.9
2024-10-11 13:00:00,24.0,50.0,20.5,1009.0
2024-10-11 14:00:00,18.0,88.0,14.8,1010.0
2024-10-11 15:00:00,17.6,90.0,3.6,1008.8
2024-10-11 16:00:00,17.0,94.0,3.6,1011.0
2024-10-11 17:00:00,17.0,94.0,5.4,1011.0
2024-10-11 18:00:00,16.7,96.0,3.6,1010.2
2024-10-11 19:00:00,16.0,100.0,9.4,1012.0
2024-10-11 20:00:00,16.0,94.0,14.8,1013.0
2024-10-11 21:00:00,15.4,96.0,7.2,1011.6
2024-10-11 22:00:00,15.0,94.0,20.5,1013.0
2024-10-11 23:00:00,15.0,88.0,20.5,1013.0
2024-10-12 00:00:00,14.0,92.0,10.8,1012.7
2024-10-12 01:00:00,14.0,82.0,25.9,1014.0
2024-10-12 02:00:00,13.0,88.0,22.3,1014.0
2024-10-12 03:00:00,12.9,85.0,14.4,1013.8
2024-10-12 04:00:00,13.0,88.0,18.4,1015.0
2024-10-12 05:00:00,13.0,88.0,27.7,1015.0
2024-10-12 06:00:00,12.4,88.0,10.8,1015.3
2024-10-12 07:00:00,13.0,88.0,24.1,1017.0
2024-10-12 08:00:00,14.0,77.0,22.3,1017.0
2024-10-12 09:00:00,14.4,74.0,10.8,1016.3
2024-10-12 10:00:00,16.0,63.0,20.5,1017.0
2024-10-12 11:00:00,17.0,59.0,18.4,1017.0
2024-10-12 12:00:00,17.9,56.0,10.8,1015.2
2024-10-12 13:00:00,18.0,56.0,29.5,1017.0
2024-10-12 14:00:00,17.0,59.0,24.1,1017.0
2024-10-12 15:00:00,16.6,58.0,14.4,1016.2
2024-10-12 16:00:00,16.0,59.0,22.3,1018.0
2024-10-12 17:00:00,14.0,67.0,22.3,1019.0
2024-10-12 18:00:00,13.3,69.0,14.4,1019.3
2024-10-12 19:00:00,11.0,82.0,16.6,1020.0
2024-10-12 20:00:00,12.0,72.0,14.8,1020.0
2024-10-12 21:00:00,11.7,76.0,10.8,1020.5
2024-10-12 22:00:00,9.0,87.0,3.6,1020.0
2024-10-12 23:00:00,8.0,93.0,3.6,1020.0
2024-10-13 00:00:00,6.8,94.0,3.6,1021.6
2024-10-13 01:00:00,7.0,93.0,0.0,1020.0
2024-10-13 02:00:00,5.0,93.0,5.4,1020.0
2024-10-13 03:00:00,6.1,94.0,7.2,1021.4
2024-10-13 04:00:00,4.0,93.0,5.4,1020.0
2024-10-13 05:00:00,4.0,100.0,5.4,1020.0
2024-10-13 06:00:00,6.1,97.0,3.6,1021.6
2024-10-13 07:00:00,8.0,93.0,3.6,1020.0
2024-10-13 08:00:00,9.0,87.0,1.8,1021.0
2024-10-13 09:00:00,8.7,93.0,3.6,1021.2
2024-10-13 10:00:00,10.0,87.0,7.6,1021.0
2024-10-13 11:00:00,14.0,72.0,3.6,1019.0
2024-10-13 12:00:00,14.2,65.0,3.6,1018.1
2024-10-13 13:00:00,17.0,55.0,1.8,1017.0
2024-10-13 14:00:00,16.0,59.0,5.4,1017.0
2024-10-13 15:00:00,15.8,69.0,3.6,1016.4
2024-10-13 16:00:00,15.0,63.0,7.6,1018.0
2024-10-13 17:00:00,12.0,82.0,5.4,1018.0
2024-10-13 18:00:00,10.9,83.0,3.6,1018.5
2024-10-13 19:00:00,11.0,82.0,5.4,1018.0
2024-10-13 20:00:00,10.0,87.0,7.6,1019.0
2024-10-13 21:00:00,8.6,91.0,3.6,1019.3
2024-10-13 22:00:00,7.0,100.0,0.0,1019.0
2024-10-13 23:00:00,7.0,93.0,0.0,1019.0
2024-10-14 00:00:00,6.3,95.0,5.4,1020.2
2024-10-14 01:00:00,7.0,93.0,5.4,1019.0
2024-10-14 02:00:00,6.0,93.0,0.0,1019.0
2024-10-14 03:00:00,5.7,97.0,0.0,1020.6
2024-10-14 04:00:00,4.0,100.0,3.6,1020.0
2024-10-14 05:00:00,4.0,100.0,3.6,1020.0
2024-10-14 06:00:00,7.2,93.0,3.6,1021.5
2024-10-14 07:00:00,9.0,87.0,7.6,1022.0
2024-10-14 08:00:00,13.0,72.0,5.4,1022.0
2024-10-14 09:00:00,16.0,65.0,10.8,1020.6
2024-10-14 10:00:00,18.0,60.0,14.8,1021.0
2024-10-14 11:00:00,19.0,52.0,11.2,1020.0
2024-10-14 12:00:00,19.8,49.0,3.6,1018.1
2024-10-14 13:00:00,21.0,43.0,13.0,1020.0
2024-10-14 14:00:00,21.0,40.0,7.6,1019.0
2024-10-14 15:00:00,19.5,51.0,7.2,1017.9
2024-10-14 16:00:00,15.0,59.0,5.4,1020.0
2024-10-14 17:00:00,16.0,59.0,13.0,1020.0
2024-10-14 18:00:00,14.2,72.0,7.2,1019.6
2024-10-14 19:00:00,12.0,76.0,14.8,1021.0
2024-10-14 20:00:00,12.0,76.0,9.4,1021.0
2024-10-14 21:00:00,10.1,86.0,7.6,1021.1
2024-10-14 22:00:00,9.0,82.0,7.6,1021.0
2024-10-14 23:00:00,7.0,93.0,7.6,1021.0
2024-10-15 00:00:00,6.7,93.0,3.6,1021.9
2024-10-15 01:00:00,6.0,93.0,5.4,1020.0
2024-10-15 02:00:00,6.0,93.0,3.6,1020.0
2024-10-15 03:00:00,6.4,94.0,7.2,1021.8
2024-10-15 04:00:00,6.0,93.0,5.4,1021.0
2024-10-15 05:00:00,5.0,93.0,5.4,1021.0
2024-10-15 06:00:00,8.2,87.0,3.6,1021.5
2024-10-15 07:00:00,9.0,87.0,3.6,1022.0
2024-10-15 08:00:00,12.0,72.0,3.6,1022.0
2024-10-15 09:00:00,14.5,66.0,3.6,1020.6
2024-10-15 10:00:00,17.0,52.0,3.6,1022.0
2024-10-15 11:00:00,19.0,46.0,7.6,1021.0
2024-10-15 12:00:00,20.2,39.0,7.2,1018.6
2024-10-15 13:00:00,22.0,35.0,13.0,1020.0
2024-10-15 14:00:00,22.0,35.0,14.8,1020.0
2024-10-15 15:00:00,20.4,47.0,7.2,1018.0
2024-10-15 16:00:00,18.0,52.0,9.4,1021.0
2024-10-15 17:00:00,17.0,59.0,11.2,1021.0
2024-10-15 18:00:00,16.4,64.0,7.2,1020.4
2024-10-15 19:00:00,14.0,72.0,16.6,1023.0
2024-10-15 20:00:00,13.0,77.0,14.8,1023.0
2024-10-15 21:00:00,13.5,77.0,3.6,1022.5
2024-10-15 22:00:00,10.0,82.0,0.0,1023.0
2024-10-15 23:00:00,9.0,94.0,0.0,1023.0
2024-10-16 00:00:00,8.3,92.0,3.6,1023.9
2024-10-16 01:00:00,7.0,93.0,7.6,1023.0
2024-10-16 02:00:00,7.0,93.0,5.4,1023.0
2024-10-16 03:00:00,6.8,96.0,1.8,1024.4
2024-10-16 04:00:00,6.0,93.0,0.0,1024.0
2024-10-16 05:00:00,5.0,100.0,9.4,1024.0
2024-10-16 06:00:00,8.4,92.0,3.6,1023.9
2024-10-16 07:00:00,12.0,82.0,7.6,1026.0
2024-10-16 08:00:00,15.0,67.0,9.4,1026.0
2024-10-16 09:00:00,15.7,65.0,7.2,1024.1
2024-10-16 10:00:00,18.0,45.0,9.4,1026.0
2024-10-16 11:00:00,18.0,40.0,5.4,1025.0
2024-10-16 12:00:00,18.3,38.0,7.2,1023.5
2024-10-16 13:00:00,19.0,40.0,16.6,1025.0
2024-10-16 14:00:00,18.0,40.0,14.8,1025.0
2024-10-16 15:00:00,17.4,44.0,7.2,1023.2
2024-10-16 16:00:00,13.0,58.0,5.4,1025.0
2024-10-16 17:00:00,10.0,71.0,1.8,1026.0
2024-10-16 18:00:00,10.0,79.0,3.6,1026.0
2024-10-16 19:00:00,8.0,81.0,7.6,1027.0
2024-10-16 20:00:00,8.0,81.0,7.6,1028.0
2024-10-16 21:00:00,7.6,82.0,7.2,1027.7
2024-10-16 22:00:00,6.0,87.0,7.6,1028.0
2024-10-16 23:00:00,6.0,87.0,5.4,1028.0
2024-10-17 00:00:00,7.1,88.0,7.2,1028.4
2024-10-17 01:00:00,5.0,93.0,5.4,1028.0
2024-10-17 02:00:00,5.0,87.0,7.6,1028.0
2024-10-17 03:00:00,6.3,88.0,3.6,1028.7
2024-10-17 04:00:00,4.0,93.0,7.6,1028.0
2024-10-17 05:00:00,3.0,93.0,3.6,1029.0
2024-10-17 06:00:00,6.6,87.0,3.6,1029.8
2024-10-17 07:00:00,8.0,81.0,5.4,1029.0
2024-10-17 08:00:00,11.0,71.0,7.6,1029.0
2024-10-17 09:00:00,11.7,68.0,7.2,1028.6
2024-10-17 10:00:00,15.0,51.0,11.2,1028.0
2024-10-17 11:00:00,15.0,48.0,14.8,1028.0
2024-10-17 12:00:00,15.8,47.0,7.2,1026.2
2024-10-17 13:00:00,17.0,42.0,13.0,1027.0
2024-10-17 14:00:00,16.0,45.0,13.0,1026.0
2024-10-17 15:00:00,14.5,48.0,10.8,1025.9
2024-10-17 16:00:00,12.0,54.0,13.0,1027.0
2024-10-17 17:00:00,9.0,66.0,14.8,1027.0
2024-10-17 18:00:00,9.5,70.0,7.2,1027.5
2024-10-17 19:00:00,8.0,71.0,16.6,1028.0
2024-10-17 20:00:00,9.0,62.0,24.1,1029.0
2024-10-17 21:00:00,7.8,69.0,3.6,1029.1
2024-10-17 22:00:00,7.0,66.0,22.3,1029.0
2024-10-17 23:00:00,7.0,66.0,18.4,1029.0
2024-10-18 00:00:00,5.3,74.0,3.6,1030.2
2024-10-18 01:00:00,5.0,70.0,11.2,1028.0
2024-10-18 02:00:00,3.0,81.0,11.2,1028.0
2024-10-18 03:00:00,3.3,78.0,7.2,1029.8
2024-10-18 04:00:00,3.0,81.0,7.6,1028.0
2024-10-18 05:00:00,2.0,80.0,5.4,1028.0
2024-10-18 06:00:00,3.6,80.0,3.6,1029.6
2024-10-18 07:00:00,6.0,70.0,7.6,1028.0
2024-10-18 08:00:00,10.0,58.0,5.4,1028.0
2024-10-18 09:00:00,10.0,58.0,3.6,1027.3
2024-10-18 10:00:00,14.0,41.0,5.4,1026.0
2024-10-18 11:00:00,15.0,41.0,9.4,1025.0
2024-10-18 12:00:00,15.2,45.0,7.2,1023.7
2024-10-18 13:00:00,16.0,39.0,7.6,1024.0
2024-10-18 14:00:00,17.0,34.0,11.2,1023.0
2024-10-18 15:00:00,16.0,40.0,3.6,1022.0
2024-10-18 16:00:00,11.0,50.0,16.6,1023.0
2024-10-18 17:00:00,10.0,50.0,20.5,1024.0
2024-10-18 18:00:00,8.4,60.0,7.2,1024.3
2024-10-18 19:00:00,8.0,53.0,16.6,1024.0
2024-10-18 20:00:00,6.0,61.0,11.2,1024.0
2024-10-18 21:00:00,4.0,73.0,3.6,1026.0
2024-10-18 22:00:00,5.0,61.0,13.0,1024.0
2024-10-18 23:00:00,5.0,61.0,9.4,1024.0
2024-10-19 00:00:00,3.2,72.0,3.6,1026.5
2024-10-19 01:00:00,4.0,65.0,7.6,1024.0
2024-10-19 02:00:00,3.0,70.0,5.4,1024.0
2024-10-19 03:00:00,1.2,83.0,3.6,1027.2
2024-10-19 04:00:00,4.0,65.0,7.6,1025.0
2024-10-19 05:00:00,3.0,70.0,7.6,1025.0
2024-10-19 06:00:00,3.0,73.0,3.6,1027.4
2024-10-19 07:00:00,7.0,57.0,16.6,1026.0
2024-10-19 08:00:00,9.0,53.0,18.4,1026.0
2024-10-19 09:00:00,10.8,48.0,7.2,1025.8
2024-10-19 10:00:00,13.0,41.0,16.6,1026.0
2024-10-19 11:00:00,14.0,41.0,14.8,1025.0
2024-10-19 12:00:00,14.5,41.0,7.2,1024.0
2024-10-19 13:00:00,16.0,36.0,16.6,1024.0
2024-10-19 14:00:00,15.0,36.0,16.6,1024.0
2024-10-19 15:00:00,13.7,45.0,7.2,1024.0
2024-10-19 16:00:00,11.0,47.0,16.6,1025.0
2024-10-19 17:00:00,8.0,57.0,20.5,1026.0
2024-10-19 18:00:00,8.8,56.0,3.6,1026.5
2024-10-19 19:00:00,6.0,65.0,16.6,1026.0
2024-10-19 20:00:00,5.0,65.0,16.6,1027.0
2024-10-19 21:00:00,5.7,64.0,7.2,1028.3
2024-10-19 22:00:00,4.0,70.0,13.0,1027.0
2024-10-19 23:00:00,3.0,75.0,13.0,1028.0
2024-10-20 00:00:00,4.7,70.0,7.2,1029.3
2024-10-20 01:00:00,2.0,80.0,11.2,1028.0
2024-10-20 02:00:00,1.0,86.0,7.6,1028.0
2024-10-20 03:00:00,0.5,90.0,7.6,1031.0
2024-10-20 04:00:00,2.0,75.0,9.4,1028.0
2024-10-20 05:00:00,1.0,80.0,3.6,1029.0
2024-10-20 06:00:00,3.6,78.0,5.4,1030.4
2024-10-20 07:00:00,6.0,70.0,7.6,1030.0
2024-10-20 08:00:00,10.0,54.0,11.2,1030.0
2024-10-20 09:00:00,10.5,54.0,3.6,1029.5
2024-10-20 10:00:00,14.0,41.0,9.4,1030.0
2024-10-20 11:00:00,15.0,41.0,9.4,1029.0
2024-10-20 12:00:00,15.4,42.0,7.2,1027.7
2024-10-20 13:00:00,16.0,36.0,13.0,1029.0
2024-10-20 14:00:00,16.0,36.0,13.0,1029.0
2024-10-20 15:00:00,15.0,41.0,7.2,1027.6
2024-10-20 16:00:00,12.0,44.0,14.8,1030.0
2024-10-20 17:00:00,7.0,66.0,11.2,1030.0
2024-10-20 18:00:00,7.1,69.0,3.6,1031.8
2024-10-20 19:00:00,4.0,75.0,11.2,1032.0
2024-10-20 20:00:00,5.0,70.0,7.6,1032.0
2024-10-20 21:00:00,6.2,60.0,7.2,1033.1
2024-10-20 22:00:00,4.0,70.0,7.6,1033.0
2024-10-20 23:00:00,3.0,75.0,3.6,1033.0
2024-10-21 00:00:00,1.7,89.0,3.6,1035.0
2024-10-21 01:00:00,1.0,93.0,1.8,1033.0
2024-10-21 02:00:00,1.0,93.0,0.0,1033.0
2024-10-21 03:00:00,2.0,86.0,3.6,1035.1
2024-10-21 04:00:00,0.0,93.0,5.4,1033.0
2024-10-21 05:00:00,-1.0,93.0,0.0,1033.0
2024-10-21 06:00:00,3.4,78.0,7.2,1035.4
2024-10-21 07:00:00,5.0,75.0,1.8,1034.0
2024-10-21 08:00:00,7.0,70.0,0.0,1034.0
2024-10-21 09:00:00,9.7,59.0,3.6,1033.9
2024-10-21 10:00:00,11.0,54.0,3.6,1034.0
2024-10-21 11:00:00,14.0,41.0,5.4,1033.0
2024-10-21 12:00:00,14.7,47.0,3.6,1031.4
2024-10-21 13:00:00,17.0,39.0,3.6,1032.0
2024-10-21 14:00:00,17.0,39.0,0.0,1032.0
2024-10-21 15:00:00,14.5,56.0,3.6,1030.7
2024-10-21 16:00:00,13.0,51.0,5.4,1032.0
2024-10-21 17:00:00,8.0,71.0,1.8,1032.0
2024-10-21 18:00:00,9.0,69.0,7.2,1032.3
2024-10-21 19:00:00,7.0,70.0,3.6,1033.0
2024-10-21 20:00:00,5.0,81.0,3.6,1033.0
2024-10-21 21:00:00,5.2,79.0,7.2,1033.6
2024-10-21 22:00:00,3.0,87.0,5.4,1033.0
2024-10-21 23:00:00,3.0,93.0,3.6,1033.0
2024-10-22 00:00:00,2.2,93.0,3.6,1034.4
2024-10-22 01:00:00,1.0,93.0,0.0,1033.0
2024-10-22 02:00:00,0.0,100.0,0.0,1033.0
2024-10-22 03:00:00,1.9,91.0,0.0,1034.4
2024-10-22 04:00:00,-1.0,93.0,7.6,1033.0
2024-10-22 05:00:00,-2.0,100.0,7.6,1033.0
2024-10-22 06:00:00,2.5,84.0,3.6,1034.4
2024-10-22 07:00:00,5.0,81.0,3.6,1033.0
2024-10-22 08:00:00,8.0,71.0,0.0,1033.0
2024-10-22 09:00:00,9.8,64.0,3.6,1033.0
2024-10-22 10:00:00,13.0,51.0,3.6,1032.0
2024-10-22 11:00:00,15.0,41.0,7.6,1031.0
2024-10-22 12:00:00,16.5,42.0,3.6,1029.9
2024-10-22 13:00:00,18.0,32.0,5.4,1030.0
2024-10-22 14:00:00,20.0,28.0,0.0,1029.0
2024-10-22 15:00:00,16.7,50.0,3.6,1028.2
2024-10-22 16:00:00,12.0,54.0,1.8,1030.0
2024-10-22 17:00:00,10.0,66.0,11.2,1030.0
2024-10-22 18:00:00,11.7,52.0,7.2,1030.2
2024-10-22 19:00:00,7.0,66.0,7.6,1031.0
2024-10-22 20:00:00,6.0,65.0,0.0,1031.0
2024-10-22 21:00:00,6.5,63.0,3.6,1032.5
2024-10-22 22:00:00,4.0,87.0,5.4,1031.0
2024-10-22 23:00:00,3.0,87.0,3.6,1031.0
2024-10-23 00:00:00,5.2,73.0,3.6,1032.4
2024-10-23 01:00:00,1.0,93.0,3.6,1031.0
2024-10-23 02:00:00,0.0,93.0,5.4,1031.0
2024-10-23 03:00:00,4.3,73.0,7.2,1032.6
2024-10-23 04:00:00,-1.0,93.0,5.4,1031.0
2024-10-23 05:00:00,-1.0,93.0,5.4,1031.0
2024-10-23 06:00:00,4.3,78.0,3.6,1032.8
2024-10-23 07:00:00,5.0,70.0,7.6,1032.0
2024-10-23 08:00:00,9.0,57.0,0.0,1032.0
2024-10-23 09:00:00,11.2,58.0,3.6,1031.0
2024-10-23 10:00:00,14.0,48.0,1.8,1031.0
2024-10-23 11:00:00,16.0,42.0,3.6,1030.0
2024-10-23 12:00:00,18.2,44.0,3.6,1027.6
2024-10-23 13:00:00,20.0,32.0,0.0,1029.0
2024-10-23 14:00:00,21.0,28.0,0.0,1029.0
2024-10-23 15:00:00,17.5,42.0,3.6,1027.4
2024-10-23 16:00:00,15.0,44.0,7.6,1030.0
2024-10-23 17:00:00,11.0,54.0,7.6,1030.0
2024-10-23 18:00:00,8.6,65.0,3.6,1031.1
2024-10-23 19:00:00,7.0,66.0,7.6,1031.0
2024-10-23 20:00:00,6.0,70.0,0.0,1032.0
2024-10-23 21:00:00,6.0,73.0,3.6,1032.8
2024-10-23 22:00:00,3.0,87.0,3.6,1032.0
2024-10-23 23:00:00,2.0,87.0,0.0,1032.0
2024-10-24 00:00:00,8.2,63.0,7.2,1032.4
2024-10-24 01:00:00,3.0,87.0,0.0,1032.0
2024-10-24 02:00:00,1.0,93.0,0.0,1032.0
2024-10-24 03:00:00,3.5,89.0,5.4,1033.6
2024-10-24 04:00:00,0.0,93.0,7.6,1032.0
2024-10-24 05:00:00,0.0,93.0,5.4,1032.0
2024-10-24 06:00:00,3.7,85.0,3.6,1034.3
2024-10-24 07:00:00,6.0,70.0,3.6,1033.0
2024-10-24 08:00:00,10.0,54.0,3.6,1033.0
2024-10-24 09:00:00,12.5,54.0,3.6,1031.9
2024-10-24 10:00:00,17.0,39.0,11.2,1032.0
2024-10-24 11:00:00,19.0,32.0,11.2,1031.0
2024-10-24 12:00:00,19.0,33.0,7.2,1028.7
2024-10-24 13:00:00,20.0,28.0,14.8,1030.0
2024-10-24 14:00:00,19.0,32.0,16.6,1030.0
2024-10-24 15:00:00,17.7,38.0,7.2,1028.2
2024-10-24 16:00:00,13.0,58.0,9.4,1030.0
2024-10-24 17:00:00,13.0,62.0,20.5,1030.0
2024-10-24 18:00:00,11.8,63.0,3.6,1030.0
2024-10-24 19:00:00,9.0,76.0,14.8,1031.0
2024-10-24 20:00:00,9.0,76.0,11.2,1031.0
2024-10-24 21:00:00,8.2,76.0,3.6,1031.5
2024-10-24 22:00:00,7.0,76.0,9.4,1030.0
2024-10-24 23:00:00,7.0,81.0,7.6,1030.0
2024-10-25 00:00:00,7.3,83.0,3.6,1030.8
2024-10-25 01:00:00,6.0,81.0,9.4,1030.0
2024-10-25 02:00:00,5.0,87.0,5.4,1030.0
2024-10-25 03:00:00,4.7,95.0,3.6,1031.2
2024-10-25 04:00:00,3.0,87.0,3.6,1029.0
2024-10-25 05:00:00,3.0,93.0,3.6,1029.0
2024-10-25 06:00:00,5.3,93.0,3.6,1030.7
2024-10-25 07:00:00,9.0,76.0,5.4,1030.0
2024-10-25 08:00:00,11.0,66.0,5.4,1030.0
2024-10-25 09:00:00,13.0,65.0,3.6,1028.4
2024-10-25 10:00:00,16.0,52.0,7.6,1029.0
2024-10-25 11:00:00,17.0,48.0,9.4,1028.0
2024-10-25 12:00:00,17.4,50.0,3.6,1025.6
2024-10-25 13:00:00,19.0,37.0,7.6,1026.0
2024-10-25 14:00:00,19.0,34.0,7.6,1026.0
2024-10-25 15:00:00,17.4,45.0,7.2,1024.7
2024-10-25 16:00:00,14.0,48.0,9.4,1026.0
2024-10-25 17:00:00,13.0,58.0,9.4,1027.0
2024-10-25 18:00:00,10.5,70.0,7.2,1027.3
2024-10-25 19:00:00,9.0,76.0,9.4,1028.0
2024-10-25 20:00:00,9.0,71.0,7.6,1028.0
2024-10-25 21:00:00,8.1,80.0,3.6,1028.5
2024-10-25 22:00:00,6.0,81.0,7.6,1028.0
2024-10-25 23:00:00,4.0,93.0,5.4,1028.0
2024-10-26 00:00:00,7.4,78.0,7.2,1028.7
2024-10-26 01:00:00,3.0,93.0,5.4,1028.0
2024-10-26 02:00:00,3.0,93.0,3.6,1028.0
2024-10-26 03:00:00,3.9,92.0,0.0,1029.5
2024-10-26 04:00:00,1.0,100.0,3.6,1028.0
2024-10-26 05:00:00,1.0,100.0,3.6,1028.0
2024-10-26 06:00:00,3.8,92.0,0.0,1030.0
2024-10-26 07:00:00,6.0,81.0,0.0,1029.0
2024-10-26 08:00:00,9.0,71.0,1.8,1029.0
2024-10-26 09:00:00,12.5,63.0,3.6,1027.7
2024-10-26 10:00:00,15.0,51.0,3.6,1028.0
2024-10-26 11:00:00,17.0,42.0,3.6,1027.0
2024-10-26 12:00:00,17.5,46.0,3.6,1024.9
2024-10-26 13:00:00,19.0,37.0,3.6,1026.0
2024-10-26 14:00:00,20.0,35.0,1.8,1025.0
2024-10-26 15:00:00,16.7,51.0,3.6,1024.2
2024-10-26 16:00:00,12.0,54.0,11.2,1026.0
2024-10-26 17:00:00,11.0,54.0,13.0,1027.0
2024-10-26 18:00:00,12.5,50.0,7.2,1026.4
2024-10-26 19:00:00,9.0,62.0,11.2,1027.0
2024-10-26 20:00:00,7.0,66.0,11.2,1028.0
2024-10-26 21:00:00,8.8,51.0,7.0,1027.9
2024-10-26 22:00:00,5.0,70.0,9.4,1027.0
2024-10-26 23:00:00,5.0,70.0,5.4,1027.0
2024-10-27 00:00:00,5.2,77.0,7.6,1028.9
2024-10-27 01:00:00,3.0,81.0,0.0,1027.0
2024-10-27 02:00:00,2.0,87.0,3.6,1027.0
2024-10-27 03:00:00,3.6,85.0,3.6,1029.1
2024-10-27 04:00:00,1.0,93.0,0.0,1027.0
2024-10-27 05:00:00,1.0,93.0,0.0,1027.0
2024-10-27 06:00:00,5.4,76.0,3.6,1029.1
2024-10-27 07:00:00,6.0,70.0,1.8,1028.0
2024-10-27 08:00:00,9.0,62.0,0.0,1028.0
2024-10-27 09:00:00,10.9,57.0,3.6,1027.7
2024-10-27 10:00:00,14.0,44.0,3.6,1027.0
2024-10-27 11:00:00,17.0,34.0,3.6,1026.0
2024-10-27 12:00:00,18.0,34.0,3.6,1024.3
2024-10-27 13:00:00,20.0,26.0,5.4,1025.0
2024-10-27 14:00:00,21.0,26.0,0.0,1025.0
2024-10-27 15:00:00,18.4,41.0,3.6,1023.3
2024-10-27 16:00:00,14.0,48.0,9.4,1025.0
2024-10-27 17:00:00,12.0,54.0,5.4,1026.0
2024-10-27 18:00:00,9.8,68.0,7.2,1026.0
2024-10-27 19:00:00,8.0,66.0,3.6,1026.0
2024-10-27 20:00:00,6.0,76.0,1.8,1027.0
2024-10-27 21:00:00,6.1,79.0,3.6,1027.7
2024-10-27 22:00:00,4.0,87.0,0.0,1027.0
2024-10-27 23:00:00,3.0,87.0,0.0,1027.0
2024-10-28 00:00:00,6.5,76.0,3.6,1027.4
2024-10-28 01:00:00,2.0,93.0,0.0,1027.0
2024-10-28 02:00:00,2.0,93.0,5.4,1027.0
2024-10-28 03:00:00,5.2,77.0,3.6,1027.6
2024-10-28 04:00:00,2.0,80.0,3.6,1027.0
2024-10-28 05:00:00,2.0,87.0,5.4,1027.0
2024-10-28 06:00:00,3.6,89.0,3.6,1028.7
2024-10-28 07:00:00,5.0,75.0,3.6,1027.0
2024-10-28 08:00:00,9.0,62.0,0.0,1027.0
2024-10-28 09:00:00,12.2,56.0,7.2,1026.4
2024-10-28 10:00:00,15.0,44.0,3.6,1026.0
2024-10-28 11:00:00,18.0,40.0,3.6,1025.0
2024-10-28 12:00:00,20.1,44.0,3.6,1022.8
2024-10-28 13:00:00,21.0,35.0,3.6,1024.0
2024-10-28 14:00:00,22.0,33.0,1.8,1023.0
2024-10-28 15:00:00,19.3,51.0,3.6,1021.9
2024-10-28 16:00:00,14.0,58.0,3.6,1024.0
2024-10-28 17:00:00,12.0,67.0,3.6,1024.0
2024-10-28 18:00:00,11.9,74.0,3.6,1024.3
2024-10-28 19:00:00,9.0,76.0,3.6,1025.0
2024-10-28 20:00:00,8.0,81.0,7.6,1025.0
2024-10-28 21:00:00,9.5,86.0,3.6,1025.5
2024-10-28 22:00:00,7.0,87.0,5.4,1025.0
2024-10-28 23:00:00,5.0,93.0,0.0,1025.0
2024-10-29 00:00:00,7.7,92.0,3.6,1026.1
2024-10-29 01:00:00,5.0,87.0,1.8,1025.0
2024-10-29 02:00:00,5.0,87.0,1.8,1025.0
2024-10-29 03:00:00,6.5,95.0,3.6,1026.5
2024-10-29 04:00:00,4.0,93.0,5.4,1026.0
2024-10-29 05:00:00,3.0,93.0,1.8,1026.0
2024-10-29 06:00:00,6.5,97.0,0.0,1026.8
2024-10-29 07:00:00,8.0,87.0,7.6,1027.0
2024-10-29 08:00:00,12.0,76.0,5.4,1027.0
2024-10-29 09:00:00,14.6,77.0,7.2,1025.2
2024-10-29 10:00:00,17.0,63.0,14.8,1026.0
2024-10-29 11:00:00,18.0,60.0,13.0,1025.0
2024-10-29 12:00:00,18.8,57.0,7.2,1022.8
2024-10-29 13:00:00,19.0,56.0,13.0,1024.0
2024-10-29 14:00:00,18.0,56.0,13.0,1024.0
2024-10-29 15:00:00,16.6,66.0,7.2,1022.8
2024-10-29 16:00:00,14.0,72.0,14.8,1024.0
2024-10-29 17:00:00,13.0,77.0,14.8,1025.0
2024-10-29 18:00:00,13.5,78.0,7.2,1024.2
2024-10-29 19:00:00,12.0,82.0,13.0,1025.0
2024-10-29 20:00:00,11.0,82.0,18.4,1026.0
2024-10-29 21:00:00,11.1,90.0,3.6,1025.4
2024-10-29 22:00:00,8.0,93.0,3.6,1025.0
2024-10-29 23:00:00,7.0,93.0,3.6,1025.0
2024-10-30 00:00:00,9.1,96.0,3.6,1025.8
2024-10-30 01:00:00,8.0,93.0,5.4,1025.0
2024-10-30 02:00:00,8.0,93.0,0.0,1025.0
2024-10-30 03:00:00,10.0,90.0,3.6,1025.4
2024-10-30 04:00:00,9.0,87.0,1.8,1025.0
2024-10-30 05:00:00,7.0,93.0,3.6,1025.0
2024-10-30 06:00:00,8.0,96.0,0.0,1026.1
2024-10-30 07:00:00,10.0,87.0,0.0,1026.0
2024-10-30 08:00:00,12.0,82.0,5.4,1026.0
2024-10-30 09:00:00,13.8,75.0,3.6,1024.8
2024-10-30 10:00:00,15.0,63.0,3.6,1025.0
2024-10-30 11:00:00,16.0,55.0,7.6,1025.0
2024-10-30 12:00:00,15.4,61.0,7.2,1023.7
2024-10-30 13:00:00,17.0,52.0,9.4,1024.0
2024-10-30 14:00:00,16.0,52.0,5.4,1024.0
2024-10-30 15:00:00,14.9,65.0,3.6,1023.0
2024-10-30 16:00:00,13.0,62.0,5.4,1024.0
2024-10-30 17:00:00,9.0,82.0,3.6,1025.0
2024-10-30 18:00:00,8.7,87.0,3.6,1025.0
2024-10-30 19:00:00,8.0,87.0,5.4,1025.0
2024-10-30 20:00:00,6.0,100.0,3.6,1025.0
2024-10-30 21:00:00,5.8,94.0,0.0,1026.5
2024-10-30 22:00:00,4.0,93.0,1.8,1025.0
2024-10-30 23:00:00,3.0,93.0,5.4,1026.0
2024-10-31 00:00:00,3.7,96.0,5.4,1027.2
2024-10-31 01:00:00,3.0,93.0,5.4,1025.0
2024-10-31 02:00:00,1.0,100.0,1.8,1026.0
2024-10-31 03:00:00,2.6,96.0,3.6,1027.7
2024-10-31 04:00:00,0.0,100.0,5.4,1026.0
2024-10-31 05:00:00,0.0,100.0,5.4,1026.0
2024-10-31 06:00:00,4.1,93.0,7.2,1028.3
2024-10-31 07:00:00,4.0,93.0,1.8,1027.0
2024-10-31 08:00:00,7.0,87.0,5.4,1027.0
2024-10-31 09:00:00,10.9,73.0,3.6,1026.7
2024-10-31 10:00:00,14.0,67.0,7.6,1026.0
2024-10-31 11:00:00,16.0,59.0,7.6,1026.0
2024-10-31 12:00:00,17.0,54.0,3.6,1023.6
2024-10-31 13:00:00,18.0,40.0,5.4,1024.0
2024-10-31 14:00:00,18.0,42.0,9.4,1024.0
2024-10-31 15:00:00,16.2,55.0,3.6,1023.2
2024-10-31 16:00:00,16.0,59.0,9.4,1025.0
2024-10-31 17:00:00,14.0,67.0,9.4,1025.0
2024-10-31 18:00:00,14.6,66.0,10.8,1023.9
2024-10-31 19:00:00,14.0,67.0,16.6,1026.0
2024-10-31 20:00:00,12.0,76.0,14.8,1026.0
2024-10-31 21:00:00,12.3,78.0,7.2,1025.3
2024-10-31 22:00:00,11.0,82.0,11.2,1026.0
2024-10-31 23:00:00,8.0,87.0,9.4,1026.0
2024-11-01 00:00:00,11.0,81.0,3.6,1025.7
2024-11-01 01:00:00,5.0,93.0,3.6,1026.0
2024-11-01 02:00:00,4.0,93.0,3.6,1026.0
2024-11-01 03:00:00,6.6,94.0,3.6,1026.6
2024-11-01 04:00:00,3.0,100.0,3.6,1026.0
2024-11-01 05:00:00,2.0,100.0,0.0,1026.0
2024-11-01 06:00:00,4.6,97.0,0.0,1027.9
2024-11-01 07:00:00,6.0,100.0,1.8,1027.0
2024-11-01 08:00:00,8.0,93.0,5.4,1027.0
2024-11-01 09:00:00,10.5,82.0,7.2,1026.5
2024-11-01 10:00:00,13.0,72.0,5.4,1025.0
2024-11-01 11:00:00,15.0,59.0,5.4,1025.0
2024-11-01 12:00:00,15.9,59.0,3.6,1022.9
2024-11-01 13:00:00,17.0,52.0,5.4,1023.0
2024-11-01 14:00:00,17.0,48.0,11.2,1023.0
2024-11-01 15:00:00,15.5,59.0,3.6,1022.0
2024-11-01 16:00:00,13.0,62.0,13.0,1023.0
2024-11-01 17:00:00,11.0,66.0,13.0,1024.0
2024-11-01 18:00:00,11.3,75.0,3.6,1023.7
2024-11-01 19:00:00,9.0,76.0,0.0,1023.0
2024-11-01 20:00:00,6.0,93.0,5.4,1024.0
2024-11-01 21:00:00,6.2,90.0,3.6,1024.8
2024-11-01 22:00:00,5.0,87.0,7.6,1023.0
2024-11-01 23:00:00,4.0,87.0,7.6,1023.0
2024-11-02 00:00:00,6.1,87.0,7.2,1024.3
2024-11-02 01:00:00,3.0,93.0,7.6,1022.0
2024-11-02 02:00:00,2.0,93.0,0.0,1022.0
2024-11-02 03:00:00,2.7,96.0,0.0,1024.0
2024-11-02 04:00:00,-1.0,100.0,1.8,1021.0
2024-11-02 05:00:00,0.0,93.0,5.4,1021.0
2024-11-02 06:00:00,3.3,95.0,3.6,1023.6
2024-11-02 07:00:00,2.0,100.0,3.6,1022.0
2024-11-02 08:00:00,4.0,100.0,3.6,1022.0
2024-11-02 09:00:00,10.2,72.0,3.6,1021.6
2024-11-02 10:00:00,13.0,62.0,7.6,1020.0
2024-11-02 11:00:00,18.0,45.0,22.3,1020.0
2024-11-02 12:00:00,17.6,47.0,10.8,1018.2
2024-11-02 13:00:00,18.0,42.0,27.7,1019.0
2024-11-02 14:00:00,18.0,42.0,22.3,1019.0
2024-11-02 15:00:00,16.4,51.0,14.4,1018.3
2024-11-02 16:00:00,15.0,55.0,27.7,1020.0
2024-11-02 17:00:00,14.0,58.0,27.7,1021.0
2024-11-02 18:00:00,13.6,57.0,14.4,1020.8
2024-11-02 19:00:00,13.0,62.0,24.1,1022.0
2024-11-02 20:00:00,12.0,67.0,24.1,1023.0
2024-11-02 21:00:00,11.9,67.0,14.4,1023.2
2024-11-02 22:00:00,10.0,76.0,22.3,1024.0
2024-11-02 23:00:00,10.0,76.0,24.1,1025.0
2024-11-03 00:00:00,9.3,78.0,14.4,1025.7
2024-11-03 01:00:00,8.0,81.0,11.2,1026.0
2024-11-03 02:00:00,7.0,87.0,5.4,1026.0
2024-11-03 03:00:00,8.2,81.0,10.8,1027.6
2024-11-03 04:00:00,5.0,87.0,9.4,1027.0
2024-11-03 05:00:00,4.0,100.0,7.6,1027.0
2024-11-03 06:00:00,6.5,90.0,3.6,1029.0
2024-11-03 07:00:00,7.0,87.0,3.6,1029.0
2024-11-03 08:00:00,8.0,87.0,5.4,1029.0
2024-11-03 09:00:00,8.7,81.0,3.6,1029.6
2024-11-03 10:00:00,9.0,82.0,7.6,1029.0
2024-11-03 11:00:00,10.0,76.0,11.2,1029.0
2024-11-03 12:00:00,10.4,74.0,7.2,1029.0
2024-11-03 13:00:00,11.0,66.0,13.0,1029.0
2024-11-03 14:00:00,11.0,71.0,13.0,1029.0
2024-11-03 15:00:00,9.8,74.0,7.2,1028.9
2024-11-03 16:00:00,9.0,71.0,3.6,1029.0
2024-11-03 17:00:00,8.0,76.0,7.6,1029.0
2024-11-03 18:00:00,7.6,78.0,3.6,1029.6
2024-11-03 19:00:00,8.0,71.0,7.6,1029.0
2024-11-03 20:00:00,8.0,66.0,5.4,1029.0
2024-11-03 21:00:00,6.7,76.0,3.6,1029.6
2024-11-03 22:00:00,6.0,81.0,5.4,1029.0
2024-11-03 23:00:00,5.0,87.0,3.6,1028.0
2024-11-04 00:00:00,3.7,87.0,3.6,1029.6
2024-11-04 01:00:00,2.0,93.0,3.6,1027.0
2024-11-04 02:00:00,1.0,100.0,0.0,1027.0
2024-11-04 03:00:00,1.4,96.0,5.4,1029.1
2024-11-04 04:00:00,0.0,93.0,0.0,1026.0
2024-11-04 05:00:00,-1.0,100.0,0.0,1026.0
2024-11-04 06:00:00,0.4,96.0,5.4,1029.1
2024-11-04 07:00:00,3.0,87.0,1.8,1026.0
2024-11-04 08:00:00,6.0,76.0,7.6,1026.0
2024-11-04 09:00:00,9.3,67.0,3.6,1026.3
2024-11-04 10:00:00,12.0,44.0,22.3,1025.0
2024-11-04 11:00:00,13.0,41.0,24.1,1024.0
2024-11-04 12:00:00,13.5,41.0,10.8,1023.6
2024-11-04 13:00:00,14.0,36.0,24.1,1023.0
2024-11-04 14:00:00,14.0,41.0,25.9,1023.0
2024-11-04 15:00:00,12.3,49.0,10.8,1023.3
2024-11-04 16:00:00,10.0,54.0,22.3,1024.0
2024-11-04 17:00:00,9.0,53.0,25.9,1025.0
2024-11-04 18:00:00,9.0,57.0,11.0,1025.7
2024-11-04 19:00:00,8.0,57.0,22.0,1026.0
2024-11-04 20:00:00,8.0,57.0,11.2,1027.0
2024-11-04 21:00:00,7.9,59.0,7.2,1027.5
2024-11-04 22:00:00,1.0,86.0,9.4,1028.0
2024-11-04 23:00:00,0.0,86.0,1.8,1028.0
2024-11-05 00:00:00,2.6,81.0,3.6,1029.7
2024-11-05 01:00:00,-1.0,93.0,1.8,1028.0
2024-11-05 02:00:00,-2.0,93.0,5.4,1028.0
2024-11-05 03:00:00,-0.3,92.0,7.6,1031.1
2024-11-05 04:00:00,-2.0,93.0,9.4,1029.0
2024-11-05 05:00:00,-2.0,93.0,11.2,1030.0
2024-11-05 06:00:00,-0.4,91.0,7.2,1032.1
2024-11-05 07:00:00,2.0,80.0,5.4,1031.0
2024-11-05 08:00:00,7.0,57.0,29.5,1031.0
2024-11-05 09:00:00,8.7,54.0,7.2,1032.4
2024-11-05 10:00:00,10.0,46.0,25.9,1031.0
2024-11-05 11:00:00,11.0,40.0,24.1,1030.0
2024-11-05 12:00:00,11.2,42.0,10.8,1030.2
2024-11-05 13:00:00,12.0,38.0,20.5,1029.0
2024-11-05 14:00:00,12.0,35.0,20.5,1029.0
2024-11-05 15:00:00,10.7,46.0,7.2,1029.0
2024-11-05 16:00:00,5.0,56.0,11.2,1029.0
2024-11-05 17:00:00,4.0,60.0,18.4,1030.0
2024-11-05 18:00:00,5.6,63.0,7.2,1030.9
2024-11-05 19:00:00,2.0,64.0,13.0,1030.0
2024-11-05 20:00:00,2.0,70.0,11.2,1031.0
2024-11-05 21:00:00,2.7,68.0,7.2,1032.6
2024-11-05 22:00:00,2.0,64.0,13.0,1031.0
2024-11-05 23:00:00,1.0,69.0,11.2,1031.0
2024-11-06 00:00:00,1.0,80.0,3.6,1033.0
2024-11-06 01:00:00,-1.0,74.0,7.6,1030.0
2024-11-06 02:00:00,-1.0,74.0,5.4,1030.0
2024-11-06 03:00:00,-0.5,86.0,3.6,1033.3
2024-11-06 04:00:00,-2.0,86.0,3.6,1031.0
2024-11-06 05:00:00,-3.0,86.0,7.6,1031.0
2024-11-06 06:00:00,-2.1,87.0,0.0,1034.1
2024-11-06 07:00:00,2.0,64.0,0.0,1032.0
2024-11-06 08:00:00,4.0,56.0,3.6,1032.0
2024-11-06 09:00:00,5.9,56.0,3.6,1032.6
2024-11-06 10:00:00,9.0,43.0,3.6,1032.0
2024-11-06 11:00:00,11.0,37.0,5.4,1031.0
2024-11-06 12:00:00,11.9,43.0,3.6,1029.9
2024-11-06 13:00:00,13.0,35.0,5.4,1030.0
2024-11-06 14:00:00,13.0,35.0,1.8,1030.0
2024-11-06 15:00:00,10.3,54.0,0.0,1029.9
2024-11-06 16:00:00,7.0,53.0,0.0,1031.0
2024-11-06 17:00:00,5.0,61.0,11.2,1031.0
2024-11-06 18:00:00,5.8,54.0,7.2,1032.5
2024-11-06 19:00:00,3.0,60.0,11.2,1033.0
2024-11-06 20:00:00,2.0,64.0,9.4,1033.0
2024-11-06 21:00:00,4.8,60.0,7.2,1032.9
2024-11-06 22:00:00,2.0,64.0,7.6,1034.0
2024-11-06 23:00:00,1.0,69.0,7.6,1034.0
2024-11-07 00:00:00,1.0,80.0,3.6,1036.3
2024-11-07 01:00:00,0.0,80.0,0.0,1034.0
2024-11-07 02:00:00,-1.0,80.0,0.0,1034.0
2024-11-07 03:00:00,-1.5,85.0,3.6,1036.9
2024-11-07 04:00:00,-3.0,80.0,3.6,1034.0
2024-11-07 05:00:00,-2.0,86.0,3.6,1034.0
2024-11-07 06:00:00,-1.7,92.0,3.6,1038.0
2024-11-07 07:00:00,1.0,75.0,3.6,1035.0
2024-11-07 08:00:00,5.0,61.0,0.0,1035.0
2024-11-07 09:00:00,6.8,58.0,3.6,1035.5
2024-11-07 10:00:00,12.0,38.0,11.2,1034.0
2024-11-07 11:00:00,14.0,28.0,14.8,1033.0
2024-11-07 12:00:00,14.2,21.0,10.8,1031.4
2024-11-07 13:00:00,15.0,16.0,18.4,1032.0
2024-11-07 14:00:00,14.0,17.0,20.5,1032.0
2024-11-07 15:00:00,11.5,37.0,3.6,1031.8
2024-11-07 16:00:00,7.0,34.0,18.4,1032.0
2024-11-07 17:00:00,6.0,36.0,11.2,1033.0
2024-11-07 18:00:00,6.1,35.0,7.2,1033.4
2024-11-07 19:00:00,3.0,48.0,13.0,1033.0
2024-11-07 20:00:00,2.0,55.0,13.0,1033.0
2024-11-07 21:00:00,1.9,56.0,3.6,1034.7
2024-11-07 22:00:00,0.0,59.0,7.6,1033.0
2024-11-07 23:00:00,0.0,64.0,7.6,1033.0
2024-11-08 00:00:00,-1.0,69.0,0.0,1035.3
2024-11-08 01:00:00,-3.0,80.0,0.0,1032.0
2024-11-08 02:00:00,-4.0,80.0,3.6,1032.0
2024-11-08 03:00:00,0.6,63.0,7.2,1034.6
2024-11-08 04:00:00,-4.0,86.0,3.6,1032.0
2024-11-08 05:00:00,-5.0,86.0,1.8,1032.0
2024-11-08 06:00:00,-1.2,80.0,3.6,1035.6
2024-11-08 07:00:00,1.0,64.0,0.0,1033.0
2024-11-08 08:00:00,4.0,52.0,3.6,1032.0
2024-11-08 09:00:00,6.3,50.0,3.6,1033.1
2024-11-08 10:00:00,9.0,40.0,3.6,1031.0
2024-11-08 11:00:00,12.0,35.0,3.6,1030.0
2024-11-08 12:00:00,13.1,42.0,3.6,1029.5
2024-11-08 13:00:00,16.0,27.0,3.6,1029.0
2024-11-08 14:00:00,16.0,27.0,5.4,1029.0
2024-11-08 15:00:00,12.7,45.0,3.6,1028.7
2024-11-08 16:00:00,10.0,40.0,9.4,1029.0
2024-11-08 17:00:00,7.0,42.0,13.0,1030.0
2024-11-08 18:00:00,6.8,53.0,3.6,1031.0
2024-11-08 19:00:00,3.0,56.0,14.8,1030.0
2024-11-08 20:00:00,4.0,52.0,11.2,1030.0
2024-11-08 21:00:00,5.9,47.0,7.2,1031.3
2024-11-08 22:00:00,1.0,64.0,9.4,1030.0
2024-11-08 23:00:00,1.0,64.0,1.8,1030.0
2024-11-09 00:00:00,2.3,66.0,3.6,1032.0
2024-11-09 01:00:00,0.0,74.0,3.6,1030.0
2024-11-09 02:00:00,-3.0,80.0,1.8,1029.0
2024-11-09 03:00:00,2.7,66.0,7.2,1031.2
2024-11-09 04:00:00,-2.0,86.0,5.4,1029.0
2024-11-09 05:00:00,-5.0,93.0,3.6,1029.0
2024-11-09 06:00:00,-1.4,86.0,3.6,1032.0
2024-11-09 07:00:00,2.0,70.0,0.0,1029.0
2024-11-09 08:00:00,5.0,56.0,0.0,1029.0
2024-11-09 09:00:00,7.5,54.0,3.6,1029.4
2024-11-09 10:00:00,10.0,43.0,3.6,1027.0
2024-11-09 11:00:00,13.0,35.0,3.6,1026.0
2024-11-09 12:00:00,13.5,40.0,7.2,1025.0
2024-11-09 13:00:00,15.0,31.0,3.6,1025.0
2024-11-09 14:00:00,13.0,35.0,18.4,1025.0
2024-11-09 15:00:00,10.7,46.0,7.2,1025.0
2024-11-09 16:00:00,7.0,53.0,11.2,1025.0
2024-11-09 17:00:00,7.0,53.0,0.0,1025.0
2024-11-09 18:00:00,5.3,71.0,3.6,1027.0
2024-11-09 19:00:00,2.0,70.0,3.6,1026.0
2024-11-09 20:00:00,2.0,70.0,0.0,1026.0
2024-11-09 21:00:00,0.4,83.0,3.6,1028.6
2024-11-09 22:00:00,-1.0,86.0,5.4,1026.0
2024-11-09 23:00:00,-1.0,93.0,1.8,1026.0
2024-11-10 00:00:00,1.2,80.0,3.6,1028.6
2024-11-10 01:00:00,2.0,80.0,7.6,1026.0
2024-11-10 02:00:00,2.0,80.0,3.6,1026.0
2024-11-10 03:00:00,2.6,79.0,3.6,1027.9
2024-11-10 04:00:00,3.0,75.0,5.4,1026.0
2024-11-10 05:00:00,1.0,86.0,9.4,1026.0
2024-11-10 06:00:00,2.0,82.0,7.2,1028.1
2024-11-10 07:00:00,4.0,70.0,7.6,1026.0
2024-11-10 08:00:00,5.0,65.0,3.6,1027.8
2024-11-10 09:00:00,6.1,60.0,7.2,1026.8
2024-11-10 10:00:00,7.0,57.0,9.4,1025.0
2024-11-10 11:00:00,8.0,53.0,13.0,1024.0
2024-11-10 12:00:00,7.1,57.0,7.2,1024.6
2024-11-10 13:00:00,7.0,57.0,16.6,1023.0
2024-11-10 14:00:00,5.0,65.0,20.5,1024.0
2024-11-10 15:00:00,4.2,73.0,7.2,1025.5
2024-11-10 16:00:00,3.0,75.0,5.4,1025.0
2024-11-10 17:00:00,1.0,80.0,0.0,1025.0
2024-11-10 18:00:00,0.7,90.0,3.6,1027.8
2024-11-10 19:00:00,1.0,86.0,3.6,1025.0
2024-11-10 20:00:00,2.0,80.0,1.8,1025.0
2024-11-10 21:00:00,2.0,86.0,7.6,1027.6
2024-11-10 22:00:00,1.0,86.0,5.4,1025.0
2024-11-10 23:00:00,2.0,80.0,3.6,1025.0
2024-11-11 00:00:00,2.2,86.0,3.6,1027.6
2024-11-11 01:00:00,1.0,86.0,3.6,1025.0
2024-11-11 02:00:00,0.0,86.0,1.8,1025.0
2024-11-11 03:00:00,1.3,87.0,5.4,1027.7
2024-11-11 04:00:00,-2.0,93.0,9.4,1025.0
2024-11-11 05:00:00,-2.0,86.0,9.4,1025.0
2024-11-11 06:00:00,0.9,90.0,3.6,1027.8
2024-11-11 07:00:00,2.0,80.0,3.6,1026.0
2024-11-11 08:00:00,6.0,65.0,13.0,1026.0
2024-11-11 09:00:00,4.8,72.0,7.2,1027.0
2024-11-11 10:00:00,7.0,57.0,5.4,1025.0
2024-11-11 11:00:00,8.0,53.0,5.4,1024.0
2024-11-11 12:00:00,7.0,62.0,3.6,1025.6
2024-11-11 13:00:00,7.0,61.0,14.8,1024.0
2024-11-11 14:00:00,6.0,65.0,7.6,1024.0
2024-11-11 15:00:00,5.3,74.0,3.6,1025.6
2024-11-11 16:00:00,4.0,87.0,13.0,1025.0
2024-11-11 17:00:00,3.0,93.0,13.0,1025.0
2024-11-11 18:00:00,2.6,91.0,3.6,1026.9
2024-11-11 19:00:00,3.0,87.0,13.0,1025.0
2024-11-11 20:00:00,3.0,87.0,5.4,1025.0
2024-11-11 21:00:00,2.4,91.0,7.6,1027.0
2024-11-11 22:00:00,3.0,87.0,3.6,1025.0
2024-11-11 23:00:00,2.0,93.0,5.4,1025.0
2024-11-12 00:00:00,2.2,94.0,3.6,1026.9
2024-11-12 01:00:00,1.0,93.0,7.6,1025.0
2024-11-12 02:00:00,1.0,93.0,9.4,1025.0
2024-11-12 03:00:00,0.7,96.0,5.4,1027.2
2024-11-12 04:00:00,0.0,100.0,0.0,1024.0
2024-11-12 05:00:00,0.0,100.0,3.6,1025.0
2024-11-12 06:00:00,0.4,96.0,3.6,1028.0
2024-11-12 07:00:00,1.0,93.0,0.0,1026.0
2024-11-12 08:00:00,1.0,93.0,0.0,1026.0
2024-11-12 09:00:00,2.4,90.0,3.6,1028.1
2024-11-12 10:00:00,3.0,87.0,5.4,1026.0
2024-11-12 11:00:00,3.0,93.0,9.4,1026.0
2024-11-12 12:00:00,3.3,92.0,3.6,1027.6
2024-11-12 13:00:00,5.0,81.0,0.0,1026.0
2024-11-12 14:00:00,5.0,81.0,0.0,1026.0
2024-11-12 15:00:00,4.1,92.0,3.6,1027.6
2024-11-12 16:00:00,5.0,87.0,7.6,1026.0
2024-11-12 17:00:00,4.0,93.0,3.6,1026.0
2024-11-12 18:00:00,3.9,93.0,3.6,1027.7
2024-11-12 19:00:00,4.0,93.0,7.6,1026.0
2024-11-12 20:00:00,4.0,87.0,5.4,1026.0
2024-11-12 21:00:00,3.7,92.0,3.6,1027.9
2024-11-12 22:00:00,4.0,87.0,3.6,1026.0
2024-11-12 23:00:00,4.0,87.0,0.0,1026.0
2024-11-13 00:00:00,3.7,95.0,3.6,1028.0
2024-11-13 01:00:00,3.0,100.0,1.8,1026.0
2024-11-13 02:00:00,3.0,100.0,5.4,1026.0
2024-11-13 03:00:00,3.2,95.0,3.6,1027.4
2024-11-13 04:00:00,3.0,100.0,0.0,1026.0
2024-11-13 05:00:00,3.0,100.0,0.0,1026.0
2024-11-13 06:00:00,3.4,99.0,3.6,1027.5
2024-11-13 07:00:00,4.0,93.0,0.0,1026.0
2024-11-13 08:00:00,5.0,87.0,3.6,1026.0
2024-11-13 09:00:00,3.9,96.0,7.2,1028.0
2024-11-13 10:00:00,5.0,87.0,5.4,1026.0
2024-11-13 11:00:00,5.0,93.0,5.4,1025.0
2024-11-13 12:00:00,4.8,94.0,3.6,1026.5
2024-11-13 13:00:00,5.0,93.0,5.4,1025.0
2024-11-13 14:00:00,6.0,87.0,5.4,1025.0
2024-11-13 15:00:00,5.1,92.0,7.6,1026.2
2024-11-13 16:00:00,5.0,93.0,5.4,1025.0
2024-11-13 17:00:00,5.0,93.0,7.6,1025.0
2024-11-13 18:00:00,4.5,95.0,3.6,1026.2
2024-11-13 19:00:00,4.0,100.0,3.6,1024.0
2024-11-13 20:00:00,4.0,100.0,5.4,1024.0
2024-11-13 21:00:00,4.3,99.0,7.6,1026.2
2024-11-13 22:00:00,4.0,100.0,7.6,1024.0
2024-11-13 23:00:00,4.0,100.0,3.6,1024.0
2024-11-14 00:00:00,4.0,99.0,3.6,1025.3
2024-11-14 01:00:00,4.0,100.0,0.0,1023.0
2024-11-14 02:00:00,4.0,100.0,3.6,1022.0
2024-11-14 03:00:00,4.2,99.0,3.6,1023.3
2024-11-14 04:00:00,4.0,100.0,0.0,1021.0
2024-11-14 05:00:00,4.0,100.0,1.8,1021.0
2024-11-14 06:00:00,5.3,97.0,7.2,1022.2
2024-11-14 07:00:00,7.0,87.0,22.3,1021.0
2024-11-14 08:00:00,7.0,93.0,22.3,1020.0
2024-11-14 09:00:00,6.4,94.0,7.2,1021.5
2024-11-14 10:00:00,7.0,93.0,18.4,1020.0
2024-11-14 11:00:00,7.0,93.0,14.8,1019.0
2024-11-14 12:00:00,6.7,93.0,7.2,1020.4
2024-11-14 13:00:00,6.0,93.0,13.0,1019.0
2024-11-14 14:00:00,4.0,93.0,14.8,1020.0
2024-11-14 15:00:00,4.3,97.0,7.2,1021.3
2024-11-14 16:00:00,4.0,93.0,14.8,1020.0
2024-11-14 17:00:00,3.0,93.0,16.6,1020.0
2024-11-14 18:00:00,2.3,94.0,7.2,1022.5
2024-11-14 19:00:00,2.0,93.0,16.6,1020.0
2024-11-14 20:00:00,2.0,93.0,13.0,1020.0
2024-11-14 21:00:00,1.6,94.0,10.8,1022.9
2024-11-14 22:00:00,2.0,93.0,16.6,1020.0
2024-11-14 23:00:00,2.0,87.0,14.8,1020.0
2024-11-15 00:00:00,1.4,92.0,7.2,1022.5
2024-11-15 01:00:00,2.0,87.0,18.4,1020.0
2024-11-15 02:00:00,2.0,87.0,16.6,1019.0
2024-11-15 03:00:00,1.1,92.0,10.8,1021.9
2024-11-15 04:00:00,2.0,87.0,18.4,1019.0
2024-11-15 05:00:00,2.0,87.0,22.3,1019.0
2024-11-15 06:00:00,1.0,91.0,10.8,1022.3
2024-11-15 07:00:00,2.0,87.0,20.5,1020.0
2024-11-15 08:00:00,2.0,87.0,22.3,1020.0
2024-11-15 09:00:00,1.6,86.0,14.4,1022.4
2024-11-15 10:00:00,3.0,81.0,22.3,1020.0
2024-11-15 11:00:00,3.0,75.0,24.1,1020.0
2024-11-15 12:00:00,2.2,81.0,14.4,1022.1
2024-11-15 13:00:00,3.0,75.0,24.1,1020.0
2024-11-15 14:00:00,2.0,80.0,24.1,1020.0
2024-11-15 15:00:00,1.2,82.0,14.4,1022.4
2024-11-15 16:00:00,1.0,80.0,27.7,1020.0
2024-11-15 17:00:00,1.0,80.0,24.1,1021.0
2024-11-15 18:00:00,-0.1,86.0,18.0,1024.5
2024-11-15 19:00:00,1.0,80.0,24.1,1022.0
2024-11-15 20:00:00,1.0,80.0,24.1,1022.0
2024-11-15 21:00:00,0.3,92.0,10.8,1025.4
2024-11-15 22:00:00,1.0,80.0,18.4,1023.0
2024-11-15 23:00:00,1.0,80.0,18.4,1023.0
2024-11-16 00:00:00,0.6,83.0,7.2,1025.4
2024-11-16 01:00:00,1.0,86.0,16.6,1023.0
2024-11-16 02:00:00,2.0,75.0,13.0,1023.0
2024-11-16 03:00:00,1.1,78.0,7.2,1025.7
2024-11-16 04:00:00,2.0,75.0,13.0,1024.0
2024-11-16 05:00:00,2.0,75.0,11.2,1024.0
2024-11-16 06:00:00,0.9,87.0,3.6,1026.1
2024-11-16 07:00:00,2.0,80.0,11.2,1025.0
2024-11-16 08:00:00,3.0,75.0,3.6,1025.0
2024-11-16 09:00:00,2.6,81.0,3.6,1026.7
2024-11-16 10:00:00,4.0,75.0,3.6,1025.0
2024-11-16 11:00:00,4.0,75.0,5.4,1024.0
2024-11-16 12:00:00,4.7,74.0,7.2,1025.1
2024-11-16 13:00:00,5.0,75.0,11.2,1023.0
2024-11-16 14:00:00,5.0,75.0,11.2,1023.0
2024-11-16 15:00:00,4.2,79.0,7.2,1024.3
2024-11-16 16:00:00,5.0,75.0,7.6,1022.0
2024-11-16 17:00:00,5.0,75.0,5.4,1022.0
2024-11-16 18:00:00,3.8,72.0,3.6,1024.1
2024-11-16 19:00:00,1.0,80.0,7.6,1022.0
2024-11-16 20:00:00,-1.0,93.0,9.4,1022.0
2024-11-16 21:00:00,0.6,85.0,7.2,1024.9
2024-11-16 22:00:00,-2.0,93.0,0.0,1021.0
2024-11-16 23:00:00,-3.0,93.0,1.8,1021.0
2024-11-17 00:00:00,-1.7,96.0,1.8,1023.8
2024-11-17 01:00:00,-4.0,100.0,0.0,1020.0
2024-11-17 02:00:00,-4.0,100.0,3.6,1019.0
2024-11-17 03:00:00,-3.5,98.0,0.0,1022.9
2024-11-17 04:00:00,-5.0,100.0,3.6,1018.0
2024-11-17 05:00:00,-5.0,93.0,0.0,1018.0
2024-11-17 06:00:00,-5.0,100.0,3.6,1022.8
2024-11-17 07:00:00,-4.0,100.0,3.6,1018.0
2024-11-17 08:00:00,-2.0,93.0,3.6,1018.0
2024-11-17 09:00:00,0.4,84.0,7.2,1020.3
2024-11-17 10:00:00,0.0,100.0,5.4,1016.0
2024-11-17 11:00:00,3.0,81.0,5.4,1016.0
2024-11-17 12:00:00,4.7,70.0,3.6,1017.4
2024-11-17 13:00:00,6.0,61.0,7.6,1014.0
2024-11-17 14:00:00,6.0,65.0,7.6,1013.0
2024-11-17 15:00:00,4.4,74.0,5.4,1015.1
2024-11-17 16:00:00,0.0,93.0,3.6,1013.0
2024-11-17 17:00:00,1.0,86.0,5.4,1013.0
2024-11-17 18:00:00,-0.6,94.0,5.4,1015.9
2024-11-17 19:00:00,-2.0,93.0,7.6,1013.0
2024-11-17 20:00:00,-3.0,100.0,5.4,1013.0
2024-11-17 21:00:00,-1.9,98.0,5.4,1016.3
2024-11-17 22:00:00,-4.0,100.0,7.0,1013.0
2024-11-17 23:00:00,-4.0,100.0,4.0,1013.0
2024-11-18 00:00:00,-2.8,98.0,0.0,1016.1
2024-11-18 01:00:00,-5.0,100.0,6.0,1013.0
2024-11-18 02:00:00,-5.0,93.0,2.0,1013.0
2024-11-18 03:00:00,-4.2,98.0,0.0,1016.5
2024-11-18 04:00:00,-5.0,93.0,0.0,1013.0
2024-11-18 05:00:00,-4.0,93.0,6.0,1013.0
2024-11-18 06:00:00,-5.4,98.0,0.0,1017.6
2024-11-18 07:00:00,-4.0,100.0,4.0,1014.0
2024-11-18 08:00:00,-2.0,93.0,4.0,1014.0
2024-11-18 09:00:00,1.2,79.0,4.0,1016.3
2024-11-18 10:00:00,1.0,100.0,4.0,1014.0
2024-11-18 11:00:00,5.0,75.0,6.0,1013.0
2024-11-18 12:00:00,8.3,63.0,4.0,1013.9
2024-11-18 13:00:00,12.0,54.0,7.0,1012.0
2024-11-18 14:00:00,12.0,47.0,19.0,1012.0
2024-11-18 15:00:00,9.6,59.0,7.0,1013.3
2024-11-18 16:00:00,8.0,66.0,11.0,1014.0
2024-11-18 17:00:00,6.0,70.0,7.0,1014.0
2024-11-18 18:00:00,5.5,76.0,4.0,1015.4
2024-11-18 19:00:00,4.0,81.0,6.0,1015.0
2024-11-18 20:00:00,2.0,81.0,4.0,1015.0
2024-11-18 21:00:00,1.1,89.0,4.0,1017.6
2024-11-18 22:00:00,-1.0,93.0,4.0,1016.0
2024-11-18 23:00:00,-2.0,100.0,9.0,1016.0
2024-11-19 00:00:00,0.2,92.0,4.0,1018.4
2024-11-19 01:00:00,-2.0,100.0,7.0,1016.0
2024-11-19 02:00:00,-2.0,100.0,4.0,1016.0
2024-11-19 03:00:00,-1.3,96.0,0.0,1019.6
2024-11-19 04:00:00,-3.0,100.0,0.0,1017.0
2024-11-19 05:00:00,-4.0,100.0,0.0,1017.0
2024-11-19 06:00:00,-2.5,98.0,4.0,1020.7
2024-11-19 07:00:00,-1.0,93.0,1.8,1018.0
2024-11-19 08:00:00,2.0,87.0,4.0,1018.0
2024-11-19 09:00:00,4.3,78.0,4.0,1019.3
2024-11-19 10:00:00,6.0,76.0,4.0,1017.0
2024-11-19 11:00:00,9.0,62.0,4.0,1016.0
2024-11-19 12:00:00,9.4,63.0,4.0,1015.7
2024-11-19 13:00:00,10.0,58.0,4.0,1015.0
2024-11-19 14:00:00,10.0,58.0,4.0,1014.0
2024-11-19 15:00:00,8.1,71.0,4.0,1014.9
2024-11-19 16:00:00,5.0,81.0,6.0,1014.0
2024-11-19 17:00:00,6.0,76.0,4.0,1014.0
2024-11-19 18:00:00,4.0,84.0,4.0,1015.9
2024-11-19 19:00:00,3.0,81.0,9.0,1014.0
2024-11-19 20:00:00,4.0,75.0,7.0,1013.0
2024-11-19 21:00:00,4.2,84.0,4.0,1015.1
2024-11-19 22:00:00,3.0,81.0,4.0,1012.0
2024-11-19 23:00:00,3.0,81.0,4.0,1012.0
2024-11-20 00:00:00,3.6,86.0,7.0,1012.8
2024-11-20 01:00:00,3.0,87.0,4.0,1010.0
2024-11-20 02:00:00,3.0,87.0,4.0,1009.0
2024-11-20 03:00:00,4.2,83.0,7.0,1010.0
2024-11-20 04:00:00,3.0,87.0,7.0,1008.0
2024-11-20 05:00:00,3.0,87.0,7.0,1008.0
2024-11-20 06:00:00,4.0,84.0,7.0,1009.3
2024-11-20 07:00:00,6.0,76.0,6.0,1007.0
2024-11-20 08:00:00,9.0,66.0,15.0,1006.0
2024-11-20 09:00:00,10.3,63.0,7.0,1005.9
2024-11-20 10:00:00,15.0,48.0,15.0,1005.0
2024-11-20 11:00:00,15.0,48.0,9.0,1004.0
2024-11-20 12:00:00,14.6,53.0,7.0,1002.3
2024-11-20 13:00:00,16.0,45.0,20.0,1002.0
2024-11-20 14:00:00,15.0,51.0,17.0,1001.0
2024-11-20 15:00:00,14.6,50.0,14.0,999.2
2024-11-20 16:00:00,14.0,51.0,11.0,999.0
2024-11-20 17:00:00,15.0,48.0,17.0,998.0
2024-11-20 18:00:00,16.2,43.0,22.0,995.1
2024-11-20 19:00:00,17.0,42.0,33.0,996.0
2024-11-20 20:00:00,16.0,45.0,32.0,995.0
2024-11-20 21:00:00,13.9,53.0,11.0,994.4
2024-11-20 22:00:00,13.0,54.0,13.0,994.0
2024-11-20 23:00:00,16.0,52.0,19.0,993.0
2024-11-21 00:00:00,14.6,60.0,18.0,991.0
2024-11-21 01:00:00,3.0,81.0,37.0,996.0
2024-11-21 02:00:00,1.0,87.0,33.0,998.0
2024-11-21 03:00:00,-0.2,98.0,18.0,1002.8
2024-11-21 04:00:00,1.0,80.0,24.1,1002.0
2024-11-21 05:00:00,1.0,75.0,24.0,1003.0
2024-11-21 06:00:00,0.4,87.0,7.0,1006.1
2024-11-21 07:00:00,1.0,75.0,20.0,1006.0
2024-11-21 08:00:00,1.0,75.0,24.0,1007.0
2024-11-21 09:00:00,1.2,75.0,14.0,1009.0
2024-11-21 10:00:00,2.0,70.0,28.0,1008.0
2024-11-21 11:00:00,2.0,70.0,22.0,1009.0
2024-11-21 12:00:00,2.0,65.0,11.0,1011.2
2024-11-21 13:00:00,2.0,70.0,24.0,1010.0
2024-11-21 14:00:00,2.0,65.0,32.0,1011.0
2024-11-21 15:00:00,1.2,76.0,7.0,1013.5
2024-11-21 16:00:00,0.0,75.0,9.0,1012.0
2024-11-21 17:00:00,-1.0,80.0,9.0,1012.0
2024-11-21 18:00:00,-0.5,81.0,4.0,1015.1
2024-11-21 19:00:00,-3.0,86.0,9.0,1012.0
2024-11-21 20:00:00,-3.0,86.0,11.0,1012.0
2024-11-21 21:00:00,-3.5,94.0,4.0,1015.2
2024-11-21 22:00:00,-4.0,86.0,3.6,1011.0
2024-11-21 23:00:00,-4.0,93.0,5.4,1011.0
2024-11-22 00:00:00,-3.3,94.0,3.6,1013.5
2024-11-22 01:00:00,-3.0,86.0,7.6,1009.0
2024-11-22 02:00:00,-3.0,86.0,5.4,1008.0
2024-11-22 03:00:00,-1.6,87.0,7.2,1011.1
2024-11-22 04:00:00,-1.0,80.0,9.4,1007.0
2024-11-22 05:00:00,2.0,60.0,5.4,1006.0
2024-11-22 06:00:00,-0.6,84.0,7.2,1008.6
2024-11-22 07:00:00,1.0,69.0,20.5,1005.0
2024-11-22 08:00:00,2.0,64.0,22.3,1004.0
2024-11-22 09:00:00,2.2,66.0,7.2,1005.9
2024-11-22 10:00:00,4.0,65.0,35.3,1004.0
2024-11-22 11:00:00,5.0,61.0,18.4,1001.0
2024-11-22 12:00:00,4.8,71.0,7.2,1003.0
2024-11-22 13:00:00,6.0,61.0,22.3,1000.0
2024-11-22 14:00:00,6.0,65.0,13.0,999.0
2024-11-22 15:00:00,6.3,69.0,7.2,999.6
2024-11-22 16:00:00,7.0,70.0,20.5,999.0
2024-11-22 17:00:00,9.0,66.0,24.1,998.0
2024-11-22 18:00:00,6.6,83.0,7.2,998.7
2024-11-22 19:00:00,4.0,87.0,35.3,1002.0
2024-11-22 20:00:00,1.0,93.0,29.5,1004.0
2024-11-22 21:00:00,0.2,90.0,18.0,1008.1
2024-11-22 22:00:00,0.0,86.0,31.7,1008.0
2024-11-22 23:00:00,0.0,80.0,35.3,1009.0
2024-11-23 00:00:00,-0.9,88.0,18.0,1012.9
2024-11-23 01:00:00,0.0,80.0,27.7,1012.0
2024-11-23 02:00:00,0.0,74.0,29.5,1013.0
2024-11-23 03:00:00,-1.3,86.0,10.8,1016.1
2024-11-23 04:00:00,-1.0,80.0,22.3,1015.0
2024-11-23 05:00:00,-1.0,74.0,24.1,1016.0
2024-11-23 06:00:00,-1.4,80.0,14.4,1020.1
2024-11-23 07:00:00,0.0,69.0,35.3,1018.0
2024-11-23 08:00:00,0.0,64.0,33.5,1019.0
2024-11-23 09:00:00,0.6,74.0,21.6,1022.4
2024-11-23 10:00:00,2.0,60.0,31.7,1020.0
2024-11-23 11:00:00,2.0,60.0,37.1,1021.0
2024-11-23 12:00:00,1.7,75.0,21.6,1023.6
2024-11-23 13:00:00,2.0,60.0,31.7,1023.0
2024-11-23 14:00:00,2.0,55.0,31.7,1024.0
2024-11-23 15:00:00,0.6,92.0,18.0,1027.7
2024-11-23 16:00:00,1.0,60.0,22.3,1026.0
2024-11-23 17:00:00,0.0,64.0,27.7,1028.0
2024-11-23 18:00:00,-0.1,69.0,10.8,1031.0
2024-11-23 19:00:00,0.0,69.0,20.5,1029.0
2024-11-23 20:00:00,0.0,69.0,20.5,1030.0
2024-11-23 21:00:00,-0.1,72.0,14.4,1033.5
2024-11-23 22:00:00,0.0,74.0,24.1,1032.0
2024-11-23 23:00:00,0.0,69.0,9.4,1033.0
2024-11-24 00:00:00,-0.3,79.0,10.8,1035.4
2024-11-24 01:00:00,-2.0,80.0,7.6,1034.0
2024-11-24 02:00:00,-3.0,86.0,9.4,1034.0
2024-11-24 03:00:00,-0.9,88.0,3.6,1037.0
2024-11-24 04:00:00,-6.0,93.0,3.6,1034.0
2024-11-24 05:00:00,-6.0,93.0,3.6,1035.0
2024-11-24 06:00:00,-4.2,83.0,7.2,1038.7
2024-11-24 07:00:00,-2.0,80.0,5.4,1035.0
2024-11-24 08:00:00,0.0,74.0,3.6,1036.0
2024-11-24 09:00:00,0.0,78.0,3.6,1038.0
2024-11-24 10:00:00,2.0,60.0,5.4,1035.0
2024-11-24 11:00:00,3.0,56.0,5.4,1034.0
2024-11-24 12:00:00,4.2,59.0,3.6,1036.0
2024-11-24 13:00:00,6.0,45.0,5.4,1033.0
2024-11-24 14:00:00,6.0,49.0,0.0,1032.0
2024-11-24 15:00:00,2.9,65.0,3.6,1034.4
2024-11-24 16:00:00,1.0,69.0,7.6,1032.0
2024-11-24 17:00:00,-1.0,80.0,7.6,1032.0
2024-11-24 18:00:00,0.2,76.0,3.6,1034.5
2024-11-24 19:00:00,-1.0,80.0,5.4,1031.0
2024-11-24 20:00:00,-2.0,80.0,11.2,1031.0
2024-11-24 21:00:00,-2.0,89.0,3.6,1034.2
2024-11-24 22:00:00,-4.0,86.0,7.6,1031.0
2024-11-24 23:00:00,-4.0,93.0,5.4,1031.0
2024-11-25 00:00:00,-1.9,87.0,3.6,1033.9
2024-11-25 01:00:00,-2.0,86.0,0.0,1030.0
2024-11-25 02:00:00,-2.0,93.0,3.6,1030.0
2024-11-25 03:00:00,-0.9,84.0,3.6,1032.6
2024-11-25 04:00:00,-1.0,86.0,0.0,1030.0
2024-11-25 05:00:00,-1.0,86.0,9.4,1030.0
2024-11-25 06:00:00,-0.4,86.0,5.4,1032.6
2024-11-25 07:00:00,1.0,75.0,9.4,1030.0
2024-11-25 08:00:00,2.0,64.0,5.4,1030.0
2024-11-25 09:00:00,5.2,54.0,3.6,1030.9
2024-11-25 10:00:00,7.0,46.0,3.6,1029.0
2024-11-25 11:00:00,8.0,39.0,5.4,1028.0
2024-11-25 12:00:00,8.5,50.0,3.6,1028.5
2024-11-25 13:00:00,10.0,40.0,1.8,1027.0
2024-11-25 14:00:00,10.0,43.0,3.6,1027.0
2024-11-25 15:00:00,7.8,62.0,0.0,1027.6
2024-11-25 16:00:00,7.0,53.0,5.4,1027.0
2024-11-25 17:00:00,6.0,61.0,7.6,1027.0
2024-11-25 18:00:00,5.4,63.0,3.6,1028.4
2024-11-25 19:00:00,5.0,61.0,9.4,1027.0
2024-11-25 20:00:00,4.0,56.0,5.4,1027.0
2024-11-25 21:00:00,1.5,80.0,3.6,1028.9
2024-11-25 22:00:00,2.0,64.0,7.6,1026.0
2024-11-25 23:00:00,0.0,74.0,1.8,1026.0
2024-11-26 00:00:00,1.3,83.0,3.6,1028.2
2024-11-26 01:00:00,-1.0,86.0,5.4,1025.0
2024-11-26 02:00:00,-2.0,93.0,0.0,1024.0
2024-11-26 03:00:00,-1.2,94.0,3.6,1027.1
2024-11-26 04:00:00,-2.0,86.0,3.6,1023.0
2024-11-26 05:00:00,-2.0,86.0,3.6,1023.0
2024-11-26 06:00:00,-2.0,96.0,7.6,1026.6
2024-11-26 07:00:00,0.0,80.0,7.6,1023.0
2024-11-26 08:00:00,2.0,70.0,5.4,1023.0
2024-11-26 09:00:00,4.4,66.0,3.6,1024.4
2024-11-26 10:00:00,7.0,49.0,3.6,1022.0
2024-11-26 11:00:00,8.0,46.0,0.0,1021.0
2024-11-26 12:00:00,10.1,48.0,3.6,1020.6
2024-11-26 13:00:00,11.0,43.0,5.4,1020.0
2024-11-26 14:00:00,11.0,43.0,0.0,1020.0
2024-11-26 15:00:00,8.4,62.0,5.4,1020.7
2024-11-26 16:00:00,4.0,75.0,1.8,1021.0
2024-11-26 17:00:00,7.0,61.0,13.0,1021.0
2024-11-26 18:00:00,9.3,52.0,7.2,1021.5
2024-11-26 19:00:00,3.0,75.0,5.4,1022.0
2024-11-26 20:00:00,4.0,75.0,9.4,1022.0
2024-11-26 21:00:00,7.0,67.0,4.0,1022.6
2024-11-26 22:00:00,2.0,80.0,7.6,1022.0
2024-11-26 23:00:00,1.0,86.0,5.4,1022.0
2024-11-27 00:00:00,2.0,83.0,10.8,1021.5
2024-11-27 01:00:00,2.0,80.0,9.4,1022.0
2024-11-27 02:00:00,8.0,71.0,3.6,1022.0
2024-11-27 03:00:00,10.3,66.0,14.4,1021.6
2024-11-27 04:00:00,9.0,71.0,18.4,1022.0
2024-11-27 05:00:00,9.0,71.0,24.1,1022.0
2024-11-27 06:00:00,8.8,72.0,14.4,1023.3
2024-11-27 07:00:00,9.0,71.0,16.6,1024.0
2024-11-27 08:00:00,10.0,71.0,16.6,1024.0
2024-11-27 09:00:00,11.5,62.0,10.8,1024.1
2024-11-27 10:00:00,12.0,62.0,18.4,1024.0
2024-11-27 11:00:00,13.0,54.0,18.4,1024.0
2024-11-27 12:00:00,13.6,57.0,7.2,1022.9
2024-11-27 13:00:00,14.0,51.0,18.4,1023.0
2024-11-27 14:00:00,13.0,54.0,16.6,1024.0
2024-11-27 15:00:00,11.8,61.0,7.2,1024.1
2024-11-27 16:00:00,11.0,62.0,14.8,1024.0
2024-11-27 17:00:00,8.0,76.0,1.8,1025.0
2024-11-27 18:00:00,6.1,82.0,3.6,1026.5
2024-11-27 19:00:00,3.0,93.0,11.2,1026.0
2024-11-27 20:00:00,3.0,87.0,13.0,1026.0
2024-11-27 21:00:00,5.8,78.0,7.2,1027.1
2024-11-27 22:00:00,2.0,93.0,9.4,1026.0
2024-11-27 23:00:00,2.0,87.0,5.4,1026.0
2024-11-28 00:00:00,2.7,91.0,3.6,1028.0
2024-11-28 01:00:00,1.0,100.0,3.6,1026.0
2024-11-28 02:00:00,1.0,100.0,3.6,1026.0
2024-11-28 03:00:00,1.4,96.0,5.4,1028.3
2024-11-28 04:00:00,1.0,93.0,1.8,1026.0
2024-11-28 05:00:00,2.0,93.0,3.6,1026.0
2024-11-28 06:00:00,3.0,92.0,3.6,1028.0
2024-11-28 07:00:00,3.0,93.0,5.4,1026.0
2024-11-28 08:00:00,5.0,81.0,3.6,1026.0
2024-11-28 09:00:00,5.7,80.0,3.6,1027.4
2024-11-28 10:00:00,8.0,71.0,1.8,1025.0
2024-11-28 11:00:00,10.0,62.0,3.6,1025.0
2024-11-28 12:00:00,10.5,64.0,3.6,1024.5
2024-11-28 13:00:00,11.0,58.0,0.0,1023.0
2024-11-28 14:00:00,11.0,62.0,5.4,1023.0
2024-11-28 15:00:00,9.0,71.0,3.6,1023.8
2024-11-28 16:00:00,6.0,81.0,0.0,1023.0
2024-11-28 17:00:00,6.0,81.0,7.6,1023.0
2024-11-28 18:00:00,4.9,88.0,7.6,1024.6
2024-11-28 19:00:00,4.0,87.0,3.6,1024.6
2024-11-28 20:00:00,5.0,81.0,3.6,1023.0
2024-11-28 21:00:00,4.8,89.0,3.6,1024.3
2024-11-28 22:00:00,3.0,93.0,3.6,1022.0
2024-11-28 23:00:00,4.0,87.0,3.6,1022.0
2024-11-29 00:00:00,4.1,92.0,3.6,1023.2
2024-11-29 01:00:00,4.0,87.0,0.0,1021.0
2024-11-29 02:00:00,3.0,93.0,5.4,1021.0
2024-11-29 03:00:00,3.5,93.0,3.6,1022.1
2024-11-29 04:00:00,3.0,93.0,3.6,1020.0
2024-11-29 05:00:00,3.0,93.0,0.0,1020.0
2024-11-29 06:00:00,4.2,92.0,0.0,1021.5
2024-11-29 07:00:00,5.0,87.0,3.6,1020.0
2024-11-29 08:00:00,5.0,93.0,7.6,1021.0
2024-11-29 09:00:00,5.7,91.0,18.0,1021.8
2024-11-29 10:00:00,4.0,87.0,22.3,1021.0
2024-11-29 11:00:00,3.0,87.0,25.9,1021.0
2024-11-29 12:00:00,2.4,93.0,10.8,1023.6
2024-11-29 13:00:00,2.0,93.0,24.1,1022.0
2024-11-29 14:00:00,2.0,93.0,24.1,1022.0
2024-11-29 15:00:00,1.5,94.0,10.8,1024.3
2024-11-29 16:00:00,1.0,93.0,20.5,1022.0
2024-11-29 17:00:00,1.0,93.0,14.8,1022.0
2024-11-29 18:00:00,0.7,96.0,7.2,1025.1
2024-11-29 19:00:00,1.0,93.0,13.0,1023.0
2024-11-29 20:00:00,1.0,93.0,7.6,1023.0
2024-11-29 21:00:00,1.3,94.0,7.2,1025.1
2024-11-29 22:00:00,1.0,93.0,3.6,1023.0
2024-11-29 23:00:00,1.0,93.0,5.4,1022.0
2024-11-30 00:00:00,1.1,96.0,3.6,1024.6
2024-11-30 01:00:00,0.0,100.0,0.0,1022.0
2024-11-30 02:00:00,0.0,100.0,3.6,1022.0
2024-11-30 03:00:00,0.3,96.0,5.4,1024.8
2024-11-30 04:00:00,0.0,100.0,5.4,1022.0
2024-11-30 05:00:00,0.0,100.0,5.4,1022.0
2024-11-30 06:00:00,0.6,96.0,3.6,1024.7
2024-11-30 07:00:00,0.0,100.0,3.6,1022.0
2024-11-30 08:00:00,0.0,100.0,5.4,1022.0
2024-11-30 09:00:00,1.9,94.0,7.2,1024.7
2024-11-30 10:00:00,2.0,93.0,13.0,1023.0
2024-11-30 11:00:00,2.0,93.0,16.6,1022.0
2024-11-30 12:00:00,2.5,94.0,7.2,1024.2
2024-11-30 13:00:00,2.0,93.0,14.8,1022.0
2024-11-30 14:00:00,2.0,100.0,14.8,1022.0
2024-11-30 15:00:00,3.8,96.0,3.6,1023.9
2024-11-30 16:00:00,3.0,93.0,11.2,1022.0
2024-11-30 17:00:00,4.0,93.0,7.6,1023.0
2024-11-30 18:00:00,5.0,95.0,10.8,1024.3
2024-11-30 19:00:00,6.0,87.0,25.9,1023.0
2024-11-30 20:00:00,6.0,87.0,33.5,1024.0
2024-11-30 21:00:00,5.8,86.0,14.4,1025.0
2024-11-30 22:00:00,6.0,81.0,28.0,1024.0
2024-11-30 23:00:00,6.0,81.0,20.0,1024.0
2024-12-01 00:00:00,5.6,93.0,11.0,1025.4
2024-12-01 01:00:00,5.0,87.0,6.0,1024.0
2024-12-01 02:00:00,5.0,87.0,11.0,1024.0
2024-12-01 03:00:00,4.2,97.0,7.0,1025.6
2024-12-01 04:00:00,4.0,93.0,2.0,1024.0
2024-12-01 05:00:00,4.0,100.0,6.0,1024.0
2024-12-01 06:00:00,3.5,97.0,7.0,1025.7
2024-12-01 07:00:00,3.0,100.0,6.0,1025.0
2024-12-01 08:00:00,4.0,87.0,6.0,1025.0
2024-12-01 09:00:00,3.2,95.0,7.0,1026.4
2024-12-01 10:00:00,4.0,93.0,4.0,1024.0
2024-12-01 11:00:00,4.0,93.0,11.0,1024.0
2024-12-01 12:00:00,3.2,93.0,7.0,1026.4
2024-12-01 13:00:00,4.0,87.0,7.0,1023.0
2024-12-01 14:00:00,4.0,87.0,13.0,1023.0
2024-12-01 15:00:00,2.6,93.0,7.0,1025.6
2024-12-01 16:00:00,3.0,87.0,11.0,1024.0
2024-12-01 17:00:00,3.0,87.0,13.0,1024.0
2024-12-01 18:00:00,2.1,91.0,4.0,1025.8
2024-12-01 19:00:00,3.0,87.0,11.0,1024.0
2024-12-01 20:00:00,2.0,93.0,7.0,1025.0
2024-12-01 21:00:00,0.9,96.0,7.0,1026.9
2024-12-01 22:00:00,2.0,93.0,5.4,1024.0
2024-12-01 23:00:00,2.0,87.0,5.4,1024.0
2024-12-02 00:00:00,1.7,94.0,3.6,1026.1
2024-12-02 01:00:00,2.0,93.0,7.6,1023.0
2024-12-02 02:00:00,2.0,87.0,11.2,1023.0
2024-12-02 03:00:00,1.6,93.0,7.2,1025.7
2024-12-02 04:00:00,1.0,93.0,11.2,1023.0
2024-12-02 05:00:00,1.0,93.0,13.0,1023.0
2024-12-02 06:00:00,1.5,96.0,7.2,1025.9
2024-12-02 07:00:00,2.0,93.0,9.4,1024.0
2024-12-02 08:00:00,3.0,93.0,11.2,1024.0
2024-12-02 09:00:00,3.7,89.0,7.2,1025.5
2024-12-02 10:00:00,5.0,81.0,13.0,1023.0
2024-12-02 11:00:00,6.0,76.0,18.4,1023.0
2024-12-02 12:00:00,5.0,83.0,7.2,1024.1
2024-12-02 13:00:00,5.0,75.0,11.2,1022.0
2024-12-02 14:00:00,5.0,75.0,9.4,1022.0
2024-12-02 15:00:00,4.3,84.0,7.2,1023.7
2024-12-02 16:00:00,4.0,81.0,5.4,1022.0
2024-12-02 17:00:00,4.0,87.0,7.6,1022.0
2024-12-02 18:00:00,3.0,88.0,7.2,1024.1
2024-12-02 19:00:00,3.0,87.0,11.2,1022.0
2024-12-02 20:00:00,3.0,87.0,11.2,1021.0
2024-12-02 21:00:00,2.8,91.0,7.2,1023.7
2024-12-02 22:00:00,3.0,93.0,18.4,1021.0
2024-12-02 23:00:00,3.0,93.0,16.6,1020.0
2024-12-03 00:00:00,3.0,93.0,7.2,1022.6
2024-12-03 01:00:00,3.0,93.0,14.8,1020.0
2024-12-03 02:00:00,3.0,93.0,16.6,1019.0
2024-12-03 03:00:00,2.8,96.0,3.6,1021.3
2024-12-03 04:00:00,3.0,93.0,11.2,1019.0
2024-12-03 05:00:00,4.0,87.0,16.6,1019.0
2024-12-03 06:00:00,3.2,93.0,7.2,1021.0
2024-12-03 07:00:00,4.0,87.0,13.0,1019.0
2024-12-03 08:00:00,5.0,81.0,16.6,1019.0
2024-12-03 09:00:00,4.8,84.0,7.2,1020.5
2024-12-03 10:00:00,5.0,81.0,20.5,1018.0
2024-12-03 11:00:00,6.0,76.0,18.4,1018.0
2024-12-03 12:00:00,5.2,82.0,7.2,1019.2
2024-12-03 13:00:00,6.0,76.0,16.6,1017.0
2024-12-03 14:00:00,6.0,76.0,16.6,1017.0
2024-12-03 15:00:00,4.9,84.0,3.6,1019.1
2024-12-03 16:00:00,5.0,81.0,15.0,1018.0
2024-12-03 17:00:00,4.0,87.0,13.0,1018.0
2024-12-03 18:00:00,4.4,89.0,4.0,1019.5
2024-12-03 19:00:00,3.0,87.0,13.0,1018.0
2024-12-03 20:00:00,3.0,87.0,9.0,1018.0
2024-12-03 21:00:00,2.6,95.0,0.0,1020.1
2024-12-03 22:00:00,4.0,87.0,7.6,1018.0
2024-12-03 23:00:00,4.0,87.0,7.0,1018.0
2024-12-04 00:00:00,3.0,95.0,3.6,1019.9
2024-12-04 01:00:00,4.0,87.0,0.0,1018.0
2024-12-04 02:00:00,4.0,87.0,5.4,1018.0
2024-12-04 03:00:00,3.1,93.0,3.6,1020.0
2024-12-04 04:00:00,3.0,93.0,5.4,1018.0
2024-12-04 05:00:00,4.0,87.0,7.6,1018.0
2024-12-04 06:00:00,2.8,93.0,5.4,1020.1
2024-12-04 07:00:00,4.0,87.0,7.6,1019.0
2024-12-04 08:00:00,4.0,93.0,5.4,1019.0
2024-12-04 09:00:00,4.4,86.0,7.6,1020.8
2024-12-04 10:00:00,5.0,81.0,9.4,1019.0
2024-12-04 11:00:00,6.0,81.0,9.4,1019.0
2024-12-04 12:00:00,6.1,78.0,3.6,1019.9
2024-12-04 13:00:00,7.0,76.0,7.6,1019.0
2024-12-04 14:00:00,7.0,76.0,11.2,1019.0
2024-12-04 15:00:00,6.4,81.0,3.6,1020.1
2024-12-04 16:00:00,6.0,81.0,14.8,1020.0
2024-12-04 17:00:00,5.0,87.0,13.0,1020.0
2024-12-04 18:00:00,5.2,83.0,7.2,1021.9
2024-12-04 19:00:00,5.0,87.0,16.6,1021.0
2024-12-04 20:00:00,5.0,87.0,16.6,1021.0
2024-12-04 21:00:00,4.1,91.0,3.6,1022.9
2024-12-04 22:00:00,5.0,81.0,11.2,1021.0
2024-12-04 23:00:00,5.0,87.0,16.6,1022.0
2024-12-05 00:00:00,4.6,86.0,3.6,1023.1
2024-12-05 01:00:00,5.0,87.0,16.6,1022.0
2024-12-05 02:00:00,5.0,87.0,22.3,1022.0
2024-12-05 03:00:00,4.3,91.0,7.2,1023.3
2024-12-05 04:00:00,5.0,87.0,14.8,1022.0
2024-12-05 05:00:00,4.0,87.0,18.4,1022.0
2024-12-05 06:00:00,4.4,88.0,7.2,1023.6
2024-12-05 07:00:00,5.0,87.0,16.6,1023.0
2024-12-05 08:00:00,5.0,87.0,20.5,1023.0
2024-12-05 09:00:00,4.6,89.0,10.8,1024.3
2024-12-05 10:00:00,5.0,87.0,20.5,1023.0
2024-12-05 11:00:00,5.0,87.0,18.4,1023.0
2024-12-05 12:00:00,4.7,86.0,7.2,1023.9
2024-12-05 13:00:00,5.0,81.0,20.5,1022.0
2024-12-05 14:00:00,5.0,81.0,18.4,1023.0
2024-12-05 15:00:00,4.6,84.0,7.2,1024.2
2024-12-05 16:00:00,5.0,81.0,16.6,1023.0
2024-12-05 17:00:00,5.0,81.0,18.4,1023.0
2024-12-05 18:00:00,4.5,83.0,10.8,1024.5
2024-12-05 19:00:00,5.0,81.0,24.1,1023.0
2024-12-05 20:00:00,5.0,87.0,22.3,1023.0
2024-12-05 21:00:00,4.2,91.0,7.2,1024.5
2024-12-05 22:00:00,5.0,81.0,22.3,1023.0
2024-12-05 23:00:00,4.0,87.0,22.3,1023.0
2024-12-06 00:00:00,3.8,87.0,7.2,1024.5
2024-12-06 01:00:00,4.0,87.0,25.9,1022.0
2024-12-06 02:00:00,3.0,93.0,25.9,1022.0
2024-12-06 03:00:00,3.1,90.0,7.2,1023.5
2024-12-06 04:00:00,3.0,93.0,24.1,1021.0
2024-12-06 05:00:00,3.0,93.0,25.9,1021.0
2024-12-06 06:00:00,3.1,92.0,7.2,1023.0
2024-12-06 07:00:00,4.0,87.0,24.1,1021.0
2024-12-06 08:00:00,4.0,87.0,24.1,1020.0
2024-12-06 09:00:00,4.3,88.0,7.2,1021.9
2024-12-06 10:00:00,5.0,81.0,27.7,1019.0
2024-12-06 11:00:00,5.0,87.0,27.7,1018.0
2024-12-06 12:00:00,5.4,80.0,7.2,1019.3
2024-12-06 13:00:00,5.0,81.0,22.3,1017.0
2024-12-06 14:00:00,5.0,87.0,24.1,1017.0
2024-12-06 15:00:00,4.9,84.0,7.2,1018.4
2024-12-06 16:00:00,4.0,87.0,22.3,1016.0
2024-12-06 17:00:00,4.0,87.0,20.5,1016.0
2024-12-06 18:00:00,4.3,91.0,3.6,1018.1
2024-12-06 19:00:00,4.0,93.0,16.6,1016.0
2024-12-06 20:00:00,4.0,93.0,25.9,1015.0
2024-12-06 21:00:00,4.1,92.0,3.6,1017.0
2024-12-06 22:00:00,4.0,93.0,25.9,1014.0
2024-12-06 23:00:00,4.0,93.0,27.7,1013.0
2024-12-07 00:00:00,3.8,92.0,3.6,1015.3
2024-12-07 01:00:00,5.0,87.0,29.5,1013.0
2024-12-07 02:00:00,5.0,87.0,25.9,1012.0
2024-12-07 03:00:00,4.0,94.0,3.6,1013.7
2024-12-07 04:00:00,5.0,93.0,18.4,1012.0
2024-12-07 05:00:00,5.0,93.0,7.6,1012.0
2024-12-07 06:00:00,3.2,95.0,10.8,1014.3
2024-12-07 07:00:00,3.0,93.0,20.5,1013.0
2024-12-07 08:00:00,3.0,87.0,20.5,1014.0
2024-12-07 09:00:00,1.2,96.0,10.8,1016.2
2024-12-07 10:00:00,1.0,93.0,18.4,1014.0
2024-12-07 11:00:00,1.0,93.0,14.8,1015.6
2024-12-07 12:00:00,1.1,96.0,10.8,1015.1
2024-12-07 13:00:00,2.0,93.0,13.0,1015.0
2024-12-07 14:00:00,2.0,93.0,16.6,1014.7
2024-12-07 15:00:00,1.6,94.0,10.8,1014.4
2024-12-07 16:00:00,2.0,87.0,14.8,1011.0
2024-12-07 17:00:00,2.0,87.0,16.6,1014.1
2024-12-07 18:00:00,1.5,91.0,10.8,1013.9
2024-12-07 19:00:00,2.0,87.0,11.2,1013.8
2024-12-07 20:00:00,2.0,87.0,11.2,1013.6
2024-12-07 21:00:00,1.3,89.0,7.2,1012.7
2024-12-07 22:00:00,2.0,87.0,7.6,1013.3
2024-12-07 23:00:00,1.0,86.0,7.6,1013.1
2024-12-08 00:00:00,0.9,89.0,3.6,1012.0
2024-12-08 01:00:00,1.0,86.0,13.0,1012.9
2024-12-08 02:00:00,1.0,86.0,9.4,1012.9
2024-12-08 03:00:00,0.3,90.0,3.6,1012.2
2024-12-08 04:00:00,1.0,80.0,0.0,1012.8
2024-12-08 05:00:00,1.0,86.0,3.6,1012.7
2024-12-08 06:00:00,0.1,90.0,3.6,1012.3
2024-12-08 07:00:00,0.0,86.0,3.6,1012.5
2024-12-08 08:00:00,0.0,93.0,5.4,1012.5
2024-12-08 09:00:00,0.3,90.0,3.6,1012.2
2024-12-08 10:00:00,0.0,93.0,1.8,1012.2
2024-12-08 11:00:00,1.0,86.0,7.6,1011.7
2024-12-08 12:00:00,0.5,90.0,3.6,1012.2
2024-12-08 13:00:00,2.0,87.0,5.4,1010.9
2024-12-08 14:00:00,2.0,87.0,3.6,1010.6
2024-12-08 15:00:00,0.9,92.0,3.6,1011.4
2024-12-08 16:00:00,1.0,93.0,7.6,1010.2
2024-12-08 17:00:00,1.0,93.0,9.4,1010.1
2024-12-08 18:00:00,0.7,96.0,3.6,1010.6
2024-12-08 19:00:00,3.0,93.0,9.4,1009.7
2024-12-08 20:00:00,5.0,87.0,5.4,1009.5
2024-12-08 21:00:00,3.9,96.0,3.6,1009.2
2024-12-08 22:00:00,5.0,93.0,11.2,1009.2
2024-12-08 23:00:00,4.0,93.0,5.4,1009.0
2024-12-09 00:00:00,4.4,97.0,3.6,1008.8
2024-12-09 01:00:00,3.0,100.0,16.6,1009.1
2024-12-09 02:00:00,4.0,93.0,5.4,1009.4
2024-12-09 03:00:00,4.0,96.0,3.6,1009.4
2024-12-09 04:00:00,4.0,93.0,14.8,1010.0
2024-12-09 05:00:00,4.0,93.0,7.6,1010.4
2024-12-09 06:00:00,3.8,95.0,3.6,1011.7
2024-12-09 07:00:00,5.0,87.0,7.6,1011.2
2024-12-09 08:00:00,5.0,93.0,5.4,1011.6
2024-12-09 09:00:00,5.5,89.0,11.2,1012.5
2024-12-09 10:00:00,6.0,87.0,11.2,1012.1
2024-12-09 11:00:00,7.0,81.0,13.0,1012.1
2024-12-09 12:00:00,6.6,84.0,3.6,1012.6
2024-12-09 13:00:00,9.0,71.0,7.6,1012.6
2024-12-09 14:00:00,9.0,76.0,0.0,1013.0
2024-12-09 15:00:00,6.7,88.0,3.6,1013.6
2024-12-09 16:00:00,4.0,93.0,5.4,1014.1
2024-12-09 17:00:00,4.0,87.0,5.4,1014.9
2024-12-09 18:00:00,4.8,99.0,3.6,1014.9
2024-12-09 19:00:00,4.0,93.0,3.6,1016.3
2024-12-09 20:00:00,4.0,93.0,5.4,1016.9
2024-12-09 21:00:00,4.6,94.0,3.6,1016.4
2024-12-09 22:00:00,3.0,100.0,5.4,1017.8
2024-12-09 23:00:00,4.0,93.0,7.6,1018.1
2024-12-10 00:00:00,4.2,94.0,3.6,1016.9
2024-12-10 01:00:00,4.0,93.0,3.6,1018.7
2024-12-10 02:00:00,4.0,93.0,9.4,1018.9
2024-12-10 03:00:00,4.2,97.0,7.2,1016.5
2024-12-10 04:00:00,4.0,100.0,3.6,1019.5
2024-12-10 05:00:00,5.0,93.0,11.2,1020.0
2024-12-10 06:00:00,5.0,97.0,3.6,1017.0
2024-12-10 07:00:00,5.0,93.0,3.6,1020.5
2024-12-10 08:00:00,7.0,93.0,11.2,1020.6
2024-12-10 09:00:00,7.0,90.0,3.6,1018.2
2024-12-10 10:00:00,9.0,76.0,9.4,1020.5
2024-12-10 11:00:00,9.0,76.0,5.4,1020.2
2024-12-10 12:00:00,8.4,80.0,7.2,1017.5
2024-12-10 13:00:00,8.0,81.0,11.2,1019.9
2024-12-10 14:00:00,8.0,81.0,9.4,1019.9
2024-12-10 15:00:00,7.2,85.0,3.6,1018.5
2024-12-10 16:00:00,7.0,81.0,9.4,1020.3
2024-12-10 17:00:00,6.0,87.0,11.2,1020.8
2024-12-10 18:00:00,6.3,87.0,7.2,1019.0
2024-12-10 19:00:00,6.0,87.0,11.2,1021.4
2024-12-10 20:00:00,5.0,93.0,11.2,1021.5
2024-12-10 21:00:00,5.2,91.0,7.2,1020.3
2024-12-10 22:00:00,5.0,87.0,11.2,1021.7
2024-12-10 23:00:00,5.0,87.0,7.6,1021.8
2024-12-11 00:00:00,4.9,89.0,7.2,1020.6
2024-12-11 01:00:00,4.0,100.0,7.6,1021.9
2024-12-11 02:00:00,4.0,93.0,13.0,1021.9
2024-12-11 03:00:00,4.5,88.0,7.2,1021.3
2024-12-11 04:00:00,4.0,93.0,11.2,1022.3
2024-12-11 05:00:00,3.0,93.0,5.4,1022.8
2024-12-11 06:00:00,3.3,92.0,3.6,1022.5
2024-12-11 07:00:00,4.0,87.0,13.0,1023.6
2024-12-11 08:00:00,5.0,81.0,7.6,1023.9
2024-12-11 09:00:00,4.5,84.0,3.6,1023.4
2024-12-11 10:00:00,6.0,76.0,3.6,1024.4
2024-12-11 11:00:00,6.0,76.0,3.6,1024.5
2024-12-11 12:00:00,5.5,69.0,3.6,1022.9
2024-12-11 13:00:00,6.0,81.0,5.4,1024.9
2024-12-11 14:00:00,6.0,81.0,0.0,1025.1
2024-12-11 15:00:00,5.6,85.0,3.6,1022.8
2024-12-11 16:00:00,5.0,93.0,13.0,1025.8
2024-12-11 17:00:00,5.0,93.0,9.4,1026.4
2024-12-11 18:00:00,5.1,86.0,7.2,1023.8
2024-12-11 19:00:00,5.0,87.0,16.6,1027.2
2024-12-11 20:00:00,5.0,81.0,13.0,1027.5
2024-12-11 21:00:00,4.1,87.0,3.6,1025.1
2024-12-11 22:00:00,4.0,87.0,11.2,1028.2
2024-12-11 23:00:00,4.0,87.0,13.0,1028.5
2024-12-12 00:00:00,4.1,84.0,10.8,1025.3
2024-12-12 01:00:00,4.0,87.0,16.6,1028.9
2024-12-12 02:00:00,4.0,81.0,20.5,1029.0
2024-12-12 03:00:00,3.8,81.0,14.4,1025.6
2024-12-12 04:00:00,4.0,81.0,24.1,1029.4
2024-12-12 05:00:00,4.0,75.0,24.1,1029.9
2024-12-12 06:00:00,3.6,77.0,10.8,1026.3
2024-12-12 07:00:00,4.0,75.0,22.3,1030.5
2024-12-12 08:00:00,3.0,81.0,20.5,1030.6
2024-12-12 09:00:00,2.7,76.0,14.4,1028.4
2024-12-12 10:00:00,3.0,70.0,31.7,1030.4
2024-12-12 11:00:00,3.0,70.0,27.7,1030.1
2024-12-12 12:00:00,2.9,73.0,10.8,1028.0
2024-12-12 13:00:00,3.0,75.0,24.1,1029.9
2024-12-12 14:00:00,2.0,75.0,22.3,1030.2
2024-12-12 15:00:00,1.8,77.0,10.8,1028.8
2024-12-12 16:00:00,2.0,70.0,20.5,1030.9
2024-12-12 17:00:00,2.0,70.0,22.3,1031.3
2024-12-12 18:00:00,1.2,75.0,10.8,1029.8
2024-12-12 19:00:00,1.0,75.0,16.6,1032.2
2024-12-12 20:00:00,1.0,75.0,16.6,1032.7
2024-12-12 21:00:00,0.8,77.0,7.2,1030.1
2024-12-12 22:00:00,1.0,75.0,18.4,1033.3
2024-12-12 23:00:00,1.0,75.0,18.4,1033.3
2024-12-13 00:00:00,0.6,77.0,7.2,1030.3
2024-12-13 01:00:00,1.0,75.0,24.1,1033.6
2024-12-13 02:00:00,1.0,75.0,22.3,1033.9
2024-12-13 03:00:00,0.4,79.0,7.2,1030.6
2024-12-13 04:00:00,1.0,75.0,20.5,1034.3
2024-12-13 05:00:00,1.0,75.0,22.3,1034.6
2024-12-13 06:00:00,0.5,77.0,10.8,1031.2
2024-12-13 07:00:00,1.0,75.0,20.5,1034.6
2024-12-13 08:00:00,1.0,75.0,20.5,1034.4
2024-12-13 09:00:00,1.2,75.0,7.2,1033.6
2024-12-13 10:00:00,2.0,70.0,18.4,1031.0
2024-12-13 11:00:00,2.0,70.0,14.8,1031.0
2024-12-13 12:00:00,2.2,72.0,7.2,1032.8
2024-12-13 13:00:00,3.0,65.0,7.6,1031.0
2024-12-13 14:00:00,3.0,65.0,9.4,1031.0
2024-12-13 15:00:00,1.4,78.0,3.6,1033.4
2024-12-13 16:00:00,-1.0,86.0,5.4,1032.0
2024-12-13 17:00:00,-1.0,80.0,5.4,1033.0
2024-12-13 18:00:00,-2.0,90.0,3.6,1036.2
2024-12-13 19:00:00,-1.0,86.0,7.6,1033.0
2024-12-13 20:00:00,-1.0,93.0,9.4,1033.0
2024-12-13 21:00:00,-1.7,94.0,3.6,1036.2
2024-12-13 22:00:00,-1.0,93.0,11.2,1033.0
2024-12-13 23:00:00,1.0,86.0,22.3,1032.0
2024-12-14 00:00:00,0.4,86.0,3.6,1034.9
2024-12-14 01:00:00,1.0,86.0,20.5,1032.0
2024-12-14 02:00:00,1.0,80.0,16.6,1031.0
2024-12-14 03:00:00,-0.1,92.0,22.3,1033.3
2024-12-14 04:00:00,1.0,86.0,20.5,1030.0
2024-12-14 05:00:00,1.0,80.0,18.4,1030.0
2024-12-14 06:00:00,-0.8,93.0,3.6,1032.5
2024-12-14 07:00:00,1.0,86.0,18.4,1029.0
2024-12-14 08:00:00,2.0,80.0,14.8,1029.0
2024-12-14 09:00:00,1.8,66.0,3.6,1030.6
2024-12-14 10:00:00,4.0,75.0,20.5,1026.0
2024-12-14 11:00:00,4.0,70.0,24.1,1026.0
2024-12-14 12:00:00,3.5,74.0,7.2,1028.2
2024-12-14 13:00:00,3.0,75.0,27.7,1023.0
2024-12-14 14:00:00,2.0,80.0,20.5,1022.0
2024-12-14 15:00:00,2.0,91.0,3.6,1025.1
2024-12-14 16:00:00,2.0,87.0,14.8,1022.0
2024-12-14 17:00:00,2.0,87.0,9.4,1021.0
2024-12-14 18:00:00,1.2,96.0,7.2,1023.2
2024-12-14 19:00:00,2.0,87.0,7.6,1020.0
2024-12-14 20:00:00,1.0,93.0,7.6,1019.0
2024-12-14 21:00:00,1.1,96.0,3.6,1021.9
2024-12-14 22:00:00,1.0,93.0,5.4,1019.0
2024-12-14 23:00:00,1.0,93.0,0.0,1018.0
2024-12-15 00:00:00,0.7,96.0,7.6,1020.0
2024-12-15 01:00:00,0.0,93.0,3.6,1017.0
2024-12-15 02:00:00,-1.0,100.0,5.4,1017.0
2024-12-15 03:00:00,1.3,96.0,1.8,1019.2
2024-12-15 04:00:00,0.0,100.0,5.4,1017.0
2024-12-15 05:00:00,1.0,93.0,3.6,1017.0
2024-12-15 06:00:00,1.4,96.0,5.4,1020.0
2024-12-15 07:00:00,2.0,93.0,1.8,1018.0
2024-12-15 08:00:00,2.0,93.0,3.6,1019.0
2024-12-15 09:00:00,4.6,91.0,7.2,1020.4
2024-12-15 10:00:00,5.0,87.0,22.3,1019.0
2024-12-15 11:00:00,5.0,81.0,20.5,1019.0
2024-12-15 12:00:00,4.6,80.0,18.0,1021.1
2024-12-15 13:00:00,5.0,70.0,25.9,1020.0
2024-12-15 14:00:00,5.0,70.0,24.1,1021.0
2024-12-15 15:00:00,3.8,69.0,14.4,1023.0
2024-12-15 16:00:00,4.0,70.0,20.5,1022.0
2024-12-15 17:00:00,3.0,70.0,22.3,1024.0
2024-12-15 18:00:00,3.0,70.0,18.0,1025.4
2024-12-15 19:00:00,2.0,75.0,24.1,1025.0
2024-12-15 20:00:00,2.0,75.0,22.3,1026.0
2024-12-15 21:00:00,1.8,75.0,14.4,1028.4
2024-12-15 22:00:00,2.0,75.0,18.4,1027.0
2024-12-15 23:00:00,2.0,75.0,13.0,1028.0
2024-12-16 00:00:00,2.3,72.0,10.8,1029.7
2024-12-16 01:00:00,2.0,75.0,14.8,1029.0
2024-12-16 02:00:00,2.0,75.0,14.8,1028.0
2024-12-16 03:00:00,2.0,72.0,14.4,1030.6
2024-12-16 04:00:00,1.0,80.0,14.8,1029.0
2024-12-16 05:00:00,1.0,75.0,16.6,1029.0
2024-12-16 06:00:00,0.8,76.0,7.2,1032.4
2024-12-16 07:00:00,1.0,75.0,5.4,1031.0
2024-12-16 08:00:00,3.0,65.0,22.3,1031.0
2024-12-16 09:00:00,3.6,60.0,10.8,1033.0
2024-12-16 10:00:00,4.0,60.0,25.9,1031.0
2024-12-16 11:00:00,5.0,56.0,25.9,1031.0
2024-12-16 12:00:00,4.9,58.0,14.4,1032.2
2024-12-16 13:00:00,6.0,56.0,27.7,1030.0
2024-12-16 14:00:00,6.0,56.0,24.1,1030.0
2024-12-16 15:00:00,5.0,61.0,10.8,1031.1
2024-12-16 16:00:00,5.0,61.0,20.5,1030.0
2024-12-16 17:00:00,5.0,61.0,20.5,1030.0
2024-12-16 18:00:00,5.3,65.0,10.8,1031.8
2024-12-16 19:00:00,1.0,80.0,7.6,1031.0
2024-12-16 20:00:00,2.0,75.0,7.6,1031.0
2024-12-16 21:00:00,3.4,75.0,3.6,1032.5
2024-12-16 22:00:00,0.0,86.0,7.6,1031.0
2024-12-16 23:00:00,-1.0,93.0,0.0,1031.0
2024-12-17 00:00:00,-0.1,90.0,3.6,1033.6
2024-12-17 01:00:00,0.0,86.0,3.6,1031.0
2024-12-17 02:00:00,0.0,86.0,5.4,1031.0
2024-12-17 03:00:00,-1.1,94.0,3.6,1033.5
2024-12-17 04:00:00,-2.0,93.0,1.8,1031.0
2024-12-17 05:00:00,-2.0,93.0,9.4,1030.0
2024-12-17 06:00:00,-0.2,94.0,5.4,1032.9
2024-12-17 07:00:00,0.0,86.0,3.6,1030.0
2024-12-17 08:00:00,3.0,75.0,1.8,1030.0
2024-12-17 09:00:00,6.0,73.0,3.6,1031.1
2024-12-17 10:00:00,8.0,61.0,5.4,1029.0
2024-12-17 11:00:00,10.0,58.0,5.4,1028.0
2024-12-17 12:00:00,9.8,63.0,7.2,1027.3
2024-12-17 13:00:00,12.0,54.0,3.6,1026.0
2024-12-17 14:00:00,12.0,58.0,7.6,1026.0
2024-12-17 15:00:00,9.8,69.0,3.6,1026.2
2024-12-17 16:00:00,7.0,76.0,5.4,1026.0
2024-12-17 17:00:00,5.0,81.0,7.6,1026.0
2024-12-17 18:00:00,6.0,79.0,3.6,1027.3
2024-12-17 19:00:00,3.0,93.0,5.4,1027.0
2024-12-17 20:00:00,5.0,81.0,5.4,1027.0
2024-12-17 21:00:00,6.1,79.0,7.2,1028.0
2024-12-17 22:00:00,4.0,81.0,5.4,1027.0
2024-12-17 23:00:00,1.0,93.0,9.4,1027.0
2024-12-18 00:00:00,8.9,60.0,7.2,1027.7
2024-12-18 01:00:00,1.0,86.0,9.4,1027.0
2024-12-18 02:00:00,0.0,86.0,1.8,1027.0
2024-12-18 03:00:00,2.0,88.0,3.6,1029.5
2024-12-18 04:00:00,-1.0,93.0,7.6,1027.0
2024-12-18 05:00:00,-1.0,93.0,1.8,1027.0
2024-12-18 06:00:00,1.2,92.0,3.6,1029.7
2024-12-18 07:00:00,0.0,86.0,3.6,1028.0
2024-12-18 08:00:00,3.0,87.0,3.6,1028.0
2024-12-18 09:00:00,6.6,73.0,4.0,1028.6
2024-12-18 10:00:00,9.0,62.0,4.0,1027.0
2024-12-18 11:00:00,11.0,58.0,4.0,1026.0
2024-12-18 12:00:00,10.8,59.0,4.0,1026.2
2024-12-18 13:00:00,12.0,58.0,4.0,1024.0
2024-12-18 14:00:00,12.0,58.0,5.4,1024.0
2024-12-18 15:00:00,10.5,66.0,7.6,1024.3
2024-12-18 16:00:00,7.0,70.0,11.2,1024.0
2024-12-18 17:00:00,7.0,70.0,7.6,1024.0
2024-12-18 18:00:00,5.4,82.0,3.6,1025.8
2024-12-18 19:00:00,3.0,87.0,11.2,1024.0
2024-12-18 20:00:00,2.0,93.0,5.4,1024.0
2024-12-18 21:00:00,3.0,87.0,3.6,1025.7
2024-12-18 22:00:00,1.0,93.0,5.4,1023.0
2024-12-18 23:00:00,-1.0,100.0,5.4,1023.0
2024-12-19 00:00:00,3.5,80.0,7.2,1024.8
2024-12-19 01:00:00,-1.0,100.0,3.6,1022.0
2024-12-19 02:00:00,-2.0,100.0,7.6,1022.0
2024-12-19 03:00:00,1.0,91.0,3.6,1024.4
2024-12-19 04:00:00,-2.0,100.0,0.0,1021.0
2024-12-19 05:00:00,-3.0,93.0,3.6,1021.0
2024-12-19 06:00:00,0.4,92.0,3.6,1023.6
2024-12-19 07:00:00,-1.0,93.0,0.0,1021.0
2024-12-19 08:00:00,1.0,86.0,3.6,1020.0
2024-12-19 09:00:00,3.6,82.0,3.6,1021.9
2024-12-19 10:00:00,5.0,81.0,5.4,1018.0
2024-12-19 11:00:00,7.0,70.0,3.6,1016.0
2024-12-19 12:00:00,9.1,66.0,3.6,1016.4
2024-12-19 13:00:00,10.0,58.0,3.6,1014.0
2024-12-19 14:00:00,10.0,58.0,1.8,1014.0
2024-12-19 15:00:00,7.7,69.0,3.6,1014.5
2024-12-19 16:00:00,4.0,87.0,5.4,1013.0
2024-12-19 17:00:00,4.0,81.0,0.0,1012.0
2024-12-19 18:00:00,3.5,82.0,3.6,1014.8
2024-12-19 19:00:00,1.0,86.0,0.0,1012.0
2024-12-19 20:00:00,-1.0,100.0,7.6,1012.0
2024-12-19 21:00:00,1.2,87.0,3.6,1014.1
2024-12-19 22:00:00,-2.0,93.0,0.0,1011.0
2024-12-19 23:00:00,-2.0,93.0,0.0,1010.0
2024-12-20 00:00:00,0.9,85.0,3.6,1012.9
2024-12-20 01:00:00,-3.0,93.0,3.6,1010.0
2024-12-20 02:00:00,-3.0,93.0,7.6,1009.0
2024-12-20 03:00:00,-0.2,88.0,3.6,1012.3
2024-12-20 04:00:00,-4.0,100.0,3.6,1009.0
2024-12-20 05:00:00,-3.0,100.0,3.6,1009.0
2024-12-20 06:00:00,-0.9,94.0,3.6,1012.4
2024-12-20 07:00:00,-2.0,100.0,5.4,1009.0
2024-12-20 08:00:00,-1.0,93.0,0.0,1009.0
2024-12-20 09:00:00,3.0,70.0,3.6,1010.9
2024-12-20 10:00:00,3.0,87.0,1.8,1008.0
2024-12-20 11:00:00,4.0,81.0,5.4,1008.0
2024-12-20 12:00:00,5.0,79.0,3.6,1008.9
2024-12-20 13:00:00,6.0,76.0,5.4,1007.0
2024-12-20 14:00:00,6.0,70.0,1.8,1007.0
2024-12-20 15:00:00,5.9,77.0,3.6,1008.1
2024-12-20 16:00:00,5.0,81.0,5.4,1007.0
2024-12-20 17:00:00,4.0,81.0,0.0,1007.0
2024-12-20 18:00:00,4.4,89.0,3.6,1008.6
2024-12-20 19:00:00,4.0,93.0,3.6,1007.0
2024-12-20 20:00:00,4.0,93.0,5.4,1007.0
2024-12-20 21:00:00,4.2,95.0,3.6,1009.2
2024-12-20 22:00:00,4.0,93.0,3.6,1008.0
2024-12-20 23:00:00,4.0,93.0,5.4,1008.0
2024-12-21 00:00:00,4.5,97.0,3.6,1009.6
2024-12-21 01:00:00,4.0,100.0,5.4,1008.0
2024-12-21 02:00:00,4.0,93.0,16.6,1008.0
2024-12-21 03:00:00,3.6,93.0,14.4,1009.8
2024-12-21 04:00:00,3.0,87.0,29.5,1008.0
2024-12-21 05:00:00,3.0,87.0,22.3,1008.0
2024-12-21 06:00:00,1.7,89.0,14.4,1010.8
2024-12-21 07:00:00,2.0,87.0,27.7,1009.0
2024-12-21 08:00:00,2.0,80.0,24.1,1010.0
2024-12-21 09:00:00,0.6,94.0,14.4,1013.0
2024-12-21 10:00:00,0.0,100.0,27.7,1011.0
2024-12-21 11:00:00,0.0,100.0,25.9,1011.0
2024-12-21 12:00:00,0.2,98.0,14.4,1014.0
2024-12-21 13:00:00,2.0,87.0,22.3,1013.0
2024-12-21 14:00:00,2.0,87.0,18.4,1014.0
2024-12-21 15:00:00,0.3,96.0,14.4,1016.7
2024-12-21 16:00:00,1.0,86.0,24.1,1016.0
2024-12-21 17:00:00,1.0,86.0,22.3,1016.0
2024-12-21 18:00:00,0.2,94.0,10.8,1019.4
2024-12-21 19:00:00,1.0,86.0,20.5,1017.0
2024-12-21 20:00:00,0.0,93.0,25.9,1017.0
2024-12-21 21:00:00,-0.2,100.0,14.4,1019.9
2024-12-21 22:00:00,1.0,80.0,29.5,1017.0
2024-12-21 23:00:00,1.0,80.0,22.3,1017.0
2024-12-22 00:00:00,0.2,88.0,10.8,1019.7
2024-12-22 01:00:00,1.0,80.0,20.5,1017.0
2024-12-22 02:00:00,1.0,80.0,16.6,1017.0
2024-12-22 03:00:00,0.2,84.0,7.2,1019.4
2024-12-22 04:00:00,1.0,75.0,20.5,1017.0
2024-12-22 05:00:00,0.0,80.0,16.6,1016.0
2024-12-22 06:00:00,-0.3,88.0,3.6,1019.3
2024-12-22 07:00:00,0.0,80.0,16.6,1016.0
2024-12-22 08:00:00,0.0,74.0,13.0,1016.0
2024-12-22 09:00:00,0.1,81.0,7.2,1018.9
2024-12-22 10:00:00,1.0,75.0,11.2,1015.0
2024-12-22 11:00:00,2.0,70.0,7.6,1014.0
2024-12-22 12:00:00,0.8,80.0,7.2,1016.0
2024-12-22 13:00:00,3.0,65.0,7.6,1012.0
2024-12-22 14:00:00,2.0,70.0,5.4,1012.0
2024-12-22 15:00:00,0.5,87.0,3.6,1014.1
2024-12-22 16:00:00,0.0,80.0,1.8,1011.0
2024-12-22 17:00:00,-1.0,93.0,9.4,1010.0
2024-12-22 18:00:00,-2.5,96.0,3.6,1013.6
2024-12-22 19:00:00,-2.0,93.0,5.4,1010.0
2024-12-22 20:00:00,-3.0,93.0,1.8,1010.0
2024-12-22 21:00:00,-3.7,98.0,0.0,1013.6
2024-12-22 22:00:00,-3.0,93.0,7.6,1009.0
2024-12-22 23:00:00,-5.0,93.0,5.4,1008.0
2024-12-23 00:00:00,-2.7,94.0,3.6,1010.7
2024-12-23 01:00:00,-5.0,93.0,5.4,1007.0
2024-12-23 02:00:00,-6.0,100.0,5.4,1006.0
2024-12-23 03:00:00,-4.3,98.0,3.6,1009.3
2024-12-23 04:00:00,-5.0,93.0,0.0,1005.0
2024-12-23 05:00:00,-5.0,93.0,3.6,1004.0
2024-12-23 06:00:00,-4.1,98.0,3.6,1008.4
2024-12-23 07:00:00,-4.0,93.0,7.6,1004.0
2024-12-23 08:00:00,-2.0,93.0,5.4,1004.0
2024-12-23 09:00:00,-1.2,90.0,3.6,1006.8
2024-12-23 10:00:00,1.0,80.0,16.6,1003.0
2024-12-23 11:00:00,3.0,75.0,24.1,1002.0
2024-12-23 12:00:00,3.0,65.0,29.5,1004.0
2024-12-23 13:00:00,3.0,70.0,24.1,1000.0
2024-12-23 14:00:00,3.0,70.0,29.5,999.0
2024-12-23 15:00:00,1.6,82.0,7.2,1003.9
2024-12-23 16:00:00,2.0,80.0,20.5,998.0
2024-12-23 17:00:00,2.0,80.0,25.9,998.0
2024-12-23 18:00:00,1.8,84.0,7.2,1000.2
2024-12-23 19:00:00,3.0,81.0,18.4,998.0
2024-12-23 20:00:00,3.0,81.0,16.6,998.0
2024-12-23 21:00:00,2.2,88.0,3.6,999.5
2024-12-23 22:00:00,3.0,87.0,5.4,997.0
2024-12-23 23:00:00,3.0,93.0,9.4,996.0
2024-12-24 00:00:00,2.6,95.0,3.6,998.6
2024-12-24 01:00:00,2.0,87.0,7.6,997.0
2024-12-24 02:00:00,2.0,93.0,3.6,996.0
2024-12-24 03:00:00,1.8,94.0,7.6,999.0
2024-12-24 04:00:00,2.0,93.0,3.6,997.0
2024-12-24 05:00:00,2.0,93.0,9.4,998.0
2024-12-24 06:00:00,1.8,96.0,3.6,1000.3
2024-12-24 07:00:00,2.0,93.0,16.6,1000.0
2024-12-24 08:00:00,1.0,93.0,22.3,1001.0
2024-12-24 09:00:00,0.5,92.0,14.4,1003.6
2024-12-24 10:00:00,2.0,87.0,16.6,1002.0
2024-12-24 11:00:00,2.0,80.0,18.4,1002.0
2024-12-24 12:00:00,1.3,84.0,10.8,1005.4
2024-12-24 13:00:00,1.0,93.0,13.0,1005.0
2024-12-24 14:00:00,1.0,86.0,18.4,1006.0
2024-12-24 15:00:00,0.0,96.0,14.4,1008.8
2024-12-24 16:00:00,0.0,93.0,20.5,1008.0
2024-12-24 17:00:00,0.0,93.0,22.3,1009.0
2024-12-24 18:00:00,-0.2,95.0,10.8,1011.1
2024-12-24 19:00:00,0.0,93.0,14.8,1010.0
2024-12-24 20:00:00,0.0,86.0,18.4,1011.0
2024-12-24 21:00:00,0.0,88.0,10.8,1013.5
2024-12-24 22:00:00,0.0,86.0,20.5,1012.0
2024-12-24 23:00:00,0.0,93.0,22.3,1013.0
2024-12-25 00:00:00,-0.6,96.0,10.8,1015.4
2024-12-25 01:00:00,0.0,93.0,18.4,1014.0
2024-12-25 02:00:00,0.0,93.0,20.5,1014.0
2024-12-25 03:00:00,-0.4,99.0,10.8,1016.4
2024-12-25 04:00:00,0.0,100.0,18.4,1014.0
2024-12-25 05:00:00,1.0,93.0,18.4,1015.0
2024-12-25 06:00:00,0.5,88.0,7.2,1018.3
2024-12-25 07:00:00,2.0,87.0,11.2,1017.0
2024-12-25 08:00:00,3.0,81.0,16.6,1018.0
2024-12-25 09:00:00,2.0,89.0,3.6,1020.6
2024-12-25 10:00:00,3.0,75.0,9.4,1018.0
2024-12-25 11:00:00,3.0,75.0,11.2,1018.0
2024-12-25 12:00:00,3.1,80.0,3.6,1020.7
2024-12-25 13:00:00,4.0,70.0,9.4,1019.0
2024-12-25 14:00:00,4.0,70.0,11.2,1020.0
2024-12-25 15:00:00,2.6,81.0,7.2,1022.8
2024-12-25 16:00:00,3.0,75.0,16.6,1021.0
2024-12-25 17:00:00,2.0,80.0,5.4,1022.0
2024-12-25 18:00:00,0.9,94.0,3.6,1024.5
2024-12-25 19:00:00,1.0,93.0,16.6,1022.0
2024-12-25 20:00:00,1.0,93.0,13.0,1023.0
2024-12-25 21:00:00,0.4,96.0,3.6,1025.5
2024-12-25 22:00:00,2.0,80.0,7.6,1023.0
2024-12-25 23:00:00,2.0,80.0,9.4,1023.0
2024-12-26 00:00:00,0.3,96.0,3.6,1026.2
2024-12-26 01:00:00,1.0,86.0,7.6,1024.0
2024-12-26 02:00:00,1.0,86.0,11.2,1024.0
2024-12-26 03:00:00,0.2,94.0,3.6,1026.9
2024-12-26 04:00:00,0.0,93.0,5.4,1025.0
2024-12-26 05:00:00,0.0,93.0,3.6,1026.0
2024-12-26 06:00:00,-0.1,98.0,3.6,1029.0
2024-12-26 07:00:00,0.0,93.0,5.4,1027.0
2024-12-26 08:00:00,0.0,93.0,11.2,1028.0
2024-12-26 09:00:00,0.3,90.0,7.2,1030.6
2024-12-26 10:00:00,1.0,75.0,20.5,1028.0
2024-12-26 11:00:00,2.0,70.0,24.1,1028.0
2024-12-26 12:00:00,0.9,78.0,7.2,1030.6
2024-12-26 13:00:00,1.0,75.0,18.4,1028.0
2024-12-26 14:00:00,1.0,75.0,16.6,1029.0
2024-12-26 15:00:00,0.4,77.0,7.2,1031.5
2024-12-26 16:00:00,1.0,75.0,13.0,1030.0
2024-12-26 17:00:00,1.0,75.0,14.8,1030.0
2024-12-26 18:00:00,0.2,81.0,7.2,1033.5
2024-12-26 19:00:00,1.0,75.0,9.4,1031.0
2024-12-26 20:00:00,1.0,75.0,11.2,1031.0
2024-12-26 21:00:00,0.2,83.0,7.2,1033.6
2024-12-26 22:00:00,1.0,75.0,11.2,1031.0
2024-12-26 23:00:00,1.0,75.0,14.8,1031.0
2024-12-27 00:00:00,0.0,83.0,3.6,1033.7
2024-12-27 01:00:00,1.0,69.0,22.3,1031.0
2024-12-27 02:00:00,0.0,74.0,22.3,1031.0
2024-12-27 03:00:00,-1.5,87.0,3.6,1033.8
2024-12-27 04:00:00,-2.0,80.0,7.6,1030.0
2024-12-27 05:00:00,-2.0,93.0,9.4,1030.0
2024-12-27 06:00:00,-2.0,92.0,11.2,1033.7
2024-12-27 07:00:00,-1.0,86.0,11.2,1030.0
2024-12-27 08:00:00,0.0,80.0,14.8,1030.0
2024-12-27 09:00:00,0.4,85.0,7.2,1032.0
2024-12-27 10:00:00,1.0,80.0,16.6,1028.0
2024-12-27 11:00:00,2.0,80.0,16.6,1027.0
2024-12-27 12:00:00,0.9,87.0,10.8,1029.7
2024-12-27 13:00:00,0.0,86.0,22.3,1026.0
2024-12-27 14:00:00,1.0,80.0,22.3,1026.0
2024-12-27 15:00:00,-0.1,99.0,10.8,1029.0
2024-12-27 16:00:00,0.0,86.0,18.4,1025.0
2024-12-27 17:00:00,0.0,93.0,18.4,1026.0
2024-12-27 18:00:00,-0.4,96.0,10.8,1028.5
2024-12-27 19:00:00,0.0,93.0,13.0,1026.0
2024-12-27 20:00:00,0.0,86.0,16.6,1026.0
2024-12-27 21:00:00,0.0,88.0,10.8,1028.6
2024-12-27 22:00:00,1.0,80.0,5.4,1027.0
2024-12-27 23:00:00,0.0,86.0,5.4,1027.0
2024-12-28 00:00:00,0.4,88.0,7.2,1028.8
2024-12-28 01:00:00,0.0,86.0,9.4,1027.0
2024-12-28 02:00:00,0.0,86.0,7.6,1027.0
2024-12-28 03:00:00,-0.2,92.0,3.6,1029.1
2024-12-28 04:00:00,0.0,86.0,11.2,1026.0
2024-12-28 05:00:00,0.0,86.0,11.2,1026.0
2024-12-28 06:00:00,-0.9,91.0,7.2,1029.7
2024-12-28 07:00:00,0.0,86.0,9.4,1027.0
2024-12-28 08:00:00,0.0,80.0,9.4,1028.0
2024-12-28 09:00:00,0.6,83.0,7.2,1029.9
2024-12-28 10:00:00,1.0,80.0,13.0,1027.0
2024-12-28 11:00:00,2.0,80.0,13.0,1026.0
2024-12-28 12:00:00,2.2,79.0,3.6,1028.4
2024-12-28 13:00:00,3.0,75.0,11.2,1026.0
2024-12-28 14:00:00,3.0,75.0,14.8,1026.0
2024-12-28 15:00:00,2.2,79.0,7.2,1028.1
2024-12-28 16:00:00,1.0,80.0,7.6,1026.0
2024-12-28 17:00:00,1.0,80.0,11.2,1026.0
2024-12-28 18:00:00,0.0,92.0,3.6,1029.2
2024-12-28 19:00:00,-2.0,93.0,7.6,1027.0
2024-12-28 20:00:00,-2.0,93.0,13.0,1027.0
2024-12-28 21:00:00,-1.0,91.0,3.6,1030.1
2024-12-28 22:00:00,-3.0,86.0,11.2,1027.0
2024-12-28 23:00:00,-3.0,93.0,11.2,1027.0
2024-12-29 00:00:00,-1.8,92.0,3.6,1030.1
2024-12-29 01:00:00,-4.0,93.0,9.4,1027.0
2024-12-29 02:00:00,-4.0,93.0,14.8,1027.0
2024-12-29 03:00:00,-3.2,98.0,3.6,1030.5
2024-12-29 04:00:00,-4.0,93.0,13.0,1027.0
2024-12-29 05:00:00,-4.0,93.0,3.6,1027.0
2024-12-29 06:00:00,-3.1,96.0,3.6,1031.0
2024-12-29 07:00:00,-3.0,86.0,0.0,1028.0
2024-12-29 08:00:00,-1.0,86.0,7.6,1028.0
2024-12-29 09:00:00,0.2,82.0,7.2,1030.6
2024-12-29 10:00:00,2.0,70.0,9.4,1028.0
2024-12-29 11:00:00,3.0,70.0,13.0,1027.0
2024-12-29 12:00:00,3.4,74.0,7.2,1028.6
2024-12-29 13:00:00,4.0,70.0,13.0,1027.0
2024-12-29 14:00:00,3.0,75.0,14.8,1027.0
2024-12-29 15:00:00,1.5,84.0,7.2,1029.5
2024-12-29 16:00:00,0.0,86.0,16.6,1027.0
2024-12-29 17:00:00,0.0,86.0,13.0,1027.0
2024-12-29 18:00:00,0.1,95.0,3.6,1030.6
2024-12-29 19:00:00,-1.0,93.0,11.2,1028.0
2024-12-29 20:00:00,-2.0,93.0,3.6,1028.0
2024-12-29 21:00:00,-1.5,94.0,3.6,1031.5
2024-12-29 22:00:00,-3.0,100.0,0.0,1029.0
2024-12-29 23:00:00,-4.0,93.0,3.6,1029.0
2024-12-30 00:00:00,-3.0,98.0,0.0,1031.9
2024-12-30 01:00:00,-2.0,100.0,0.0,1029.0
2024-12-30 02:00:00,-2.0,100.0,0.0,1029.0
2024-12-30 03:00:00,-5.1,98.0,3.6,1032.9
2024-12-30 04:00:00,-2.0,93.0,0.0,1029.0
2024-12-30 05:00:00,-2.0,100.0,5.4,1029.0
2024-12-30 06:00:00,-3.4,98.0,5.4,1032.9
2024-12-30 07:00:00,-2.0,100.0,7.6,1030.0
2024-12-30 08:00:00,-2.0,93.0,5.4,1030.0
2024-12-30 09:00:00,-2.1,98.0,1.8,1033.5
2024-12-30 10:00:00,-1.0,93.0,0.0,1030.0
2024-12-30 11:00:00,-1.0,93.0,3.6,1029.0
2024-12-30 12:00:00,0.4,86.0,3.6,1031.2
2024-12-30 13:00:00,1.0,86.0,5.4,1028.0
2024-12-30 14:00:00,0.0,93.0,7.6,1028.0
2024-12-30 15:00:00,-0.7,99.0,3.6,1031.5
2024-12-30 16:00:00,-2.0,100.0,3.6,1029.0
2024-12-30 17:00:00,-3.0,100.0,5.4,1029.0
2024-12-30 18:00:00,-2.4,98.0,3.6,1032.3
2024-12-30 19:00:00,-3.0,93.0,1.8,1029.0
2024-12-30 20:00:00,-3.0,93.0,0.0,1030.0
2024-12-30 21:00:00,-4.2,100.0,0.0,1033.5
2024-12-30 22:00:00,-3.0,93.0,0.0,1031.0
2024-12-30 23:00:00,-4.0,100.0,3.6,1031.0
2024-12-31 00:00:00,-5.2,100.0,3.6,1034.5
2024-12-31 01:00:00,-4.0,93.0,0.0,1031.0
2024-12-31 02:00:00,-4.0,93.0,1.8,1031.0
2024-12-31 03:00:00,-5.5,98.0,3.6,1035.1
2024-12-31 04:00:00,-4.0,93.0,0.0,1031.0
2024-12-31 05:00:00,-4.0,93.0,0.0,1031.0
2024-12-31 06:00:00,-5.1,98.0,3.6,1035.0
2024-12-31 07:00:00,-4.0,93.0,0.0,1032.0
2024-12-31 08:00:00,-4.0,93.0,3.6,1033.0
2024-12-31 09:00:00,-2.2,98.0,3.6,1035.9
2024-12-31 10:00:00,-3.0,100.0,0.0,1032.0
2024-12-31 11:00:00,-2.0,100.0,3.6,1032.0
2024-12-31 12:00:00,1.0,82.0,3.6,1033.5
2024-12-31 13:00:00,-1.0,93.0,5.4,1031.0
2024-12-31 14:00:00,-1.0,100.0,0.0,1031.0
2024-12-31 15:00:00,-0.8,98.0,3.6,1033.5
2024-12-31 16:00:00,-2.0,93.0,0.0,1031.0
2024-12-31 17:00:00,-3.0,100.0,0.0,1032.0
2024-12-31 18:00:00,-2.9,98.0,0.0,1035.2
2024-12-31 19:00:00,-3.0,93.0,3.6,1032.0
2024-12-31 20:00:00,-4.0,93.0,0.0,1033.0
2024-12-31 21:00:00,-3.9,100.0,1.8,1036.6
2024-12-31 22:00:00,-4.0,93.0,1.8,1033.0
2024-12-31 23:00:00,-5.0,100.0,0.0,1033.0
2025-01-01 00:00:00,-4.1,100.0,0.0,1036.4
2025-01-01 01:00:00,-4.0,93.0,0.0,1033.0
2025-01-01 02:00:00,-4.0,93.0,0.0,1033.0
2025-01-01 03:00:00,-4.7,96.0,3.6,1036.2
2025-01-01 04:00:00,-5.0,100.0,0.0,1032.0
2025-01-01 05:00:00,-5.0,100.0,0.0,1032.0
2025-01-01 06:00:00,-4.9,98.0,0.0,1036.4
2025-01-01 07:00:00,-4.0,93.0,0.0,1033.0
2025-01-01 08:00:00,-4.0,93.0,3.6,1033.0
2025-01-01 09:00:00,-3.9,100.0,3.6,1036.4
2025-01-01 10:00:00,-3.0,93.0,0.0,1032.0
2025-01-01 11:00:00,-3.0,100.0,1.8,1032.0
2025-01-01 12:00:00,-0.8,93.0,3.6,1034.1
2025-01-01 13:00:00,-2.0,93.0,0.0,1030.0
2025-01-01 14:00:00,-3.0,100.0,0.0,1030.0
2025-01-01 15:00:00,-2.1,98.0,0.0,1033.2
2025-01-01 16:00:00,-3.0,100.0,0.0,1030.0
2025-01-01 17:00:00,-3.0,93.0,0.0,1030.0
2025-01-01 18:00:00,-2.7,98.0,0.0,1032.9
2025-01-01 19:00:00,-4.0,100.0,1.8,1030.0
2025-01-01 20:00:00,-4.0,93.0,0.0,1030.0
2025-01-01 21:00:00,-3.2,98.0,3.6,1033.2
2025-01-01 22:00:00,-4.0,93.0,0.0,1030.0
2025-01-01 23:00:00,-4.0,93.0,0.0,1029.0
2025-01-02 00:00:00,-3.9,98.0,0.0,1032.3
2025-01-02 01:00:00,-4.0,93.0,0.0,1028.0
2025-01-02 02:00:00,-4.0,93.0,0.0,1028.0
2025-01-02 03:00:00,-4.5,98.0,0.0,1031.6
2025-01-02 04:00:00,-5.0,93.0,0.0,1028.0
2025-01-02 05:00:00,-5.0,93.0,0.0,1028.0
2025-01-02 06:00:00,-5.0,100.0,0.0,1031.5
2025-01-02 07:00:00,-5.0,93.0,0.0,1027.0
2025-01-02 08:00:00,-5.0,93.0,0.0,1027.0
2025-01-02 09:00:00,-4.1,98.0,0.0,1031.0
2025-01-02 10:00:00,-4.0,93.0,0.0,1026.0
2025-01-02 11:00:00,-4.0,100.0,1.8,1025.0
2025-01-02 12:00:00,-1.7,94.0,3.6,1027.6
2025-01-02 13:00:00,-3.0,93.0,1.8,1023.0
2025-01-02 14:00:00,-3.0,93.0,0.0,1023.0
2025-01-02 15:00:00,-2.6,96.0,3.6,1026.1
2025-01-02 16:00:00,-4.0,100.0,0.0,1022.0
2025-01-02 17:00:00,-4.0,100.0,0.0,1022.0
2025-01-02 18:00:00,-3.5,98.0,3.6,1025.9
2025-01-02 19:00:00,-4.0,93.0,0.0,1022.0
2025-01-02 20:00:00,-4.0,93.0,1.8,1021.0
2025-01-02 21:00:00,-4.2,98.0,3.6,1024.6
2025-01-02 22:00:00,-6.0,100.0,0.0,1020.0
2025-01-02 23:00:00,-6.0,93.0,0.0,1020.0
2025-01-03 00:00:00,-4.8,100.0,3.6,1023.1
2025-01-03 01:00:00,-6.0,93.0,0.0,1019.0
2025-01-03 02:00:00,-6.0,93.0,0.0,1019.0
2025-01-03 03:00:00,-5.9,98.0,3.6,1022.8
2025-01-03 04:00:00,-6.0,93.0,0.0,1018.0
2025-01-03 05:00:00,-7.0,93.0,0.0,1018.0
2025-01-03 06:00:00,-4.2,96.0,3.6,1021.7
2025-01-03 07:00:00,-5.0,93.0,0.0,1018.0
2025-01-03 08:00:00,-4.0,93.0,0.0,1017.0
2025-01-03 09:00:00,-2.0,98.0,3.6,1020.4
2025-01-03 10:00:00,-1.0,100.0,7.6,1016.0
2025-01-03 11:00:00,0.0,100.0,11.2,1015.0
2025-01-03 12:00:00,3.4,79.0,7.2,1016.1
2025-01-03 13:00:00,8.0,66.0,11.2,1014.0
2025-01-03 14:00:00,9.0,57.0,11.2,1013.0
2025-01-03 15:00:00,7.6,62.0,7.2,1013.4
2025-01-03 16:00:00,8.0,57.0,3.6,1013.0
2025-01-03 17:00:00,7.0,66.0,7.6,1013.0
2025-01-03 18:00:00,6.6,65.0,7.2,1013.7
2025-01-03 19:00:00,7.0,61.0,7.6,1012.0
2025-01-03 20:00:00,7.0,61.0,11.2,1012.0
2025-01-03 21:00:00,6.3,66.0,7.2,1013.4
2025-01-03 22:00:00,3.0,81.0,25.9,1013.0
2025-01-03 23:00:00,2.0,75.0,20.5,1014.0
2025-01-04 00:00:00,1.1,78.0,14.4,1017.0
2025-01-04 01:00:00,0.0,86.0,31.7,1016.0
2025-01-04 02:00:00,0.0,93.0,25.9,1017.0
2025-01-04 03:00:00,-0.8,96.0,10.8,1020.0
2025-01-04 04:00:00,0.0,86.0,20.5,1019.0
2025-01-04 05:00:00,0.0,80.0,20.5,1019.0
2025-01-04 06:00:00,-1.0,86.0,14.4,1023.3
2025-01-04 07:00:00,-1.0,80.0,18.4,1021.0
2025-01-04 08:00:00,0.0,74.0,18.4,1021.0
2025-01-04 09:00:00,0.1,73.0,10.8,1024.8
2025-01-04 10:00:00,1.0,69.0,22.3,1022.0
2025-01-04 11:00:00,2.0,60.0,18.4,1022.0
2025-01-04 12:00:00,2.6,60.0,7.2,1023.8
2025-01-04 13:00:00,3.0,52.0,9.4,1021.0
2025-01-04 14:00:00,2.0,51.0,9.4,1022.0
2025-01-04 15:00:00,2.0,68.0,3.6,1024.3
2025-01-04 16:00:00,-1.0,69.0,7.6,1022.0
2025-01-04 17:00:00,-2.0,69.0,13.0,1023.0
2025-01-04 18:00:00,-1.2,78.0,3.6,1025.9
2025-01-04 19:00:00,-3.0,74.0,9.4,1023.0
2025-01-04 20:00:00,-5.0,80.0,7.6,1023.0
2025-01-04 21:00:00,-3.7,87.0,3.6,1027.0
2025-01-04 22:00:00,-5.0,86.0,3.6,1023.0
2025-01-04 23:00:00,-6.0,86.0,11.2,1022.0
2025-01-05 00:00:00,-5.0,86.0,7.2,1026.6
2025-01-05 01:00:00,-6.0,86.0,1.8,1026.6
2025-01-05 02:00:00,-7.0,93.0,3.6,1021.0
2025-01-05 03:00:00,-5.5,91.0,3.6,1025.7
2025-01-05 04:00:00,-6.0,93.0,3.6,1021.0
2025-01-05 05:00:00,-6.0,86.0,3.6,1021.0
2025-01-05 06:00:00,-7.2,95.0,3.6,1026.6
2025-01-05 07:00:00,-5.0,86.0,0.0,1022.0
2025-01-05 08:00:00,-4.0,80.0,1.8,1022.0
2025-01-05 09:00:00,-2.1,79.0,3.6,1024.9
2025-01-05 10:00:00,-1.0,69.0,5.4,1021.0
2025-01-05 11:00:00,1.0,60.0,3.6,1020.0
2025-01-05 12:00:00,1.7,67.0,3.6,1022.2
2025-01-05 13:00:00,3.0,56.0,3.6,1019.0
2025-01-05 14:00:00,3.0,56.0,5.4,1019.0
2025-01-05 15:00:00,1.5,75.0,3.6,1021.5
2025-01-05 16:00:00,0.0,74.0,0.0,1019.0
2025-01-05 17:00:00,-2.0,86.0,1.8,1020.0
2025-01-05 18:00:00,-2.2,89.0,9.4,1023.5
2025-01-05 19:00:00,-3.0,86.0,7.6,1020.0
2025-01-05 20:00:00,-4.0,86.0,0.0,1020.0
2025-01-05 21:00:00,-3.2,94.0,0.0,1023.7
2025-01-05 22:00:00,-5.0,93.0,0.0,1020.0
2025-01-05 23:00:00,-5.0,93.0,1.8,1020.0
2025-01-06 00:00:00,-4.6,100.0,0.0,1023.9
2025-01-06 01:00:00,-5.0,93.0,3.6,1020.0
2025-01-06 02:00:00,-5.0,93.0,0.0,1020.0
2025-01-06 03:00:00,-4.8,98.0,1.8,1023.7
2025-01-06 04:00:00,-6.0,100.0,5.4,1020.0
2025-01-06 05:00:00,-5.0,93.0,7.6,1020.0
2025-01-06 06:00:00,-5.0,96.0,3.6,1024.5
2025-01-06 07:00:00,-4.0,93.0,5.4,1021.0
2025-01-06 08:00:00,-2.0,86.0,5.4,1021.0
2025-01-06 09:00:00,0.1,81.0,3.6,1023.3
2025-01-06 10:00:00,1.0,75.0,3.6,1020.0
2025-01-06 11:00:00,2.0,70.0,0.0,1019.0
2025-01-06 12:00:00,4.0,67.0,3.6,1020.5
2025-01-06 13:00:00,5.0,61.0,5.4,1018.0
2025-01-06 14:00:00,6.0,61.0,5.4,1017.0
2025-01-06 15:00:00,3.7,76.0,3.6,1019.4
2025-01-06 16:00:00,2.0,75.0,5.4,1017.0
2025-01-06 17:00:00,0.0,86.0,3.6,1018.0
2025-01-06 18:00:00,1.0,87.0,0.0,1020.7
2025-01-06 19:00:00,-1.0,93.0,7.6,1018.0
2025-01-06 20:00:00,-2.0,93.0,0.0,1019.0
2025-01-06 21:00:00,-0.5,96.0,3.6,1021.3
2025-01-06 22:00:00,-2.0,93.0,0.0,1019.0
2025-01-06 23:00:00,-2.0,93.0,7.6,1019.0
2025-01-07 00:00:00,-0.3,93.0,3.6,1021.7
2025-01-07 01:00:00,-2.0,93.0,3.6,1019.0
2025-01-07 02:00:00,-2.0,93.0,5.4,1019.0
2025-01-07 03:00:00,-1.0,96.0,3.6,1021.4
2025-01-07 04:00:00,-3.0,93.0,5.4,1018.0
2025-01-07 05:00:00,-3.0,93.0,7.6,1018.0
2025-01-07 06:00:00,-1.7,98.0,3.6,1021.7
2025-01-07 07:00:00,-3.0,100.0,0.0,1019.0
2025-01-07 08:00:00,-1.0,93.0,3.6,1019.0
2025-01-07 09:00:00,1.3,76.0,3.6,1021.2
2025-01-07 10:00:00,1.0,86.0,3.6,1019.0
2025-01-07 11:00:00,2.0,87.0,0.0,1018.0
2025-01-07 12:00:00,3.5,82.0,3.6,1019.6
2025-01-07 13:00:00,3.0,81.0,1.8,1017.0
2025-01-07 14:00:00,3.0,81.0,1.8,1017.0
2025-01-07 15:00:00,3.3,85.0,3.6,1019.4
2025-01-07 16:00:00,1.0,86.0,7.6,1017.0
2025-01-07 17:00:00,1.0,93.0,5.4,1017.0
2025-01-07 18:00:00,2.4,90.0,3.6,1019.8
2025-01-07 19:00:00,0.0,93.0,3.6,1018.0
2025-01-07 20:00:00,0.0,86.0,3.6,1018.0
2025-01-07 21:00:00,0.3,96.0,4.0,1020.6
2025-01-07 22:00:00,-2.0,100.0,5.4,1018.0
2025-01-07 23:00:00,-2.0,93.0,1.8,1018.0
2025-01-08 00:00:00,1.4,93.0,3.6,1020.1
2025-01-08 01:00:00,-1.0,93.0,5.4,1018.0
2025-01-08 02:00:00,-1.0,100.0,7.6,1018.0
2025-01-08 03:00:00,1.7,93.0,3.6,1020.1
2025-01-08 04:00:00,0.0,93.0,3.6,1018.0
2025-01-08 05:00:00,0.0,93.0,7.6,1018.0
2025-01-08 06:00:00,1.5,93.0,3.6,1020.1
2025-01-08 07:00:00,-1.0,93.0,5.4,1019.0
2025-01-08 08:00:00,1.0,93.0,7.6,1019.0
2025-01-08 09:00:00,5.6,79.0,3.6,1020.0
2025-01-08 10:00:00,6.0,76.0,9.4,1019.0
2025-01-08 11:00:00,9.0,71.0,7.6,1017.0
2025-01-08 12:00:00,10.6,69.0,7.2,1018.2
2025-01-08 13:00:00,13.0,58.0,5.4,1016.0
2025-01-08 14:00:00,11.0,66.0,9.4,1016.0
2025-01-08 15:00:00,10.1,72.0,7.2,1016.4
2025-01-08 16:00:00,7.0,81.0,9.4,1017.0
2025-01-08 17:00:00,6.0,87.0,9.4,1018.0
2025-01-08 18:00:00,8.0,81.0,3.6,1018.0
2025-01-08 19:00:00,6.0,76.0,3.6,1018.0
2025-01-08 20:00:00,4.0,93.0,7.6,1019.0
2025-01-08 21:00:00,6.8,84.0,3.6,1019.3
2025-01-08 22:00:00,2.0,87.0,7.6,1019.0
2025-01-08 23:00:00,2.0,93.0,5.4,1019.0
2025-01-09 00:00:00,5.4,88.0,7.2,1019.7
2025-01-09 01:00:00,1.0,100.0,13.0,1019.0
2025-01-09 02:00:00,1.0,93.0,7.6,1019.0
2025-01-09 03:00:00,3.8,95.0,5.4,1020.1
2025-01-09 04:00:00,-2.0,100.0,0.0,1018.0
2025-01-09 05:00:00,-2.0,93.0,1.8,1018.0
2025-01-09 06:00:00,2.1,96.0,3.6,1021.1
2025-01-09 07:00:00,0.0,93.0,3.6,1019.0
2025-01-09 08:00:00,3.0,93.0,3.6,1019.0
2025-01-09 09:00:00,9.1,73.0,3.6,1019.2
2025-01-09 10:00:00,10.0,71.0,3.6,1018.0
2025-01-09 11:00:00,11.0,66.0,3.6,1017.0
2025-01-09 12:00:00,12.1,64.0,7.2,1016.3
2025-01-09 13:00:00,13.0,58.0,7.6,1015.0
2025-01-09 14:00:00,14.0,55.0,3.6,1015.0
2025-01-09 15:00:00,11.5,69.0,3.6,1014.9
2025-01-09 16:00:00,9.0,71.0,1.8,1015.0
2025-01-09 17:00:00,7.0,76.0,3.6,1015.0
2025-01-09 18:00:00,6.1,87.0,3.6,1016.1
2025-01-09 19:00:00,4.0,87.0,11.2,1015.0
2025-01-09 20:00:00,4.0,81.0,7.6,1015.0
2025-01-09 21:00:00,5.4,83.0,7.0,1016.2
2025-01-09 22:00:00,3.0,87.0,5.4,1014.0
2025-01-09 23:00:00,2.0,87.0,7.6,1014.0
2025-01-10 00:00:00,3.1,90.0,3.6,1015.8
2025-01-10 01:00:00,1.0,93.0,9.4,1014.0
2025-01-10 02:00:00,1.0,93.0,1.8,1013.0
2025-01-10 03:00:00,3.7,89.0,5.4,1015.3
2025-01-10 04:00:00,2.0,93.0,5.4,1013.0
2025-01-10 05:00:00,1.0,93.0,9.4,1013.0
2025-01-10 06:00:00,3.1,95.0,3.6,1015.2
2025-01-10 07:00:00,2.0,93.0,5.4,1014.0
2025-01-10 08:00:00,5.0,87.0,5.4,1013.0
2025-01-10 09:00:00,7.7,81.0,3.6,1014.3
2025-01-10 10:00:00,9.0,71.0,3.6,1013.0
2025-01-10 11:00:00,11.0,62.0,1.8,1012.0
2025-01-10 12:00:00,11.8,64.0,7.2,1011.0
2025-01-10 13:00:00,12.0,62.0,1.8,1011.0
2025-01-10 14:00:00,12.0,67.0,7.6,1010.0
2025-01-10 15:00:00,13.1,53.0,3.6,1009.7
2025-01-10 16:00:00,11.0,66.0,9.4,1011.0
2025-01-10 17:00:00,5.0,75.0,37.1,1013.0
2025-01-10 18:00:00,2.8,80.0,21.6,1015.3
2025-01-10 19:00:00,2.0,75.0,27.7,1015.0
2025-01-10 20:00:00,2.0,75.0,27.7,1015.0
2025-01-10 21:00:00,1.5,75.0,14.4,1017.8
2025-01-10 22:00:00,1.0,75.0,22.3,1016.0
2025-01-10 23:00:00,1.0,80.0,25.9,1016.0
2025-01-11 00:00:00,-0.1,98.0,3.6,1018.8
2025-01-11 01:00:00,2.8,80.0,11.1,1018.3
2025-01-11 02:00:00,2.5,81.0,11.1,1018.4
2025-01-11 03:00:00,-0.9,94.0,14.4,1018.9
2025-01-11 04:00:00,1.8,84.0,9.3,1018.7
2025-01-11 05:00:00,1.4,85.0,9.3,1018.9
2025-01-11 06:00:00,-1.2,98.0,7.2,1019.2
2025-01-11 07:00:00,-1.0,93.0,18.4,1016.0
2025-01-11 08:00:00,-1.0,93.0,9.4,1017.0
2025-01-11 09:00:00,-1.0,96.0,7.2,1019.8
2025-01-11 10:00:00,0.0,93.0,14.8,1017.0
2025-01-11 11:00:00,0.0,93.0,9.4,1016.0
2025-01-11 12:00:00,-0.2,95.0,7.2,1018.8
2025-01-11 13:00:00,0.0,93.0,9.4,1016.0
2025-01-11 14:00:00,0.0,86.0,0.0,1016.0
2025-01-11 15:00:00,0.2,90.0,3.6,1018.7
2025-01-11 16:00:00,0.0,93.0,5.4,1016.0
2025-01-11 17:00:00,0.0,93.0,5.4,1017.0
2025-01-11 18:00:00,-0.5,95.0,3.6,1019.8
2025-01-11 19:00:00,-1.0,100.0,0.0,1017.0
2025-01-11 20:00:00,-1.0,100.0,0.0,1017.0
2025-01-11 21:00:00,-0.9,94.0,3.6,1020.0
2025-01-11 22:00:00,-1.0,100.0,5.4,1017.0
2025-01-11 23:00:00,-1.0,93.0,9.4,1017.0
2025-01-12 00:00:00,-1.0,93.0,7.2,1020.4
2025-01-12 01:00:00,-1.0,93.0,11.2,1018.0
2025-01-12 02:00:00,-1.0,93.0,11.2,1018.0
2025-01-12 03:00:00,-1.6,96.0,7.2,1021.3
2025-01-12 04:00:00,-2.0,100.0,7.6,1019.0
2025-01-12 05:00:00,-1.0,86.0,14.8,1019.0
2025-01-12 06:00:00,-1.9,92.0,3.6,1022.3
2025-01-12 07:00:00,-2.0,86.0,11.2,1021.0
2025-01-12 08:00:00,-2.0,86.0,13.0,1021.0
2025-01-12 09:00:00,-1.9,87.0,7.6,1024.0
2025-01-12 10:00:00,-1.0,74.0,3.6,1021.0
2025-01-12 11:00:00,-1.0,74.0,9.4,1021.0
2025-01-12 12:00:00,-0.8,79.0,7.2,1023.3
2025-01-12 13:00:00,-1.0,74.0,11.2,1021.0
2025-01-12 14:00:00,0.0,69.0,13.0,1020.0
2025-01-12 15:00:00,-1.2,84.0,7.2,1023.6
2025-01-12 16:00:00,-2.0,74.0,14.8,1021.0
2025-01-12 17:00:00,-3.0,86.0,7.6,1022.0
2025-01-12 18:00:00,-2.1,85.0,7.2,1025.5
2025-01-12 19:00:00,-2.0,80.0,11.2,1023.0
2025-01-12 20:00:00,-2.0,80.0,13.0,1023.0
2025-01-12 21:00:00,-2.1,83.0,7.2,1026.6
2025-01-12 22:00:00,-2.0,80.0,9.4,1024.0
2025-01-12 23:00:00,-2.0,80.0,9.4,1024.0
2025-01-13 00:00:00,-2.4,86.0,7.2,1027.2
2025-01-13 01:00:00,-2.0,80.0,13.0,1024.0
2025-01-13 02:00:00,-2.0,80.0,13.0,1024.0
2025-01-13 03:00:00,-2.7,88.0,3.6,1027.6
2025-01-13 04:00:00,-3.0,86.0,11.2,1025.0
2025-01-13 05:00:00,-2.0,80.0,5.4,1026.0
2025-01-13 06:00:00,-2.8,90.0,0.0,1029.8
2025-01-13 07:00:00,-3.0,86.0,7.6,1027.0
2025-01-13 08:00:00,-2.0,86.0,5.4,1028.0
2025-01-13 09:00:00,-0.5,77.0,7.2,1031.0
2025-01-13 10:00:00,-1.0,69.0,5.4,1028.0
2025-01-13 11:00:00,0.0,64.0,6.0,1028.0
2025-01-13 12:00:00,0.1,84.0,7.2,1030.5
2025-01-13 13:00:00,0.0,64.0,7.6,1028.0
2025-01-13 14:00:00,0.0,64.0,5.4,1029.0
2025-01-13 15:00:00,-0.4,76.0,7.2,1031.4
2025-01-13 16:00:00,-1.0,80.0,14.8,1030.0
2025-01-13 17:00:00,-2.0,93.0,14.8,1031.0
2025-01-13 18:00:00,-1.9,91.0,7.2,1034.0
2025-01-13 19:00:00,-2.0,93.0,16.6,1031.0
2025-01-13 20:00:00,-2.0,93.0,18.4,1032.0
2025-01-13 21:00:00,-2.5,94.0,7.2,1035.0
2025-01-13 22:00:00,-2.0,86.0,14.8,1032.0
2025-01-13 23:00:00,-2.0,93.0,18.4,1032.0
2025-01-14 00:00:00,-2.6,96.0,3.6,1035.4
2025-01-14 01:00:00,-2.0,86.0,16.6,1032.0
2025-01-14 02:00:00,-2.0,86.0,11.2,1032.0
2025-01-14 03:00:00,-2.4,92.0,7.2,1035.2
2025-01-14 04:00:00,-2.0,86.0,5.4,1032.0
2025-01-14 05:00:00,-3.0,93.0,3.6,1032.0
2025-01-14 06:00:00,-3.0,94.0,3.6,1035.6
2025-01-14 07:00:00,-3.0,93.0,5.4,1033.0
2025-01-14 08:00:00,-2.0,80.0,7.6,1033.0
2025-01-14 09:00:00,-1.7,78.0,7.2,1036.1
2025-01-14 10:00:00,-1.0,74.0,14.8,1032.0
2025-01-14 11:00:00,0.0,69.0,11.2,1031.0
2025-01-14 12:00:00,-0.8,75.0,10.8,1033.7
2025-01-14 13:00:00,0.0,64.0,14.8,1030.0
2025-01-14 14:00:00,-1.0,69.0,11.2,1030.0
2025-01-14 15:00:00,-1.5,78.0,3.6,1033.0
2025-01-14 16:00:00,-1.0,64.0,7.6,1030.0
2025-01-14 17:00:00,-2.0,74.0,5.4,1029.0
2025-01-14 18:00:00,-2.3,80.0,3.6,1032.8
2025-01-14 19:00:00,-2.0,74.0,9.4,1029.0
2025-01-14 20:00:00,-3.0,80.0,1.8,1029.0
2025-01-14 21:00:00,-3.4,89.0,3.6,1032.3
2025-01-14 22:00:00,-3.0,80.0,7.6,1028.0
2025-01-14 23:00:00,-3.0,80.0,5.4,1027.0
2025-01-15 00:00:00,-3.7,89.0,0.0,1030.6
2025-01-15 01:00:00,-3.0,80.0,3.6,1026.0
2025-01-15 02:00:00,-3.0,80.0,1.8,1025.0
2025-01-15 03:00:00,-3.9,91.0,0.0,1028.6
2025-01-15 04:00:00,-4.0,86.0,0.0,1024.0
2025-01-15 05:00:00,-4.0,86.0,3.6,1023.0
2025-01-15 06:00:00,-3.4,90.0,5.4,1026.9
2025-01-15 07:00:00,-3.0,80.0,0.0,1023.0
2025-01-15 08:00:00,-2.0,74.0,7.6,1023.0
2025-01-15 09:00:00,-1.7,83.0,5.4,1026.2
2025-01-15 10:00:00,-2.0,74.0,3.6,1023.0
2025-01-15 11:00:00,-1.0,69.0,5.4,1022.0
2025-01-15 12:00:00,-1.2,86.0,7.2,1025.0
2025-01-15 13:00:00,-1.0,74.0,1.8,1022.0
2025-01-15 14:00:00,-1.0,74.0,0.0,1022.0
2025-01-15 15:00:00,-1.0,93.0,3.6,1024.8
2025-01-15 16:00:00,-1.0,74.0,0.0,1023.0
2025-01-15 17:00:00,-1.0,80.0,0.0,1024.0
2025-01-15 18:00:00,-1.6,98.0,3.6,1026.4
2025-01-15 19:00:00,-1.0,80.0,3.6,1024.0
2025-01-15 20:00:00,-1.0,80.0,0.0,1025.0
2025-01-15 21:00:00,-1.6,98.0,3.6,1028.2
2025-01-15 22:00:00,-1.0,80.0,3.6,1026.0
2025-01-15 23:00:00,-2.0,86.0,5.4,1027.0
2025-01-16 00:00:00,-1.6,98.0,7.2,1029.6
2025-01-16 01:00:00,-2.0,86.0,11.2,1028.0
2025-01-16 02:00:00,-2.0,86.0,11.2,1028.0
2025-01-16 03:00:00,-2.4,100.0,3.6,1031.5
2025-01-16 04:00:00,-2.0,86.0,0.0,1029.0
2025-01-16 05:00:00,-2.0,86.0,5.4,1030.0
2025-01-16 06:00:00,-2.3,100.0,3.6,1033.8
2025-01-16 07:00:00,-2.0,86.0,1.8,1032.0
2025-01-16 08:00:00,-2.0,93.0,1.8,1032.0
2025-01-16 09:00:00,-1.6,92.0,3.6,1035.8
2025-01-16 10:00:00,0.0,80.0,0.0,1033.0
2025-01-16 11:00:00,0.0,80.0,5.4,1033.0
2025-01-16 12:00:00,1.2,78.0,7.2,1035.4
2025-01-16 13:00:00,1.0,80.0,3.6,1033.0
2025-01-16 14:00:00,2.0,75.0,1.8,1033.0
2025-01-16 15:00:00,1.2,87.0,0.0,1035.6
2025-01-16 16:00:00,-2.0,93.0,3.6,1034.0
2025-01-16 17:00:00,-2.0,93.0,5.4,1035.0
2025-01-16 18:00:00,-1.8,96.0,5.4,1038.0
2025-01-16 19:00:00,-3.0,93.0,3.6,1036.0
2025-01-16 20:00:00,-4.0,100.0,0.0,1037.0
2025-01-16 21:00:00,-4.2,98.0,3.6,1040.4
2025-01-16 22:00:00,-6.0,100.0,0.0,1037.0
2025-01-16 23:00:00,-6.0,93.0,5.4,1037.0
2025-01-17 00:00:00,-5.3,98.0,0.0,1041.0
2025-01-17 01:00:00,-7.0,100.0,5.4,1038.0
2025-01-17 02:00:00,-6.0,93.0,3.6,1038.0
2025-01-17 03:00:00,-6.2,98.0,3.6,1041.5
2025-01-17 04:00:00,-7.0,93.0,5.4,1037.0
2025-01-17 05:00:00,-6.0,93.0,1.8,1038.0
2025-01-17 06:00:00,-5.4,98.0,3.6,1041.9
2025-01-17 07:00:00,-5.0,93.0,3.6,1038.0
2025-01-17 08:00:00,-4.0,93.0,5.4,1038.0
2025-01-17 09:00:00,-3.5,96.0,3.6,1041.9
2025-01-17 10:00:00,-3.0,93.0,3.6,1038.0
2025-01-17 11:00:00,-3.0,93.0,1.8,1038.0
2025-01-17 12:00:00,-1.8,94.0,3.6,1040.1
2025-01-17 13:00:00,-3.0,100.0,0.0,1036.0
2025-01-17 14:00:00,-3.0,100.0,1.8,1036.0
2025-01-17 15:00:00,-2.1,96.0,3.6,1038.9
2025-01-17 16:00:00,-3.0,100.0,1.8,1036.0
2025-01-17 17:00:00,-3.0,100.0,1.8,1036.0
2025-01-17 18:00:00,-2.3,98.0,3.6,1038.9
2025-01-17 19:00:00,-2.0,93.0,7.6,1036.0
2025-01-17 20:00:00,-3.0,93.0,13.0,1036.0
2025-01-17 21:00:00,-2.8,98.0,3.6,1039.1
2025-01-17 22:00:00,-3.0,93.0,7.6,1036.0
2025-01-17 23:00:00,-4.0,100.0,13.0,1035.0
2025-01-18 00:00:00,-3.5,98.0,3.6,1038.5
2025-01-18 01:00:00,-4.0,100.0,13.0,1034.0
2025-01-18 02:00:00,-4.0,93.0,9.4,1034.0
2025-01-18 03:00:00,-4.0,100.0,3.6,1037.3
2025-01-18 04:00:00,-4.0,93.0,9.4,1033.0
2025-01-18 05:00:00,-4.0,93.0,11.2,1033.0
2025-01-18 06:00:00,-4.5,96.0,7.2,1037.1
2025-01-18 07:00:00,-4.0,93.0,7.6,1033.0
2025-01-18 08:00:00,-4.0,93.0,9.4,1033.0
2025-01-18 09:00:00,-4.4,96.0,3.6,1037.2
2025-01-18 10:00:00,-4.0,93.0,11.2,1033.0
2025-01-18 11:00:00,-4.0,93.0,9.4,1033.0
2025-01-18 12:00:00,-3.3,94.0,3.6,1035.5
2025-01-18 13:00:00,-3.0,93.0,9.4,1031.0
2025-01-18 14:00:00,-3.0,93.0,9.4,1031.0
2025-01-18 15:00:00,-2.4,92.0,5.4,1034.3
2025-01-18 16:00:00,-3.0,93.0,5.4,1031.0
2025-01-18 17:00:00,-3.0,93.0,7.6,1031.0
2025-01-18 18:00:00,-2.8,92.0,3.6,1034.6
2025-01-18 19:00:00,-3.0,93.0,5.4,1031.0
2025-01-18 20:00:00,-3.0,86.0,5.4,1031.0
2025-01-18 21:00:00,-3.5,98.0,3.6,1034.3
2025-01-18 22:00:00,-4.0,93.0,1.8,1031.0
2025-01-18 23:00:00,-4.0,93.0,3.6,1031.0
2025-01-19 00:00:00,-3.9,98.0,3.6,1034.2
2025-01-19 01:00:00,-4.0,93.0,0.0,1030.0
2025-01-19 02:00:00,-4.0,93.0,5.4,1030.0
2025-01-19 03:00:00,-4.6,100.0,3.6,1033.4
2025-01-19 04:00:00,-5.0,100.0,5.4,1029.0
2025-01-19 05:00:00,-5.0,93.0,5.4,1029.0
2025-01-19 06:00:00,-5.4,100.0,7.2,1033.1
2025-01-19 07:00:00,-5.0,93.0,3.6,1029.0
2025-01-19 08:00:00,-5.0,93.0,3.6,1029.0
2025-01-19 09:00:00,-4.8,98.0,3.6,1032.8
2025-01-19 10:00:00,-4.0,93.0,1.8,1029.0
2025-01-19 11:00:00,-4.0,93.0,3.6,1028.0
2025-01-19 12:00:00,-3.3,94.0,3.6,1031.8
2025-01-19 13:00:00,-4.0,100.0,3.6,1026.0
2025-01-19 14:00:00,-3.0,86.0,7.6,1026.0
2025-01-19 15:00:00,-2.8,94.0,7.2,1029.8
2025-01-19 16:00:00,-4.0,100.0,5.4,1026.0
2025-01-19 17:00:00,-4.0,100.0,3.6,1027.0
2025-01-19 18:00:00,-3.7,96.0,3.6,1030.5
2025-01-19 19:00:00,-5.0,100.0,5.4,1027.0
2025-01-19 20:00:00,-5.0,93.0,3.6,1028.0
2025-01-19 21:00:00,-4.4,96.0,3.6,1031.5
2025-01-19 22:00:00,-5.0,93.0,3.6,1028.0
2025-01-19 23:00:00,-5.0,93.0,1.8,1028.0
2025-01-20 00:00:00,-4.4,98.0,3.6,1031.3
2025-01-20 01:00:00,-5.0,93.0,1.8,1028.0
2025-01-20 02:00:00,-5.0,93.0,0.0,1028.0
2025-01-20 03:00:00,-5.2,98.0,3.6,1031.3
2025-01-20 04:00:00,-6.0,100.0,0.0,1027.0
2025-01-20 05:00:00,-5.0,93.0,0.0,1027.0
2025-01-20 06:00:00,-5.4,98.0,1.8,1031.2
2025-01-20 07:00:00,-5.0,93.0,0.0,1028.0
2025-01-20 08:00:00,-5.0,93.0,0.0,1028.0
2025-01-20 09:00:00,-4.3,98.0,1.8,1031.4
2025-01-20 10:00:00,-4.0,93.0,3.6,1027.0
2025-01-20 11:00:00,-3.0,93.0,3.6,1026.0
2025-01-20 12:00:00,-1.4,91.0,3.6,1029.0
2025-01-20 13:00:00,-2.0,93.0,1.8,1025.0
2025-01-20 14:00:00,-2.0,100.0,5.4,1025.0
2025-01-20 15:00:00,-0.5,88.0,7.2,1027.7
2025-01-20 16:00:00,-3.0,93.0,9.4,1025.0
2025-01-20 17:00:00,-3.0,100.0,3.6,1024.0
2025-01-20 18:00:00,-3.1,96.0,1.8,1028.2
2025-01-20 19:00:00,-3.0,93.0,5.4,1023.0
2025-01-20 20:00:00,-3.0,100.0,7.6,1023.0
2025-01-20 21:00:00,-1.9,96.0,3.6,1026.6
2025-01-20 22:00:00,-3.0,93.0,3.6,1023.0
2025-01-20 23:00:00,-3.0,93.0,5.4,1022.0
2025-01-21 00:00:00,-2.5,96.0,3.6,1025.8
2025-01-21 01:00:00,-3.0,93.0,3.6,1022.0
2025-01-21 02:00:00,-3.0,93.0,0.0,1021.0
2025-01-21 03:00:00,-1.6,96.0,3.6,1024.4
2025-01-21 04:00:00,-3.0,93.0,0.0,1021.0
2025-01-21 05:00:00,-2.0,93.0,3.6,1020.0
2025-01-21 06:00:00,-1.2,96.0,3.6,1023.3
2025-01-21 07:00:00,-2.0,100.0,0.0,1020.0
2025-01-21 08:00:00,-1.0,93.0,0.0,1020.0
2025-01-21 09:00:00,1.6,72.0,3.6,1022.2
2025-01-21 10:00:00,2.0,80.0,3.6,1019.0
2025-01-21 11:00:00,4.0,65.0,7.6,1018.0
2025-01-21 12:00:00,4.9,70.0,3.6,1019.6
2025-01-21 13:00:00,4.0,70.0,3.6,1017.0
2025-01-21 14:00:00,4.0,70.0,5.4,1017.0
2025-01-21 15:00:00,3.9,77.0,3.6,1019.2
2025-01-21 16:00:00,3.0,75.0,5.4,1018.0
2025-01-21 17:00:00,2.0,87.0,5.4,1018.0
2025-01-21 18:00:00,2.5,86.0,3.6,1019.7
2025-01-21 19:00:00,1.0,93.0,0.0,1018.0
2025-01-21 20:00:00,1.0,93.0,7.6,1018.0
2025-01-21 21:00:00,1.4,93.0,5.4,1019.6
2025-01-21 22:00:00,1.0,86.0,3.6,1018.0
2025-01-21 23:00:00,0.0,93.0,3.6,1017.0
2025-01-22 00:00:00,1.0,94.0,0.0,1019.7
2025-01-22 01:00:00,0.0,93.0,0.0,1017.0
2025-01-22 02:00:00,0.0,93.0,3.6,1017.0
2025-01-22 03:00:00,0.4,96.0,7.6,1019.6
2025-01-22 04:00:00,0.0,93.0,7.6,1017.0
2025-01-22 05:00:00,0.0,93.0,7.6,1017.0
2025-01-22 06:00:00,0.6,96.0,9.4,1020.2
2025-01-22 07:00:00,1.0,86.0,5.4,1018.0
2025-01-22 08:00:00,1.0,86.0,5.4,1018.0
2025-01-22 09:00:00,3.0,89.0,0.0,1020.1
2025-01-22 10:00:00,4.0,81.0,5.4,1018.0
2025-01-22 11:00:00,6.0,76.0,3.6,1018.0
2025-01-22 12:00:00,7.2,72.0,3.6,1018.3
2025-01-22 13:00:00,7.0,76.0,0.0,1017.0
2025-01-22 14:00:00,6.0,81.0,9.4,1017.0
2025-01-22 15:00:00,5.8,80.0,3.6,1018.7
2025-01-22 16:00:00,5.0,75.0,7.6,1017.0
2025-01-22 17:00:00,4.0,87.0,1.8,1018.0
2025-01-22 18:00:00,3.9,91.0,3.6,1019.8
2025-01-22 19:00:00,4.0,87.0,9.0,1018.0
2025-01-22 20:00:00,3.0,87.0,7.6,1018.0
2025-01-22 21:00:00,3.1,92.0,3.6,1020.2
2025-01-22 22:00:00,2.0,93.0,5.4,1018.0
2025-01-22 23:00:00,2.0,93.0,5.4,1018.0
2025-01-23 00:00:00,2.6,93.0,3.6,1020.5
2025-01-23 01:00:00,0.0,100.0,5.4,1018.0
2025-01-23 02:00:00,0.0,93.0,3.6,1018.0
2025-01-23 03:00:00,0.2,96.0,3.6,1021.0
2025-01-23 04:00:00,0.0,93.0,1.8,1018.0
2025-01-23 05:00:00,-1.0,100.0,7.6,1018.0
2025-01-23 06:00:00,-0.2,96.0,0.0,1021.5
2025-01-23 07:00:00,1.0,93.0,5.4,1019.0
2025-01-23 08:00:00,3.0,87.0,1.8,1019.0
2025-01-23 09:00:00,5.3,82.0,3.6,1020.1
2025-01-23 10:00:00,7.0,76.0,4.0,1018.0
2025-01-23 11:00:00,8.0,66.0,4.0,1017.0
2025-01-23 12:00:00,7.4,75.0,3.6,1017.9
2025-01-23 13:00:00,9.0,66.0,3.6,1016.0
2025-01-23 14:00:00,9.0,71.0,7.6,1016.0
2025-01-23 15:00:00,7.9,73.0,3.6,1017.4
2025-01-23 16:00:00,7.0,81.0,5.4,1017.0
2025-01-23 17:00:00,6.0,87.0,0.0,1017.0
2025-01-23 18:00:00,6.6,77.0,3.6,1017.7
2025-01-23 19:00:00,4.0,87.0,7.6,1017.0
2025-01-23 20:00:00,2.0,100.0,3.6,1017.0
2025-01-23 21:00:00,3.5,89.0,0.0,1019.1
2025-01-23 22:00:00,2.0,93.0,3.6,1018.0
2025-01-23 23:00:00,2.0,93.0,5.4,1017.0
2025-01-24 00:00:00,3.5,89.0,3.6,1019.2
2025-01-24 01:00:00,2.0,93.0,1.8,1017.0
2025-01-24 02:00:00,3.0,87.0,0.0,1017.0
2025-01-24 03:00:00,3.8,87.0,3.6,1019.1
2025-01-24 04:00:00,1.0,93.0,7.6,1017.0
2025-01-24 05:00:00,2.0,93.0,1.8,1017.0
2025-01-24 06:00:00,2.2,93.0,3.6,1020.1
2025-01-24 07:00:00,2.0,93.0,11.2,1018.0
2025-01-24 08:00:00,5.0,81.0,7.6,1019.0
2025-01-24 09:00:00,6.1,81.0,3.6,1019.9
2025-01-24 10:00:00,8.0,71.0,0.0,1018.0
2025-01-24 11:00:00,9.0,66.0,1.8,1018.0
2025-01-24 12:00:00,9.3,70.0,3.6,1017.9
2025-01-24 13:00:00,11.0,62.0,0.0,1017.0
2025-01-24 14:00:00,11.0,62.0,1.8,1017.0
2025-01-24 15:00:00,10.2,68.0,3.6,1017.3
2025-01-24 16:00:00,9.0,71.0,9.4,1018.0
2025-01-24 17:00:00,9.0,82.0,9.4,1018.0
2025-01-24 18:00:00,8.5,86.0,3.6,1018.6
2025-01-24 19:00:00,8.0,87.0,13.0,1019.0
2025-01-24 20:00:00,8.0,87.0,14.8,1019.0
2025-01-24 21:00:00,7.7,90.0,7.2,1019.7
2025-01-24 22:00:00,7.0,87.0,16.6,1019.0
2025-01-24 23:00:00,6.0,93.0,11.2,1019.0
2025-01-25 00:00:00,6.8,90.0,3.6,1019.8
2025-01-25 01:00:00,6.0,87.0,16.6,1019.0
2025-01-25 02:00:00,6.0,87.0,16.6,1019.0
2025-01-25 03:00:00,4.9,92.0,3.6,1020.6
2025-01-25 04:00:00,5.0,87.0,14.8,1020.0
2025-01-25 05:00:00,5.0,87.0,11.2,1020.0
2025-01-25 06:00:00,3.3,96.0,3.6,1022.2
2025-01-25 07:00:00,3.0,100.0,5.4,1022.0
2025-01-25 08:00:00,5.0,93.0,7.6,1022.0
2025-01-25 09:00:00,7.0,86.0,7.2,1022.3
2025-01-25 10:00:00,6.0,87.0,7.6,1022.0
2025-01-25 11:00:00,7.0,87.0,9.4,1021.0
2025-01-25 12:00:00,8.4,82.0,3.6,1021.6
2025-01-25 13:00:00,11.0,71.0,3.6,1021.0
2025-01-25 14:00:00,12.0,62.0,3.6,1021.0
2025-01-25 15:00:00,11.4,69.0,3.6,1020.9
2025-01-25 16:00:00,7.0,81.0,13.0,1022.0
2025-01-25 17:00:00,6.0,87.0,9.4,1022.0
2025-01-25 18:00:00,3.9,84.0,3.6,1024.1
2025-01-25 19:00:00,3.0,75.0,7.6,1023.0
2025-01-25 20:00:00,2.0,80.0,7.6,1023.0
2025-01-25 21:00:00,1.0,85.0,3.6,1025.7
2025-01-25 22:00:00,0.0,80.0,5.4,1024.0
2025-01-25 23:00:00,0.0,86.0,9.4,1024.0
2025-01-26 00:00:00,0.3,84.0,3.6,1026.1
2025-01-26 01:00:00,0.0,86.0,9.4,1024.0
2025-01-26 02:00:00,-2.0,93.0,5.4,1024.0
2025-01-26 03:00:00,-1.2,92.0,3.6,1026.6
2025-01-26 04:00:00,-3.0,100.0,0.0,1023.0
2025-01-26 05:00:00,-3.0,93.0,3.6,1023.0
2025-01-26 06:00:00,-0.5,84.0,5.4,1026.3
2025-01-26 07:00:00,-1.0,86.0,0.0,1024.0
2025-01-26 08:00:00,2.0,80.0,3.6,1024.0
2025-01-26 09:00:00,4.8,71.0,3.6,1024.9
2025-01-26 10:00:00,5.0,70.0,1.8,1023.0
2025-01-26 11:00:00,6.0,65.0,5.4,1022.0
2025-01-26 12:00:00,7.2,63.0,3.6,1022.8
2025-01-26 13:00:00,8.0,53.0,3.6,1021.0
2025-01-26 14:00:00,9.0,53.0,0.0,1021.0
2025-01-26 15:00:00,8.1,62.0,3.6,1021.4
2025-01-26 16:00:00,5.0,75.0,5.4,1021.0
2025-01-26 17:00:00,4.0,75.0,0.0,1021.0
2025-01-26 18:00:00,3.8,79.0,3.6,1023.0
2025-01-26 19:00:00,2.0,87.0,5.4,1021.0
2025-01-26 20:00:00,2.0,87.0,3.6,1022.0
2025-01-26 21:00:00,2.9,85.0,3.6,1023.5
2025-01-26 22:00:00,2.0,87.0,3.6,1022.0
2025-01-26 23:00:00,0.0,93.0,3.6,1022.0
2025-01-27 00:00:00,2.4,84.0,3.6,1023.7
2025-01-27 01:00:00,0.0,93.0,5.4,1023.0
2025-01-27 02:00:00,-1.0,93.0,5.4,1022.0
2025-01-27 03:00:00,0.4,94.0,3.6,1024.8
2025-01-27 04:00:00,-1.0,93.0,1.8,1022.0
2025-01-27 05:00:00,-2.0,100.0,7.6,1022.0
2025-01-27 06:00:00,-1.0,100.0,3.6,1025.5
2025-01-27 07:00:00,0.0,93.0,5.4,1022.0
2025-01-27 08:00:00,2.0,87.0,5.4,1023.0
2025-01-27 09:00:00,4.8,75.0,0.0,1023.8
2025-01-27 10:00:00,7.0,70.0,3.6,1022.0
2025-01-27 11:00:00,9.0,62.0,3.6,1021.0
2025-01-27 12:00:00,9.7,64.0,3.6,1020.8
2025-01-27 13:00:00,12.0,54.0,3.6,1019.0
2025-01-27 14:00:00,12.0,54.0,3.6,1018.0
2025-01-27 15:00:00,11.6,61.0,3.6,1018.5
2025-01-27 16:00:00,8.0,71.0,7.6,1018.0
2025-01-27 17:00:00,7.0,70.0,5.4,1018.0
2025-01-27 18:00:00,6.6,78.0,7.2,1019.3
2025-01-27 19:00:00,3.0,87.0,5.4,1018.0
2025-01-27 20:00:00,2.0,93.0,3.6,1018.0
2025-01-27 21:00:00,3.6,86.0,5.4,1020.4
2025-01-27 22:00:00,1.0,93.0,3.6,1019.0
2025-01-27 23:00:00,0.0,93.0,1.8,1018.0
2025-01-28 00:00:00,2.3,86.0,0.0,1020.4
2025-01-28 01:00:00,-1.0,100.0,3.6,1018.0
2025-01-28 02:00:00,-1.0,93.0,5.4,1017.0
2025-01-28 03:00:00,1.0,89.0,3.6,1019.7
2025-01-28 04:00:00,-2.0,93.0,7.6,1017.0
2025-01-28 05:00:00,-2.0,93.0,9.4,1017.0
2025-01-28 06:00:00,0.5,87.0,3.6,1019.5
2025-01-28 07:00:00,0.0,93.0,0.0,1017.0
2025-01-28 08:00:00,2.0,87.0,5.4,1017.0
2025-01-28 09:00:00,5.2,73.0,3.6,1018.4
2025-01-28 10:00:00,8.0,66.0,5.4,1016.0
2025-01-28 11:00:00,8.0,66.0,9.4,1016.0
2025-01-28 12:00:00,9.4,59.0,7.2,1015.9
2025-01-28 13:00:00,10.0,58.0,5.4,1014.0
2025-01-28 14:00:00,12.0,50.0,9.4,1013.0
2025-01-28 15:00:00,12.1,58.0,3.6,1013.2
2025-01-28 16:00:00,5.0,75.0,5.4,1013.0
2025-01-28 17:00:00,6.0,70.0,13.0,1013.0
2025-01-28 18:00:00,6.5,78.0,3.6,1014.7
2025-01-28 19:00:00,6.0,65.0,13.0,1014.0
2025-01-28 20:00:00,5.0,70.0,5.4,1014.0
2025-01-28 21:00:00,5.8,72.0,7.2,1015.5
2025-01-28 22:00:00,2.0,80.0,7.6,1015.0
2025-01-28 23:00:00,2.0,87.0,7.6,1015.0
2025-01-29 00:00:00,4.6,77.0,7.2,1017.0
2025-01-29 01:00:00,1.0,86.0,3.6,1016.0
2025-01-29 02:00:00,0.0,93.0,7.6,1016.0
2025-01-29 03:00:00,2.7,83.0,3.6,1018.0
2025-01-29 04:00:00,1.0,86.0,9.4,1017.0
2025-01-29 05:00:00,0.0,93.0,3.6,1017.0
2025-01-29 06:00:00,2.6,83.0,3.6,1019.4
2025-01-29 07:00:00,1.0,86.0,3.6,1019.0
2025-01-29 08:00:00,3.0,87.0,5.4,1019.0
2025-01-29 09:00:00,7.5,70.0,3.6,1019.3
2025-01-29 10:00:00,8.0,66.0,3.6,1019.0
2025-01-29 11:00:00,11.0,58.0,3.6,1018.0
2025-01-29 12:00:00,10.7,62.0,3.6,1018.2
2025-01-29 13:00:00,12.0,58.0,3.6,1017.0
2025-01-29 14:00:00,12.0,58.0,7.6,1017.0
2025-01-29 15:00:00,12.2,64.0,0.0,1017.3
2025-01-29 16:00:00,8.0,71.0,5.4,1018.0
2025-01-29 17:00:00,8.0,76.0,5.4,1018.0
2025-01-29 18:00:00,9.5,74.0,3.6,1019.0
2025-01-29 19:00:00,7.0,81.0,1.8,1019.0
2025-01-29 20:00:00,5.0,87.0,7.6,1019.0
2025-01-29 21:00:00,6.6,86.0,5.4,1020.5
2025-01-29 22:00:00,6.0,87.0,9.4,1020.0
2025-01-29 23:00:00,6.0,81.0,11.2,1020.0
2025-01-30 00:00:00,6.4,83.0,7.2,1020.6
2025-01-30 01:00:00,5.0,87.0,1.8,1019.0
2025-01-30 02:00:00,4.0,87.0,3.6,1019.0
2025-01-30 03:00:00,6.1,85.0,3.6,1020.4
2025-01-30 04:00:00,4.0,87.0,3.6,1019.0
2025-01-30 05:00:00,3.0,93.0,5.4,1020.0
2025-01-30 06:00:00,5.2,89.0,3.6,1021.2
2025-01-30 07:00:00,4.0,93.0,3.6,1021.0
2025-01-30 08:00:00,7.0,81.0,3.6,1021.0
2025-01-30 09:00:00,8.6,76.0,3.6,1021.0
2025-01-30 10:00:00,9.0,76.0,7.6,1020.0
2025-01-30 11:00:00,11.0,71.0,3.6,1020.0
2025-01-30 12:00:00,10.9,73.0,7.2,1020.1
2025-01-30 13:00:00,12.0,67.0,16.6,1020.0
2025-01-30 14:00:00,11.0,71.0,20.5,1020.0
2025-01-30 15:00:00,10.5,73.0,7.2,1020.2
2025-01-30 16:00:00,7.0,81.0,14.8,1020.0
2025-01-30 17:00:00,7.0,87.0,11.2,1021.0
2025-01-30 18:00:00,7.8,82.0,7.2,1021.6
2025-01-30 19:00:00,5.0,93.0,3.6,1022.0
2025-01-30 20:00:00,4.0,93.0,11.2,1022.0
2025-01-30 21:00:00,4.1,94.0,3.6,1023.6
2025-01-30 22:00:00,2.0,93.0,5.4,1023.0
2025-01-30 23:00:00,1.0,100.0,5.4,1023.0
2025-01-31 00:00:00,3.4,92.0,3.6,1024.1
2025-01-31 01:00:00,-1.0,100.0,7.6,1023.0
2025-01-31 02:00:00,-1.0,100.0,3.6,1023.0
2025-01-31 03:00:00,1.4,98.0,3.6,1025.1
2025-01-31 04:00:00,-1.0,100.0,5.4,1024.0
2025-01-31 05:00:00,-2.0,100.0,3.6,1024.0
2025-01-31 06:00:00,1.1,96.0,3.6,1026.3
2025-01-31 07:00:00,1.0,93.0,5.4,1025.0
2025-01-31 08:00:00,2.0,100.0,0.0,1025.0
2025-01-31 09:00:00,2.6,96.0,3.6,1027.2
2025-01-31 10:00:00,3.0,100.0,1.8,1025.0
2025-01-31 11:00:00,4.0,100.0,3.6,1025.0
2025-01-31 12:00:00,7.2,83.0,3.6,1025.4
2025-01-31 13:00:00,8.0,87.0,1.8,1024.0
2025-01-31 14:00:00,11.0,71.0,3.6,1024.0
2025-01-31 15:00:00,11.0,74.0,3.6,1024.0
2025-01-31 16:00:00,6.0,87.0,5.4,1024.0
2025-01-31 17:00:00,5.0,100.0,3.6,1025.0
2025-01-31 18:00:00,6.2,94.0,3.6,1026.2
2025-01-31 19:00:00,3.0,100.0,7.6,1026.0
2025-01-31 20:00:00,2.0,100.0,7.6,1026.0
2025-01-31 21:00:00,3.6,93.0,4.0,1027.5
2025-01-31 22:00:00,1.0,93.0,5.4,1026.0
2025-01-31 23:00:00,0.0,100.0,7.6,1027.0
2025-02-01 00:00:00,3.1,90.0,3.6,1028.2
2025-02-01 01:00:00,1.0,93.0,0.0,1027.0
2025-02-01 02:00:00,-1.0,100.0,3.6,1027.0
2025-02-01 03:00:00,1.2,92.0,3.6,1029.3
2025-02-01 04:00:00,-2.0,100.0,7.6,1027.0
2025-02-01 05:00:00,0.0,93.0,7.6,1027.0
2025-02-01 06:00:00,1.7,93.0,3.6,1029.3
2025-02-01 07:00:00,-1.0,93.0,0.0,1028.0
2025-02-01 08:00:00,1.0,93.0,0.0,1029.0
2025-02-01 09:00:00,5.0,82.0,3.6,1029.5
2025-02-01 10:00:00,7.0,87.0,3.6,1028.0
2025-02-01 11:00:00,11.0,66.0,7.6,1027.0
2025-02-01 12:00:00,12.1,56.0,7.2,1026.5
2025-02-01 13:00:00,13.0,41.0,16.6,1026.0
2025-02-01 14:00:00,14.0,36.0,14.8,1026.0
2025-02-01 15:00:00,12.0,50.0,7.2,1026.3
2025-02-01 16:00:00,8.0,53.0,7.6,1026.0
2025-02-01 17:00:00,8.0,57.0,5.4,1026.0
2025-02-01 18:00:00,8.0,61.0,7.2,1027.2
2025-02-01 19:00:00,5.0,65.0,11.2,1027.0
2025-02-01 20:00:00,2.0,80.0,5.4,1027.0
2025-02-01 21:00:00,2.6,79.0,5.4,1028.8
2025-02-01 22:00:00,-1.0,86.0,5.4,1027.0
2025-02-01 23:00:00,-1.0,93.0,5.4,1027.0
2025-02-02 00:00:00,2.6,73.0,7.2,1028.7
2025-02-02 01:00:00,-2.0,86.0,5.4,1027.0
2025-02-02 02:00:00,-2.0,93.0,7.6,1026.0
2025-02-02 03:00:00,1.9,79.0,7.2,1028.2
2025-02-02 04:00:00,-3.0,93.0,3.6,1025.0
2025-02-02 05:00:00,-2.0,93.0,5.4,1025.0
2025-02-02 06:00:00,0.8,87.0,3.6,1027.9
2025-02-02 07:00:00,0.0,86.0,3.6,1025.0
2025-02-02 08:00:00,2.0,87.0,0.0,1025.0
2025-02-02 09:00:00,4.7,88.0,3.6,1026.3
2025-02-02 10:00:00,7.0,81.0,27.7,1024.0
2025-02-02 11:00:00,7.0,76.0,25.9,1023.0
2025-02-02 12:00:00,7.8,69.0,10.8,1023.6
2025-02-02 13:00:00,7.0,76.0,29.5,1022.0
2025-02-02 14:00:00,8.0,71.0,29.5,1022.0
2025-02-02 15:00:00,8.0,71.0,7.2,1022.7
2025-02-02 16:00:00,5.0,87.0,20.5,1022.0
2025-02-02 17:00:00,4.0,87.0,18.4,1022.0
2025-02-02 18:00:00,3.2,90.0,3.6,1023.6
2025-02-02 19:00:00,4.0,87.0,16.6,1021.0
2025-02-02 20:00:00,1.0,93.0,9.4,1022.0
2025-02-02 21:00:00,1.0,96.0,5.4,1024.3
2025-02-02 22:00:00,0.0,93.0,3.6,1021.0
2025-02-02 23:00:00,0.0,100.0,5.4,1021.0
2025-02-03 00:00:00,2.0,96.0,3.6,1023.8
2025-02-03 01:00:00,-1.0,93.0,3.6,1020.0
2025-02-03 02:00:00,-1.0,93.0,1.8,1020.0
2025-02-03 03:00:00,0.3,96.0,3.6,1022.9
2025-02-03 04:00:00,0.0,93.0,3.6,1020.0
2025-02-03 05:00:00,0.0,100.0,5.4,1020.0
2025-02-03 06:00:00,1.8,96.0,1.8,1022.5
2025-02-03 07:00:00,1.0,100.0,5.4,1021.0
2025-02-03 08:00:00,2.0,93.0,5.4,1021.0
2025-02-03 09:00:00,4.5,84.0,10.8,1021.9
2025-02-03 10:00:00,5.0,75.0,31.7,1021.0
2025-02-03 11:00:00,5.0,75.0,29.5,1021.0
2025-02-03 12:00:00,5.0,75.0,14.4,1021.9
2025-02-03 13:00:00,6.0,65.0,29.5,1020.0
2025-02-03 14:00:00,5.0,65.0,29.5,1020.0
2025-02-03 15:00:00,4.0,71.0,10.8,1022.3
2025-02-03 16:00:00,4.0,65.0,24.1,1022.0
2025-02-03 17:00:00,3.0,70.0,20.5,1022.0
2025-02-03 18:00:00,2.4,69.0,14.4,1024.8
2025-02-03 19:00:00,2.0,64.0,20.5,1023.0
2025-02-03 20:00:00,2.0,64.0,13.0,1024.0
2025-02-03 21:00:00,1.0,69.0,7.2,1026.3
2025-02-03 22:00:00,-1.0,74.0,13.0,1025.0
2025-02-03 23:00:00,-1.0,74.0,13.0,1025.0
2025-02-04 00:00:00,-1.0,78.0,7.2,1027.5
2025-02-04 01:00:00,-4.0,86.0,13.0,1025.0
2025-02-04 02:00:00,-1.0,74.0,3.6,1025.0
2025-02-04 03:00:00,-1.6,79.0,3.6,1028.2
2025-02-04 04:00:00,-3.0,86.0,3.6,1026.0
2025-02-04 05:00:00,-2.0,86.0,7.6,1026.0
2025-02-04 06:00:00,-0.8,82.0,7.6,1029.3
2025-02-04 07:00:00,-1.0,86.0,7.6,1028.0
2025-02-04 08:00:00,-1.0,93.0,7.6,1028.0
2025-02-04 09:00:00,0.3,80.0,3.6,1030.1
2025-02-04 10:00:00,3.0,56.0,16.6,1028.0
2025-02-04 11:00:00,4.0,52.0,13.0,1027.0
2025-02-04 12:00:00,3.7,56.0,7.2,1028.4
2025-02-04 13:00:00,5.0,45.0,11.2,1026.0
2025-02-04 14:00:00,4.0,52.0,13.0,1026.0
2025-02-04 15:00:00,2.7,60.0,3.6,1028.7
2025-02-04 16:00:00,3.0,56.0,14.8,1027.0
2025-02-04 17:00:00,2.0,60.0,14.8,1027.0
2025-02-04 18:00:00,1.9,65.0,3.6,1029.2
2025-02-04 19:00:00,1.0,64.0,9.4,1028.0
2025-02-04 20:00:00,-1.0,69.0,3.6,1028.0
2025-02-04 21:00:00,-1.8,76.0,3.6,1031.2
2025-02-04 22:00:00,-3.0,80.0,1.8,1028.0
2025-02-04 23:00:00,-5.0,86.0,3.6,1029.0
2025-02-05 00:00:00,-3.2,92.0,3.6,1031.7
2025-02-05 01:00:00,-6.0,93.0,3.6,1029.0
2025-02-05 02:00:00,-6.0,86.0,5.4,1028.0
2025-02-05 03:00:00,-5.2,96.0,1.8,1032.2
2025-02-05 04:00:00,-7.0,93.0,11.2,1029.0
2025-02-05 05:00:00,-5.0,93.0,7.6,1029.0
2025-02-05 06:00:00,-2.4,82.0,10.8,1032.3
2025-02-05 07:00:00,-4.0,86.0,5.4,1030.0
2025-02-05 08:00:00,-1.0,74.0,22.3,1030.0
2025-02-05 09:00:00,-0.8,75.0,14.4,1032.6
2025-02-05 10:00:00,2.0,55.0,22.3,1029.0
2025-02-05 11:00:00,3.0,48.0,24.1,1029.0
2025-02-05 12:00:00,2.8,60.0,10.8,1030.3
2025-02-05 13:00:00,4.0,48.0,29.5,1027.0
2025-02-05 14:00:00,5.0,45.0,24.1,1027.0
2025-02-05 15:00:00,2.9,57.0,14.4,1030.0
2025-02-05 16:00:00,2.0,55.0,22.3,1029.0
2025-02-05 17:00:00,1.0,60.0,20.5,1029.0
2025-02-05 18:00:00,0.7,65.0,10.8,1032.2
2025-02-05 19:00:00,0.0,64.0,18.4,1030.0
2025-02-05 20:00:00,0.0,69.0,14.8,1031.0
2025-02-05 21:00:00,-0.2,77.0,10.8,1033.1
2025-02-05 22:00:00,-1.0,74.0,13.0,1031.0
2025-02-05 23:00:00,-1.0,74.0,14.8,1031.0
2025-02-06 00:00:00,-0.9,87.0,7.2,1034.3
2025-02-06 01:00:00,-1.0,74.0,14.8,1031.0
2025-02-06 02:00:00,-1.0,74.0,14.8,1030.0
2025-02-06 03:00:00,-0.6,99.0,10.8,1033.2
2025-02-06 04:00:00,0.0,74.0,14.8,1031.0
2025-02-06 05:00:00,0.0,74.0,16.6,1031.0
2025-02-06 06:00:00,-0.4,100.0,14.4,1033.6
2025-02-06 07:00:00,0.0,74.0,14.8,1032.0
2025-02-06 08:00:00,1.0,69.0,16.6,1032.0
2025-02-06 09:00:00,0.9,76.0,7.2,1034.1
2025-02-06 10:00:00,2.0,70.0,13.0,1032.0
2025-02-06 11:00:00,3.0,60.0,7.6,1032.0
2025-02-06 12:00:00,3.1,62.0,3.6,1033.0
2025-02-06 13:00:00,4.0,56.0,5.4,1031.0
2025-02-06 14:00:00,4.0,56.0,5.4,1031.0
2025-02-06 15:00:00,3.4,61.0,7.2,1032.6
2025-02-06 16:00:00,2.0,70.0,13.0,1032.0
2025-02-06 17:00:00,2.0,70.0,13.0,1032.0
2025-02-06 18:00:00,1.8,72.0,3.6,1034.3
2025-02-06 19:00:00,1.0,75.0,11.2,1033.0
2025-02-06 20:00:00,1.0,75.0,9.4,1033.0
2025-02-06 21:00:00,1.1,78.0,3.6,1035.7
2025-02-06 22:00:00,0.0,80.0,13.0,1034.0
2025-02-06 23:00:00,-2.0,80.0,13.0,1034.0
2025-02-07 00:00:00,-1.8,89.0,3.6,1040.3
2025-02-07 01:00:00,-4.0,86.0,7.6,1034.0
2025-02-07 02:00:00,-5.0,93.0,9.4,1034.0
2025-02-07 03:00:00,-4.7,98.0,3.6,1038.1
2025-02-07 04:00:00,-5.0,86.0,9.4,1035.0
2025-02-07 05:00:00,-5.0,93.0,3.6,1036.0
2025-02-07 06:00:00,-6.1,98.0,3.6,1040.3
2025-02-07 07:00:00,-3.0,80.0,3.6,1036.0
2025-02-07 08:00:00,-1.0,64.0,7.6,1037.0
2025-02-07 09:00:00,-0.6,64.0,7.2,1039.2
2025-02-07 10:00:00,1.0,55.0,13.0,1036.0
2025-02-07 11:00:00,2.0,48.0,13.0,1035.0
2025-02-07 12:00:00,1.9,56.0,10.8,1036.8
2025-02-07 13:00:00,3.0,41.0,9.4,1034.0
2025-02-07 14:00:00,4.0,35.0,9.4,1033.0
2025-02-07 15:00:00,2.6,48.0,7.2,1035.5
2025-02-07 16:00:00,0.0,51.0,9.4,1034.0
2025-02-07 17:00:00,-2.0,59.0,7.6,1034.0
2025-02-07 18:00:00,-1.2,69.0,7.2,1037.1
2025-02-07 19:00:00,-4.0,68.0,11.2,1035.0
2025-02-07 20:00:00,-5.0,80.0,5.4,1035.0
2025-02-07 21:00:00,-3.6,77.0,7.0,1039.0
2025-02-07 22:00:00,-4.0,74.0,14.8,1036.0
2025-02-07 23:00:00,-5.0,80.0,11.2,1036.0
2025-02-08 00:00:00,-5.5,86.0,3.6,1039.7
2025-02-08 01:00:00,-6.0,79.0,5.4,1035.0
2025-02-08 02:00:00,-8.0,92.0,5.4,1035.0
2025-02-08 03:00:00,-7.8,97.0,3.6,1040.0
2025-02-08 04:00:00,-9.0,92.0,0.0,1035.0
2025-02-08 05:00:00,-8.0,86.0,7.6,1035.0
2025-02-08 06:00:00,-9.1,94.0,1.8,1040.7
2025-02-08 07:00:00,-6.0,79.0,5.4,1036.0
2025-02-08 08:00:00,-3.0,68.0,0.0,1036.0
2025-02-08 09:00:00,-1.8,70.0,7.2,1038.7
2025-02-08 10:00:00,1.0,47.0,5.4,1035.0
2025-02-08 11:00:00,2.0,44.0,5.4,1034.0
2025-02-08 12:00:00,2.3,59.0,3.6,1035.7
2025-02-08 13:00:00,3.0,44.0,13.0,1033.0
2025-02-08 14:00:00,3.0,44.0,11.2,1032.0
2025-02-08 15:00:00,1.5,65.0,7.2,1034.7
2025-02-08 16:00:00,-1.0,64.0,5.4,1033.0
2025-02-08 17:00:00,-3.0,68.0,7.6,1033.0
2025-02-08 18:00:00,-3.2,84.0,7.2,1036.7
2025-02-08 19:00:00,-5.0,80.0,7.6,1034.0
2025-02-08 20:00:00,-5.0,80.0,7.6,1034.0
2025-02-08 21:00:00,-5.1,93.0,7.2,1037.7
2025-02-08 22:00:00,-7.0,86.0,7.6,1034.0
2025-02-08 23:00:00,-8.0,92.0,1.8,1034.0
2025-02-09 00:00:00,-6.6,98.0,3.6,1037.7
2025-02-09 01:00:00,-8.0,92.0,3.6,1033.0
2025-02-09 02:00:00,-9.0,92.0,0.0,1033.0
2025-02-09 03:00:00,-7.9,97.0,3.6,1037.6
2025-02-09 04:00:00,-8.0,92.0,3.6,1033.0
2025-02-09 05:00:00,-8.0,92.0,9.4,1033.0
2025-02-09 06:00:00,-7.2,100.0,7.2,1037.5
2025-02-09 07:00:00,-6.0,79.0,11.2,1033.0
2025-02-09 08:00:00,-4.0,80.0,14.8,1033.0
2025-02-09 09:00:00,-3.4,98.0,7.2,1036.1
2025-02-09 10:00:00,-1.0,69.0,16.6,1033.0
2025-02-09 11:00:00,0.0,59.0,16.6,1032.0
2025-02-09 12:00:00,0.2,99.0,10.8,1033.5
2025-02-09 13:00:00,1.0,51.0,11.2,1030.0
2025-02-09 14:00:00,2.0,48.0,9.4,1030.0
2025-02-09 15:00:00,1.1,51.0,7.2,1031.8
2025-02-09 16:00:00,-1.0,59.0,16.6,1030.0
2025-02-09 17:00:00,-3.0,63.0,3.6,1030.0
2025-02-09 18:00:00,-4.1,89.0,3.6,1033.9
2025-02-09 19:00:00,-6.0,79.0,7.6,1030.0
2025-02-09 20:00:00,-8.0,86.0,5.4,1031.0
2025-02-09 21:00:00,-5.9,83.0,7.0,1034.7
2025-02-09 22:00:00,-9.0,92.0,3.6,1030.0
2025-02-09 23:00:00,-10.0,92.0,0.0,1030.0
2025-02-10 00:00:00,-8.3,92.0,0.0,1034.6
2025-02-10 01:00:00,-9.0,85.0,5.4,1029.0
2025-02-10 02:00:00,-10.0,85.0,3.6,1029.0
2025-02-10 03:00:00,-10.3,77.0,3.6,1034.5
2025-02-10 04:00:00,-11.0,85.0,5.4,1029.0
2025-02-10 05:00:00,-12.0,92.0,3.6,1029.0
2025-02-10 06:00:00,-9.6,94.0,5.4,1034.1
2025-02-10 07:00:00,-8.0,86.0,0.0,1029.0
2025-02-10 08:00:00,-6.0,79.0,3.6,1029.0
2025-02-10 09:00:00,-3.4,75.0,1.8,1032.0
2025-02-10 10:00:00,-2.0,64.0,3.6,1028.0
2025-02-10 11:00:00,1.0,51.0,5.4,1027.0
2025-02-10 12:00:00,1.1,63.0,5.4,1029.2
2025-02-10 13:00:00,4.0,38.0,3.6,1026.0
2025-02-10 14:00:00,5.0,30.0,1.8,1025.0
2025-02-10 15:00:00,3.6,62.0,7.6,1027.4
2025-02-10 16:00:00,2.0,41.0,11.2,1026.0
2025-02-10 17:00:00,0.0,47.0,9.4,1027.0
2025-02-10 18:00:00,-1.3,56.0,7.2,1030.1
2025-02-10 19:00:00,-4.0,68.0,9.4,1028.0
2025-02-10 20:00:00,-5.0,68.0,11.2,1028.0
2025-02-10 21:00:00,-4.6,100.0,4.0,1031.4
2025-02-10 22:00:00,-8.0,79.0,1.8,1028.0
2025-02-10 23:00:00,-9.0,92.0,1.8,1028.0
2025-02-11 00:00:00,-7.3,100.0,0.0,1032.9
2025-02-11 01:00:00,-9.0,85.0,0.0,1028.0
2025-02-11 02:00:00,-8.0,79.0,1.8,1028.0
2025-02-11 03:00:00,-8.8,97.0,1.8,1033.3
2025-02-11 04:00:00,-11.0,85.0,3.6,1028.0
2025-02-11 05:00:00,-11.0,92.0,3.6,1029.0
2025-02-11 06:00:00,-9.8,97.0,3.6,1034.4
2025-02-11 07:00:00,-7.0,79.0,5.4,1030.0
2025-02-11 08:00:00,-4.0,74.0,3.6,1030.0
2025-02-11 09:00:00,-2.6,96.0,3.6,1032.7
2025-02-11 10:00:00,1.0,47.0,5.4,1029.0
2025-02-11 11:00:00,3.0,35.0,3.6,1028.0
2025-02-11 12:00:00,2.8,50.0,7.2,1030.0
2025-02-11 13:00:00,5.0,30.0,7.6,1027.0
2025-02-11 14:00:00,4.0,28.0,16.6,1027.0
2025-02-11 15:00:00,2.9,56.0,7.2,1029.3
2025-02-11 16:00:00,0.0,43.0,11.2,1027.0
2025-02-11 17:00:00,-2.0,54.0,5.4,1028.0
2025-02-11 18:00:00,-2.9,72.0,4.0,1031.3
2025-02-11 19:00:00,-5.0,63.0,7.0,1029.0
2025-02-11 20:00:00,-5.0,63.0,5.4,1029.0
2025-02-11 21:00:00,-5.1,82.0,4.0,1033.1
2025-02-11 22:00:00,-7.0,73.0,9.4,1030.0
2025-02-11 23:00:00,-8.0,73.0,5.4,1030.0
2025-02-12 00:00:00,-7.9,92.0,3.6,1034.0
2025-02-12 01:00:00,-9.0,85.0,5.4,1029.0
2025-02-12 02:00:00,-9.0,85.0,3.6,1029.0
2025-02-12 03:00:00,-9.2,94.0,1.8,1034.3
2025-02-12 04:00:00,-11.0,92.0,3.6,1030.0
2025-02-12 05:00:00,-11.0,85.0,3.6,1030.0
2025-02-12 06:00:00,-10.2,97.0,0.0,1035.2
2025-02-12 07:00:00,-6.0,68.0,3.6,1030.0
2025-02-12 08:00:00,-5.0,68.0,3.6,1030.0
2025-02-12 09:00:00,-2.5,92.0,3.6,1033.0
2025-02-12 10:00:00,2.0,41.0,7.6,1029.0
2025-02-12 11:00:00,3.0,38.0,5.4,1028.0
2025-02-12 12:00:00,3.6,51.0,3.6,1029.2
2025-02-12 13:00:00,6.0,28.0,3.6,1026.0
2025-02-12 14:00:00,6.0,28.0,14.8,1026.0
2025-02-12 15:00:00,4.4,39.0,7.2,1027.3
2025-02-12 16:00:00,3.0,38.0,16.6,1026.0
2025-02-12 17:00:00,2.0,41.0,18.4,1026.0
2025-02-12 18:00:00,1.6,52.0,3.6,1028.5
2025-02-12 19:00:00,1.0,44.0,22.3,1026.0
2025-02-12 20:00:00,1.0,44.0,22.3,1026.0
2025-02-12 21:00:00,0.4,55.0,3.6,1029.3
2025-02-12 22:00:00,1.0,51.0,20.5,1027.0
2025-02-12 23:00:00,1.0,51.0,14.8,1027.0
2025-02-13 00:00:00,-0.5,81.0,3.6,1029.6
2025-02-13 01:00:00,-1.0,80.0,5.4,1026.0
2025-02-13 02:00:00,-1.0,74.0,7.6,1025.0
2025-02-13 03:00:00,-1.0,86.0,7.6,1028.3
2025-02-13 04:00:00,-1.0,80.0,11.2,1025.0
2025-02-13 05:00:00,-1.0,80.0,13.0,1025.0
2025-02-13 06:00:00,-0.8,90.0,3.6,1028.1
2025-02-13 07:00:00,0.0,80.0,14.8,1025.0
2025-02-13 08:00:00,0.0,74.0,14.8,1025.0
2025-02-13 09:00:00,0.8,83.0,3.6,1027.2
2025-02-13 10:00:00,2.0,64.0,5.4,1024.0
2025-02-13 11:00:00,3.0,60.0,5.4,1023.0
2025-02-13 12:00:00,4.1,64.0,3.6,1024.4
2025-02-13 13:00:00,5.0,56.0,5.4,1021.0
2025-02-13 14:00:00,5.0,61.0,7.6,1021.0
2025-02-13 15:00:00,5.0,62.0,7.2,1022.3
2025-02-13 16:00:00,4.0,60.0,7.6,1020.0
2025-02-13 17:00:00,1.0,69.0,11.2,1020.0
2025-02-13 18:00:00,1.6,75.0,3.6,1022.7
2025-02-13 19:00:00,1.0,75.0,7.6,1020.0
2025-02-13 20:00:00,1.0,75.0,7.6,1020.0
2025-02-13 21:00:00,0.6,85.0,3.6,1022.7
2025-02-13 22:00:00,0.0,86.0,5.4,1020.0
2025-02-13 23:00:00,-1.0,93.0,1.8,1019.0
2025-02-14 00:00:00,-1.6,93.0,3.6,1022.6
2025-02-14 01:00:00,-3.0,93.0,7.6,1018.0
2025-02-14 02:00:00,-3.0,86.0,5.4,1018.0
2025-02-14 03:00:00,-2.8,96.0,7.6,1021.7
2025-02-14 04:00:00,-3.0,93.0,1.8,1018.0
2025-02-14 05:00:00,-4.0,93.0,5.4,1017.0
2025-02-14 06:00:00,-3.2,100.0,3.6,1021.3
2025-02-14 07:00:00,-1.0,86.0,1.8,1017.0
2025-02-14 08:00:00,3.0,75.0,3.6,1017.0
2025-02-14 09:00:00,3.3,55.0,3.6,1019.2
2025-02-14 10:00:00,6.0,65.0,3.6,1017.0
2025-02-14 11:00:00,8.0,57.0,5.4,1016.0
2025-02-14 12:00:00,7.7,61.0,3.6,1016.3
2025-02-14 13:00:00,10.0,50.0,3.6,1014.0
2025-02-14 14:00:00,11.0,47.0,7.6,1014.0
2025-02-14 15:00:00,9.8,58.0,3.6,1014.0
2025-02-14 16:00:00,9.0,53.0,5.4,1013.0
2025-02-14 17:00:00,7.0,61.0,9.4,1013.0
2025-02-14 18:00:00,5.6,73.0,11.2,1014.9
2025-02-14 19:00:00,7.0,57.0,11.2,1014.0
2025-02-14 20:00:00,4.0,70.0,1.8,1014.0
2025-02-14 21:00:00,3.2,80.0,3.6,1016.0
2025-02-14 22:00:00,0.0,86.0,0.0,1014.0
2025-02-14 23:00:00,0.0,86.0,5.4,1015.0
2025-02-15 00:00:00,1.4,85.0,3.6,1016.7
2025-02-15 01:00:00,-2.0,93.0,3.6,1014.0
2025-02-15 02:00:00,-2.0,93.0,3.6,1014.0
2025-02-15 03:00:00,0.2,92.0,1.8,1017.0
2025-02-15 04:00:00,-3.0,93.0,7.6,1014.0
2025-02-15 05:00:00,-3.0,93.0,5.4,1015.0
2025-02-15 06:00:00,-0.8,96.0,3.6,1017.7
2025-02-15 07:00:00,0.0,86.0,0.0,1016.0
2025-02-15 08:00:00,2.0,80.0,5.4,1016.0
2025-02-15 09:00:00,4.1,83.0,10.8,1017.7
2025-02-15 10:00:00,4.0,75.0,24.1,1017.0
2025-02-15 11:00:00,5.0,70.0,27.7,1016.0
2025-02-15 12:00:00,4.0,70.0,14.4,1017.8
2025-02-15 13:00:00,5.0,65.0,27.7,1016.0
2025-02-15 14:00:00,5.0,61.0,27.7,1016.0
2025-02-15 15:00:00,3.7,66.0,14.4,1017.7
2025-02-15 16:00:00,2.0,70.0,18.4,1017.0
2025-02-15 17:00:00,1.0,75.0,20.5,1017.0
2025-02-15 18:00:00,1.0,78.0,7.2,1019.2
2025-02-15 19:00:00,1.0,80.0,13.0,1017.0
2025-02-15 20:00:00,1.0,80.0,14.8,1017.0
2025-02-15 21:00:00,1.0,80.0,7.2,1019.8
2025-02-15 22:00:00,1.0,75.0,9.4,1018.0
2025-02-15 23:00:00,1.0,75.0,0.0,1018.0
2025-02-16 00:00:00,0.7,85.0,3.6,1019.9
2025-02-16 01:00:00,1.0,80.0,1.8,1017.0
2025-02-16 02:00:00,0.0,86.0,5.4,1016.0
2025-02-16 03:00:00,0.2,84.0,3.6,1019.1
2025-02-16 04:00:00,0.0,86.0,3.6,1016.0
2025-02-16 05:00:00,0.0,93.0,3.6,1016.0
2025-02-16 06:00:00,0.1,92.0,3.6,1018.6
2025-02-16 07:00:00,1.0,86.0,1.8,1016.0
2025-02-16 08:00:00,1.0,86.0,0.0,1016.0
2025-02-16 09:00:00,2.0,88.0,7.2,1018.1
2025-02-16 10:00:00,4.0,75.0,18.4,1016.0
2025-02-16 11:00:00,4.0,75.0,18.4,1015.0
2025-02-16 12:00:00,3.3,78.0,7.2,1016.5
2025-02-16 13:00:00,5.0,70.0,20.5,1014.0
2025-02-16 14:00:00,4.0,75.0,18.4,1014.0
2025-02-16 15:00:00,3.5,80.0,7.2,1016.0
2025-02-16 16:00:00,3.0,81.0,18.4,1015.0
2025-02-16 17:00:00,2.0,87.0,20.5,1015.0
2025-02-16 18:00:00,1.5,87.0,7.2,1017.0
2025-02-16 19:00:00,2.0,80.0,9.4,1015.0
2025-02-16 20:00:00,2.0,80.0,5.4,1015.0
2025-02-16 21:00:00,0.3,84.0,7.2,1017.7
2025-02-16 22:00:00,1.0,75.0,7.6,1015.0
2025-02-16 23:00:00,-1.0,93.0,7.6,1016.0
2025-02-17 00:00:00,-0.2,94.0,3.6,1018.0
2025-02-17 01:00:00,0.0,93.0,3.6,1015.0
2025-02-17 02:00:00,-2.0,100.0,11.2,1016.0
2025-02-17 03:00:00,-2.5,98.0,13.0,1018.6
2025-02-17 04:00:00,-2.0,93.0,0.0,1016.0
2025-02-17 05:00:00,-3.0,100.0,5.4,1016.0
2025-02-17 06:00:00,-2.5,98.0,3.6,1019.4
2025-02-17 07:00:00,-3.0,93.0,5.4,1017.0
2025-02-17 08:00:00,-2.0,93.0,3.6,1017.0
2025-02-17 09:00:00,-2.4,94.0,3.6,1020.9
2025-02-17 10:00:00,-2.0,93.0,0.0,1018.0
2025-02-17 11:00:00,-1.0,93.0,5.4,1017.0
2025-02-17 12:00:00,-1.6,94.0,7.2,1020.5
2025-02-17 13:00:00,-1.0,86.0,5.4,1017.0
2025-02-17 14:00:00,-2.0,93.0,5.4,1018.0
2025-02-17 15:00:00,-1.6,94.0,3.6,1021.0
2025-02-17 16:00:00,-2.0,93.0,5.4,1019.0
2025-02-17 17:00:00,-3.0,93.0,5.4,1020.0
2025-02-17 18:00:00,-3.4,92.0,3.6,1023.2
2025-02-17 19:00:00,-3.0,86.0,9.4,1020.0
2025-02-17 20:00:00,-3.0,80.0,7.6,1020.0
2025-02-17 21:00:00,-4.0,89.0,3.6,1023.9
2025-02-17 22:00:00,-4.0,86.0,9.4,1021.0
2025-02-17 23:00:00,-4.0,86.0,7.6,1021.0
2025-02-18 00:00:00,-4.4,91.0,3.6,1024.1
2025-02-18 01:00:00,-5.0,93.0,9.4,1021.0
2025-02-18 02:00:00,-5.0,93.0,9.4,1020.0
2025-02-18 03:00:00,-4.8,96.0,3.6,1024.4
2025-02-18 04:00:00,-5.0,93.0,9.4,1021.0
2025-02-18 05:00:00,-5.0,86.0,7.6,1021.0
2025-02-18 06:00:00,-5.0,93.0,3.6,1025.6
2025-02-18 07:00:00,-5.0,86.0,7.6,1022.0
2025-02-18 08:00:00,-4.0,80.0,3.6,1022.0
2025-02-18 09:00:00,-2.3,79.0,3.6,1025.1
2025-02-18 10:00:00,0.0,64.0,3.6,1022.0
2025-02-18 11:00:00,-2.0,74.0,5.4,1021.0
2025-02-18 12:00:00,-1.2,76.0,3.6,1024.2
2025-02-18 13:00:00,-1.0,69.0,7.6,1021.0
2025-02-18 14:00:00,-1.0,74.0,5.4,1021.0
2025-02-18 15:00:00,-0.8,77.0,3.6,1024.4
2025-02-18 16:00:00,-1.0,74.0,5.4,1022.0
2025-02-18 17:00:00,-2.0,80.0,5.4,1022.0
2025-02-18 18:00:00,-2.3,87.0,7.2,1025.8
2025-02-18 19:00:00,-3.0,80.0,14.8,1024.0
2025-02-18 20:00:00,-3.0,80.0,16.6,1024.0
2025-02-18 21:00:00,-3.7,83.0,10.8,1027.7
2025-02-18 22:00:00,-4.0,80.0,18.4,1024.0
2025-02-18 23:00:00,-4.0,80.0,22.3,1025.0
2025-02-19 00:00:00,-4.5,83.0,10.8,1028.8
2025-02-19 01:00:00,-6.0,79.0,14.8,1026.0
2025-02-19 02:00:00,-6.0,79.0,13.0,1026.0
2025-02-19 03:00:00,-6.1,88.0,7.2,1029.9
2025-02-19 04:00:00,-8.0,92.0,11.2,1027.0
2025-02-19 05:00:00,-6.0,79.0,5.4,1027.0
2025-02-19 06:00:00,-5.4,88.0,3.6,1031.1
2025-02-19 07:00:00,-6.0,93.0,9.4,1028.0
2025-02-19 08:00:00,-4.0,80.0,11.2,1028.0
2025-02-19 09:00:00,-2.9,76.0,7.2,1032.2
2025-02-19 10:00:00,-2.0,64.0,14.8,1029.0
2025-02-19 11:00:00,-1.0,64.0,11.2,1029.0
2025-02-19 12:00:00,-2.1,73.0,7.2,1031.7
2025-02-19 13:00:00,-2.0,64.0,5.4,1028.0
2025-02-19 14:00:00,-1.0,55.0,1.8,1028.0
2025-02-19 15:00:00,-2.1,68.0,3.6,1031.8
2025-02-19 16:00:00,-3.0,63.0,5.4,1029.0
2025-02-19 17:00:00,-4.0,63.0,5.4,1030.0
2025-02-19 18:00:00,-5.6,83.0,3.6,1034.4
2025-02-19 19:00:00,-6.0,73.0,5.4,1030.0
2025-02-19 20:00:00,-8.0,86.0,7.6,1030.0
2025-02-19 21:00:00,-7.8,89.0,3.6,1035.3
2025-02-19 22:00:00,-9.0,85.0,5.4,1031.0
2025-02-19 23:00:00,-11.0,85.0,1.8,1031.0
2025-02-20 00:00:00,-11.0,93.0,3.6,1036.4
2025-02-20 01:00:00,-13.0,92.0,9.4,1031.0
2025-02-20 02:00:00,-12.0,85.0,5.4,1031.0
2025-02-20 03:00:00,-12.8,96.0,3.6,1036.8
2025-02-20 04:00:00,-15.0,92.0,0.0,1031.0
2025-02-20 05:00:00,-14.0,85.0,3.6,1031.0
2025-02-20 06:00:00,-11.5,93.0,3.6,1036.8
2025-02-20 07:00:00,-12.0,78.0,7.6,1032.0
2025-02-20 08:00:00,-10.0,79.0,7.6,1032.0
2025-02-20 09:00:00,-6.0,76.0,3.6,1035.6
2025-02-20 10:00:00,-6.0,68.0,0.0,1031.0
2025-02-20 11:00:00,-4.0,63.0,3.6,1031.0
2025-02-20 12:00:00,-1.6,65.0,7.2,1033.3
2025-02-20 13:00:00,0.0,51.0,1.8,1030.0
2025-02-20 14:00:00,0.0,47.0,0.0,1030.0
2025-02-20 15:00:00,-0.7,64.0,3.6,1032.3
2025-02-20 16:00:00,-1.0,47.0,0.0,1030.0
2025-02-20 17:00:00,-3.0,58.0,5.4,1030.0
2025-02-20 18:00:00,-6.1,88.0,3.6,1034.3
2025-02-20 19:00:00,-7.0,73.0,6.0,1031.0
2025-02-20 20:00:00,-7.0,79.0,7.0,1031.0
2025-02-20 21:00:00,-6.3,77.0,4.0,1035.0
2025-02-20 22:00:00,-9.0,85.0,11.2,1031.0
2025-02-20 23:00:00,-10.0,92.0,0.0,1031.0
2025-02-21 00:00:00,-8.0,89.0,7.2,1036.0
2025-02-21 01:00:00,-11.0,92.0,0.0,1031.0
2025-02-21 02:00:00,-12.0,92.0,0.0,1031.0
2025-02-21 03:00:00,-9.9,94.0,0.0,1036.8
2025-02-21 04:00:00,-10.0,92.0,0.0,1032.0
2025-02-21 05:00:00,-8.0,79.0,1.8,1032.0
2025-02-21 06:00:00,-8.4,85.0,7.2,1036.3
2025-02-21 07:00:00,-8.0,86.0,5.4,1033.0
2025-02-21 08:00:00,-5.0,74.0,0.0,1033.0
2025-02-21 09:00:00,-2.8,72.0,3.6,1036.5
2025-02-21 10:00:00,-2.0,59.0,0.0,1034.0
2025-02-21 11:00:00,-2.0,54.0,11.2,1034.0
2025-02-21 12:00:00,-0.9,77.0,7.2,1035.9
2025-02-21 13:00:00,-1.0,50.0,14.8,1033.0
2025-02-21 14:00:00,0.0,51.0,18.4,1033.0
2025-02-21 15:00:00,-1.0,47.0,7.2,1036.0
2025-02-21 16:00:00,-2.0,54.0,11.2,1033.0
2025-02-21 17:00:00,-3.0,58.0,13.0,1034.0
2025-02-21 18:00:00,-4.2,69.0,3.6,1037.9
2025-02-21 19:00:00,-6.0,73.0,9.4,1034.0
2025-02-21 20:00:00,-7.0,73.0,9.4,1035.0
2025-02-21 21:00:00,-6.8,77.0,7.2,1038.6
2025-02-21 22:00:00,-9.0,79.0,9.4,1034.0
2025-02-21 23:00:00,-9.0,79.0,7.6,1035.0
2025-02-22 00:00:00,-8.7,85.0,7.2,1039.6
2025-02-22 01:00:00,-9.0,79.0,11.2,1035.0
2025-02-22 02:00:00,-10.0,79.0,11.2,1035.0
2025-02-22 03:00:00,-9.6,87.0,7.2,1039.6
2025-02-22 04:00:00,-10.0,79.0,7.6,1034.0
2025-02-22 05:00:00,-10.0,79.0,7.6,1034.0
2025-02-22 06:00:00,-10.5,90.0,7.2,1039.6
2025-02-22 07:00:00,-8.0,73.0,5.4,1034.0
2025-02-22 08:00:00,-7.0,73.0,3.6,1034.0
2025-02-22 09:00:00,-4.8,73.0,3.6,1037.1
2025-02-22 10:00:00,-2.0,59.0,7.6,1033.0
2025-02-22 11:00:00,-1.0,55.0,3.6,1032.0
2025-02-22 12:00:00,-1.2,73.0,3.6,1033.9
2025-02-22 13:00:00,0.0,51.0,9.4,1030.0
2025-02-22 14:00:00,0.0,47.0,9.4,1030.0
2025-02-22 15:00:00,-0.1,51.0,7.2,1031.8
2025-02-22 16:00:00,0.0,51.0,7.6,1029.0
2025-02-22 17:00:00,-2.0,69.0,16.6,1030.0
2025-02-22 18:00:00,-2.6,100.0,3.6,1032.8
2025-02-22 19:00:00,-4.0,68.0,24.1,1030.0
2025-02-22 20:00:00,-4.0,68.0,22.3,1030.0
2025-02-22 21:00:00,-5.3,98.0,3.6,1034.1
2025-02-22 22:00:00,-6.0,73.0,24.1,1031.0
2025-02-22 23:00:00,-6.0,73.0,20.5,1031.0
2025-02-23 00:00:00,-7.5,98.0,3.6,1035.4
2025-02-23 01:00:00,-6.0,68.0,11.2,1031.0
2025-02-23 02:00:00,-7.0,68.0,11.2,1031.0
2025-02-23 03:00:00,-7.3,98.0,3.6,1035.4
2025-02-23 04:00:00,-7.0,68.0,11.2,1031.0
2025-02-23 05:00:00,-7.0,68.0,11.2,1031.0
2025-02-23 06:00:00,-7.6,97.0,1.8,1035.7
2025-02-23 07:00:00,-5.0,58.0,9.4,1032.0
2025-02-23 08:00:00,-3.0,50.0,3.6,1032.0
2025-02-23 09:00:00,-2.0,81.0,3.6,1034.2
2025-02-23 10:00:00,-1.0,55.0,5.4,1031.0
2025-02-23 11:00:00,0.0,47.0,3.6,1031.0
2025-02-23 12:00:00,1.0,61.0,7.2,1032.4
2025-02-23 13:00:00,2.0,44.0,5.4,1030.0
2025-02-23 14:00:00,4.0,41.0,3.6,1029.0
2025-02-23 15:00:00,2.5,71.0,0.0,1030.8
2025-02-23 16:00:00,1.0,55.0,0.0,1029.0
2025-02-23 17:00:00,0.0,64.0,18.4,1029.0
2025-02-23 18:00:00,-1.2,100.0,3.6,1032.6
2025-02-23 19:00:00,-2.0,69.0,24.1,1030.0
2025-02-23 20:00:00,-2.0,69.0,24.1,1030.0
2025-02-23 21:00:00,-2.0,98.0,7.2,1033.2
2025-02-23 22:00:00,-2.0,69.0,22.3,1030.0
2025-02-23 23:00:00,-2.0,69.0,18.4,1030.0
2025-02-24 00:00:00,-2.4,100.0,3.6,1033.1
2025-02-24 01:00:00,-2.0,74.0,16.6,1030.0
2025-02-24 02:00:00,-2.0,74.0,16.6,1030.0
2025-02-24 03:00:00,-2.5,100.0,3.6,1032.7
2025-02-24 04:00:00,-2.0,74.0,13.0,1029.0
2025-02-24 05:00:00,-2.0,74.0,11.2,1029.0
2025-02-24 06:00:00,-2.6,92.0,3.6,1032.8
2025-02-24 07:00:00,-2.0,74.0,5.4,1030.0
2025-02-24 08:00:00,-1.0,69.0,0.0,1030.0
2025-02-24 09:00:00,-1.0,77.0,3.6,1032.1
2025-02-24 10:00:00,0.0,69.0,0.0,1029.0
2025-02-24 11:00:00,0.0,64.0,3.6,1029.0
2025-02-24 12:00:00,0.0,80.0,3.6,1031.3
2025-02-24 13:00:00,1.0,64.0,5.4,1027.0
2025-02-24 14:00:00,2.0,64.0,5.4,1027.0
2025-02-24 15:00:00,1.6,73.0,3.6,1029.0
2025-02-24 16:00:00,1.0,80.0,5.4,1026.0
2025-02-24 17:00:00,1.0,80.0,1.8,1026.0
2025-02-24 18:00:00,0.9,82.0,0.0,1028.0
2025-02-24 19:00:00,1.0,75.0,3.6,1025.0
2025-02-24 20:00:00,1.0,80.0,5.4,1025.0
2025-02-24 21:00:00,1.0,84.0,3.6,1027.6
2025-02-24 22:00:00,1.0,80.0,3.6,1025.0
2025-02-24 23:00:00,1.0,80.0,3.6,1025.0
2025-02-25 00:00:00,0.9,90.0,5.4,1027.0
2025-02-25 01:00:00,1.0,86.0,7.6,1023.0
2025-02-25 02:00:00,1.0,86.0,5.4,1023.0
2025-02-25 03:00:00,1.0,92.0,0.0,1025.9
2025-02-25 04:00:00,0.0,93.0,0.0,1023.0
2025-02-25 05:00:00,1.0,86.0,3.6,1023.0
2025-02-25 06:00:00,1.1,94.0,3.6,1024.9
2025-02-25 07:00:00,1.0,93.0,5.4,1023.0
2025-02-25 08:00:00,3.0,87.0,3.6,1023.0
2025-02-25 09:00:00,3.3,87.0,3.6,1025.0
2025-02-25 10:00:00,6.0,76.0,7.6,1023.0
2025-02-25 11:00:00,8.0,71.0,5.4,1022.0
2025-02-25 12:00:00,7.8,72.0,3.6,1022.1
2025-02-25 13:00:00,9.0,57.0,11.2,1020.0
2025-02-25 14:00:00,10.0,54.0,7.6,1020.0
2025-02-25 15:00:00,8.3,66.0,3.6,1020.9
2025-02-25 16:00:00,7.0,70.0,7.6,1020.0
2025-02-25 17:00:00,4.0,75.0,1.8,1020.0
2025-02-25 18:00:00,2.9,85.0,3.6,1022.4
2025-02-25 19:00:00,2.0,87.0,13.0,1020.0
2025-02-25 20:00:00,1.0,86.0,3.6,1021.0
2025-02-25 21:00:00,1.8,84.0,3.6,1023.1
2025-02-25 22:00:00,-1.0,100.0,1.8,1023.2
2025-02-25 23:00:00,0.0,93.0,7.6,1021.0
2025-02-26 00:00:00,0.3,90.0,3.6,1023.5
2025-02-26 01:00:00,0.0,93.0,7.6,1021.0
2025-02-26 02:00:00,-3.0,93.0,3.6,1020.0
2025-02-26 03:00:00,-0.9,94.0,3.6,1023.4
2025-02-26 04:00:00,-2.0,93.0,3.6,1020.0
2025-02-26 05:00:00,-3.0,100.0,1.8,1020.0
2025-02-26 06:00:00,-0.6,96.0,3.6,1023.5
2025-02-26 07:00:00,-1.0,93.0,3.6,1021.0
2025-02-26 08:00:00,0.0,100.0,3.6,1021.0
2025-02-26 09:00:00,2.6,79.0,3.6,1022.6
2025-02-26 10:00:00,5.0,75.0,3.6,1020.0
2025-02-26 11:00:00,9.0,62.0,5.4,1019.0
2025-02-26 12:00:00,8.3,67.0,7.2,1019.6
2025-02-26 13:00:00,11.0,58.0,9.4,1018.0
2025-02-26 14:00:00,12.0,58.0,9.4,1018.0
2025-02-26 15:00:00,10.7,62.0,3.6,1017.5
2025-02-26 16:00:00,10.0,62.0,5.4,1018.0
2025-02-26 17:00:00,10.0,62.0,5.4,1018.0
2025-02-26 18:00:00,8.2,75.0,3.6,1018.9
2025-02-26 19:00:00,7.0,70.0,16.6,1019.0
2025-02-26 20:00:00,6.0,76.0,13.0,1020.0
2025-02-26 21:00:00,5.5,79.0,3.6,1021.1
2025-02-26 22:00:00,4.0,81.0,11.2,1020.0
2025-02-26 23:00:00,3.0,81.0,11.2,1020.0
2025-02-27 00:00:00,3.1,85.0,3.6,1022.0
2025-02-27 01:00:00,3.0,81.0,7.6,1019.0
2025-02-27 02:00:00,3.0,87.0,7.6,1019.0
2025-02-27 03:00:00,3.2,89.0,3.6,1021.4
2025-02-27 04:00:00,3.0,87.0,0.0,1019.0
2025-02-27 05:00:00,1.0,93.0,0.0,1019.0
2025-02-27 06:00:00,1.3,92.0,3.6,1022.0
2025-02-27 07:00:00,5.0,75.0,0.0,1020.0
2025-02-27 08:00:00,6.0,76.0,3.6,1020.0
2025-02-27 09:00:00,8.1,69.0,3.6,1020.1
2025-02-27 10:00:00,10.0,62.0,5.4,1019.0
2025-02-27 11:00:00,12.0,54.0,3.6,1018.0
2025-02-27 12:00:00,12.7,57.0,3.6,1018.4
2025-02-27 13:00:00,13.0,54.0,1.8,1017.0
2025-02-27 14:00:00,13.0,54.0,0.0,1016.0
2025-02-27 15:00:00,11.9,62.0,3.6,1016.7
2025-02-27 16:00:00,10.0,71.0,11.2,1017.0
2025-02-27 17:00:00,8.0,71.0,22.3,1017.0
2025-02-27 18:00:00,8.5,72.0,3.6,1018.3
2025-02-27 19:00:00,8.0,71.0,14.8,1018.0
2025-02-27 20:00:00,7.0,76.0,16.6,1019.0
2025-02-27 21:00:00,7.4,73.0,7.2,1019.4
2025-02-27 22:00:00,7.0,81.0,18.4,1019.0
2025-02-27 23:00:00,6.0,87.0,13.0,1019.0
2025-02-28 00:00:00,4.9,89.0,3.6,1020.2
2025-02-28 01:00:00,5.0,87.0,7.6,1019.0
2025-02-28 02:00:00,4.0,93.0,9.4,1018.0
2025-02-28 03:00:00,4.1,89.0,3.6,1020.0
2025-02-28 04:00:00,5.0,87.0,3.6,1019.0
2025-02-28 05:00:00,5.0,87.0,7.6,1019.0
2025-02-28 06:00:00,5.1,83.0,7.2,1020.5
2025-02-28 07:00:00,6.0,81.0,1.8,1020.0
2025-02-28 08:00:00,7.0,81.0,5.4,1020.0
2025-02-28 09:00:00,8.5,75.0,3.6,1019.9
2025-02-28 10:00:00,11.0,66.0,16.6,1020.0
2025-02-28 11:00:00,11.0,66.0,14.8,1019.0
2025-02-28 12:00:00,11.0,66.0,7.0,1018.9
2025-02-28 13:00:00,13.0,58.0,15.0,1018.0
2025-02-28 14:00:00,13.0,54.0,17.0,1018.0
2025-02-28 15:00:00,12.3,61.0,7.0,1018.0
2025-02-28 16:00:00,11.0,67.0,11.0,1019.0
2025-02-28 17:00:00,9.0,76.0,19.0,1019.0
2025-02-28 18:00:00,9.0,75.0,7.0,1019.5
2025-02-28 19:00:00,8.0,81.0,19.0,1020.0
2025-02-28 20:00:00,7.0,93.0,18.4,1021.0
2025-02-28 21:00:00,7.4,87.0,7.2,1021.3
2025-02-28 22:00:00,7.0,87.0,20.5,1021.0
2025-02-28 23:00:00,7.0,87.0,20.5,1021.0
2025-03-01 00:00:00,6.2,94.0,7.2,1021.9
2025-03-01 01:00:00,6.0,93.0,16.6,1021.0
2025-03-01 02:00:00,6.0,93.0,14.8,1021.0
2025-03-01 03:00:00,5.8,94.0,7.2,1021.8
2025-03-01 04:00:00,6.0,93.0,18.4,1021.0
2025-03-01 05:00:00,6.0,93.0,16.6,1021.0
2025-03-01 06:00:00,5.9,95.0,16.6,1022.5
2025-03-01 07:00:00,7.0,87.0,16.6,1022.0
2025-03-01 08:00:00,8.0,87.0,18.4,1022.0
2025-03-01 09:00:00,8.3,85.0,11.2,1023.0
2025-03-01 10:00:00,9.0,82.0,11.2,1023.0
2025-03-01 11:00:00,8.0,87.0,9.4,1023.0
2025-03-01 12:00:00,8.0,92.0,7.6,1023.2
2025-03-01 13:00:00,9.0,82.0,5.4,1022.0
2025-03-01 14:00:00,9.0,82.0,5.4,1022.0
2025-03-01 15:00:00,8.3,88.0,3.6,1023.0
2025-03-01 16:00:00,7.0,100.0,3.6,1023.0
2025-03-01 17:00:00,7.0,93.0,5.4,1024.0
2025-03-01 18:00:00,6.8,96.0,3.6,1024.6
2025-03-01 19:00:00,7.0,93.0,3.6,1024.0
2025-03-01 20:00:00,7.0,93.0,3.6,1024.0
2025-03-01 21:00:00,6.8,96.0,0.0,1024.7
2025-03-01 22:00:00,6.0,93.0,5.4,1024.0
2025-03-01 23:00:00,6.0,93.0,5.4,1024.0
2025-03-02 00:00:00,6.2,94.0,7.6,1024.9
2025-03-02 01:00:00,6.0,93.0,9.4,1024.0
2025-03-02 02:00:00,6.0,93.0,11.2,1024.0
2025-03-02 03:00:00,5.5,93.0,3.6,1024.9
2025-03-02 04:00:00,5.0,93.0,11.2,1024.0
2025-03-02 05:00:00,5.0,93.0,11.2,1024.0
2025-03-02 06:00:00,4.9,95.0,7.2,1025.2
2025-03-02 07:00:00,5.0,93.0,13.0,1024.0
2025-03-02 08:00:00,5.0,93.0,16.6,1024.0
2025-03-02 09:00:00,4.4,94.0,18.4,1025.8
2025-03-02 10:00:00,5.0,93.0,18.4,1025.0
2025-03-02 11:00:00,5.0,87.0,14.8,1024.0
2025-03-02 12:00:00,4.3,91.0,14.8,1026.1
2025-03-02 13:00:00,5.0,81.0,16.6,1024.0
2025-03-02 14:00:00,6.0,70.0,11.2,1024.0
2025-03-02 15:00:00,3.8,90.0,3.6,1025.7
2025-03-02 16:00:00,5.0,81.0,13.0,1023.0
2025-03-02 17:00:00,4.0,81.0,16.6,1024.0
2025-03-02 18:00:00,3.4,82.0,10.8,1026.1
2025-03-02 19:00:00,4.0,75.0,19.0,1024.0
2025-03-02 20:00:00,3.0,75.0,20.5,1025.0
2025-03-02 21:00:00,2.5,74.0,14.4,1027.0
2025-03-02 22:00:00,2.0,75.0,20.5,1025.0
2025-03-02 23:00:00,1.0,80.0,16.6,1025.0
2025-03-03 00:00:00,1.2,76.0,10.8,1027.4
2025-03-03 01:00:00,0.0,80.0,16.6,1025.0
2025-03-03 02:00:00,1.0,80.0,14.8,1025.0
2025-03-03 03:00:00,1.0,82.0,10.8,1027.7
2025-03-03 04:00:00,1.0,80.0,14.8,1026.0
2025-03-03 05:00:00,0.0,86.0,13.0,1026.0
2025-03-03 06:00:00,0.2,86.0,7.2,1028.4
2025-03-03 07:00:00,1.0,80.0,9.4,1027.0
2025-03-03 08:00:00,3.0,75.0,9.4,1027.0
2025-03-03 09:00:00,2.8,74.0,3.6,1028.9
2025-03-03 10:00:00,6.0,56.0,9.4,1027.0
2025-03-03 11:00:00,7.0,49.0,7.6,1026.0
2025-03-03 12:00:00,6.4,51.0,3.6,1026.9
2025-03-03 13:00:00,7.0,46.0,7.6,1025.0
2025-03-03 14:00:00,8.0,39.0,3.6,1025.0
2025-03-03 15:00:00,7.6,47.0,7.2,1025.7
2025-03-03 16:00:00,7.0,49.0,7.6,1025.0
2025-03-03 17:00:00,5.0,61.0,11.2,1025.0
2025-03-03 18:00:00,3.5,61.0,7.2,1026.9
2025-03-03 19:00:00,1.0,69.0,5.4,1026.0
2025-03-03 20:00:00,1.0,69.0,5.4,1026.0
2025-03-03 21:00:00,0.6,77.0,3.6,1028.5
2025-03-03 22:00:00,-1.0,86.0,3.6,1026.0
2025-03-03 23:00:00,-2.0,86.0,7.6,1026.0
2025-03-04 00:00:00,-2.3,90.0,1.8,1029.1
2025-03-04 01:00:00,-3.0,93.0,3.6,1026.0
2025-03-04 02:00:00,-4.0,93.0,7.6,1026.0
2025-03-04 03:00:00,-2.9,92.0,7.6,1029.5
2025-03-04 04:00:00,-4.0,93.0,5.4,1026.0
2025-03-04 05:00:00,-4.0,93.0,5.4,1026.0
2025-03-04 06:00:00,-3.2,86.0,3.6,1029.8
2025-03-04 07:00:00,-1.0,86.0,3.6,1027.0
2025-03-04 08:00:00,2.0,70.0,3.6,1027.0
2025-03-04 09:00:00,4.3,66.0,7.2,1028.0
2025-03-04 10:00:00,7.0,61.0,3.6,1026.0
2025-03-04 11:00:00,9.0,46.0,5.4,1026.0
2025-03-04 12:00:00,9.5,47.0,7.2,1025.3
2025-03-04 13:00:00,11.0,37.0,9.4,1024.0
2025-03-04 14:00:00,12.0,35.0,7.6,1024.0
2025-03-04 15:00:00,11.0,46.0,3.6,1023.8
2025-03-04 16:00:00,10.0,40.0,13.0,1024.0
2025-03-04 17:00:00,8.0,49.0,7.6,1025.0
2025-03-04 18:00:00,5.9,64.0,7.2,1026.1
2025-03-04 19:00:00,4.0,60.0,5.4,1025.0
2025-03-04 20:00:00,3.0,70.0,7.6,1026.0
2025-03-04 21:00:00,1.7,75.0,3.6,1028.0
2025-03-04 22:00:00,0.0,86.0,0.0,1026.0
2025-03-04 23:00:00,-1.0,86.0,0.0,1027.0
2025-03-05 00:00:00,-0.7,84.0,3.6,1029.8
2025-03-05 01:00:00,-2.0,93.0,0.0,1027.0
2025-03-05 02:00:00,-3.0,93.0,3.6,1027.0
2025-03-05 03:00:00,-1.6,88.0,3.6,1030.0
2025-03-05 04:00:00,-4.0,100.0,7.6,1028.0
2025-03-05 05:00:00,-4.0,93.0,7.6,1028.0
2025-03-05 06:00:00,-1.7,90.0,3.6,1031.5
2025-03-05 07:00:00,1.0,80.0,3.6,1029.0
2025-03-05 08:00:00,4.0,70.0,3.6,1029.0
2025-03-05 09:00:00,7.3,59.0,3.6,1029.4
2025-03-05 10:00:00,10.0,50.0,1.8,1029.0
2025-03-05 11:00:00,12.0,44.0,3.6,1028.0
2025-03-05 12:00:00,13.4,40.0,3.6,1026.8
2025-03-05 13:00:00,16.0,23.0,7.6,1027.0
2025-03-05 14:00:00,17.0,22.0,1.8,1026.0
2025-03-05 15:00:00,16.0,34.0,3.6,1025.0
2025-03-05 16:00:00,16.0,25.0,3.6,1027.0
2025-03-05 17:00:00,12.0,35.0,11.2,1027.0
2025-03-05 18:00:00,8.4,44.0,7.2,1027.9
2025-03-05 19:00:00,8.0,46.0,9.4,1028.0
2025-03-05 20:00:00,5.0,52.0,11.2,1029.0
2025-03-05 21:00:00,7.0,43.0,7.2,1029.6
2025-03-05 22:00:00,4.0,52.0,11.2,1029.0
2025-03-05 23:00:00,1.0,64.0,0.0,1029.0
2025-03-06 00:00:00,2.4,62.0,3.6,1031.3
2025-03-06 01:00:00,-2.0,86.0,1.8,1030.0
2025-03-06 02:00:00,-3.0,86.0,5.4,1030.0
2025-03-06 03:00:00,0.9,69.0,1.8,1031.6
2025-03-06 04:00:00,-3.0,93.0,3.6,1030.0
2025-03-06 05:00:00,-3.0,86.0,3.6,1030.0
2025-03-06 06:00:00,1.3,59.0,3.6,1031.6
2025-03-06 07:00:00,2.0,70.0,3.6,1030.0
2025-03-06 08:00:00,5.0,56.0,0.0,1030.0
2025-03-06 09:00:00,7.8,51.0,3.6,1030.4
2025-03-06 10:00:00,12.0,41.0,1.8,1029.0
2025-03-06 11:00:00,14.0,31.0,3.6,1028.0
2025-03-06 12:00:00,15.3,33.0,3.6,1026.9
2025-03-06 13:00:00,18.0,24.0,3.6,1027.0
2025-03-06 14:00:00,19.0,21.0,1.8,1026.0
2025-03-06 15:00:00,19.1,31.0,3.6,1024.1
2025-03-06 16:00:00,18.0,30.0,7.6,1026.0
2025-03-06 17:00:00,12.0,35.0,11.2,1026.0
2025-03-06 18:00:00,12.8,32.0,7.2,1026.3
2025-03-06 19:00:00,8.0,42.0,11.2,1027.0
2025-03-06 20:00:00,7.0,42.0,9.4,1027.0
2025-03-06 21:00:00,8.3,41.0,7.2,1028.2
2025-03-06 22:00:00,3.0,56.0,3.6,1027.0
2025-03-06 23:00:00,4.0,52.0,5.4,1027.0
2025-03-07 00:00:00,2.5,61.0,7.2,1029.3
2025-03-07 01:00:00,-1.0,74.0,3.6,1027.0
2025-03-07 02:00:00,-1.0,86.0,0.0,1026.0
2025-03-07 03:00:00,4.0,50.0,7.2,1028.3
2025-03-07 04:00:00,-2.0,86.0,3.6,1026.0
2025-03-07 05:00:00,-3.0,93.0,3.6,1026.0
2025-03-07 06:00:00,3.2,56.0,7.2,1028.1
2025-03-07 07:00:00,5.0,56.0,0.0,1026.0
2025-03-07 08:00:00,7.0,49.0,1.8,1025.0
2025-03-07 09:00:00,9.7,44.0,3.6,1025.4
2025-03-07 10:00:00,13.0,30.0,5.4,1024.0
2025-03-07 11:00:00,17.0,27.0,3.6,1022.0
2025-03-07 12:00:00,19.0,28.0,3.6,1019.9
2025-03-07 13:00:00,22.0,13.0,7.6,1020.0
2025-03-07 14:00:00,22.0,13.0,13.0,1020.0
2025-03-07 15:00:00,21.4,16.0,10.8,1017.6
2025-03-07 16:00:00,18.0,19.0,16.6,1019.0
2025-03-07 17:00:00,11.0,35.0,13.0,1020.0
2025-03-07 18:00:00,13.8,25.0,7.2,1019.5
2025-03-07 19:00:00,6.0,56.0,18.4,1020.0
2025-03-07 20:00:00,8.0,49.0,18.4,1020.0
2025-03-07 21:00:00,8.8,45.0,7.2,1021.2
2025-03-07 22:00:00,5.0,61.0,13.0,1020.0
2025-03-07 23:00:00,5.0,61.0,9.4,1020.0
2025-03-08 00:00:00,7.3,50.0,7.2,1021.6
2025-03-08 01:00:00,3.0,65.0,0.0,1020.0
2025-03-08 02:00:00,1.0,69.0,7.6,1019.0
2025-03-08 03:00:00,3.7,66.0,3.6,1021.3
2025-03-08 04:00:00,-1.0,86.0,0.0,1019.0
2025-03-08 05:00:00,-1.0,80.0,3.6,1019.0
2025-03-08 06:00:00,3.9,57.0,7.2,1021.0
2025-03-08 07:00:00,2.0,75.0,3.6,1019.0
2025-03-08 08:00:00,7.0,57.0,0.0,1019.0
2025-03-08 09:00:00,11.2,43.0,3.6,1018.6
2025-03-08 10:00:00,15.0,33.0,5.4,1018.0
2025-03-08 11:00:00,18.0,22.0,14.8,1016.0
2025-03-08 12:00:00,19.1,22.0,7.2,1013.8
2025-03-08 13:00:00,20.0,16.0,20.5,1015.0
2025-03-08 14:00:00,20.0,13.0,20.5,1014.0
2025-03-08 15:00:00,18.7,15.0,10.8,1012.6
2025-03-08 16:00:00,16.0,18.0,20.5,1015.0
2025-03-08 17:00:00,12.0,26.0,18.4,1015.0
2025-03-08 18:00:00,12.5,32.0,7.2,1014.6
2025-03-08 19:00:00,9.0,43.0,20.5,1015.0
2025-03-08 20:00:00,4.0,65.0,13.0,1016.0
2025-03-08 21:00:00,7.7,42.0,3.6,1016.7
2025-03-08 22:00:00,4.0,52.0,14.8,1016.0
2025-03-08 23:00:00,4.0,52.0,16.6,1016.0
2025-03-09 00:00:00,5.9,44.0,7.2,1017.4
2025-03-09 01:00:00,1.0,60.0,11.2,1016.0
2025-03-09 02:00:00,1.0,55.0,7.6,1016.0
2025-03-09 03:00:00,3.7,47.0,7.2,1017.6
2025-03-09 04:00:00,-1.0,69.0,0.0,1016.0
2025-03-09 05:00:00,0.0,64.0,0.0,1016.0
2025-03-09 06:00:00,2.8,54.0,7.6,1018.2
2025-03-09 07:00:00,5.0,45.0,3.6,1017.0
2025-03-09 08:00:00,8.0,39.0,3.6,1016.0
2025-03-09 09:00:00,10.4,36.0,1.8,1016.0
2025-03-09 10:00:00,14.0,23.0,0.0,1015.0
2025-03-09 11:00:00,16.0,22.0,3.6,1014.0
2025-03-09 12:00:00,17.0,24.0,3.6,1012.7
2025-03-09 13:00:00,19.0,16.0,5.4,1013.0
2025-03-09 14:00:00,19.0,16.0,1.8,1012.0
2025-03-09 15:00:00,18.7,26.0,3.6,1010.9
2025-03-09 16:00:00,18.0,18.0,0.0,1012.0
2025-03-09 17:00:00,12.0,28.0,5.4,1013.0
2025-03-09 18:00:00,12.1,34.0,7.2,1013.0
2025-03-09 19:00:00,9.0,34.0,11.2,1014.0
2025-03-09 20:00:00,7.0,39.0,13.0,1014.0
2025-03-09 21:00:00,8.2,34.0,7.2,1014.7
2025-03-09 22:00:00,5.0,38.0,11.2,1015.0
2025-03-09 23:00:00,4.0,41.0,7.6,1015.0
2025-03-10 00:00:00,3.7,54.0,3.6,1016.5
2025-03-10 01:00:00,1.0,64.0,3.6,1015.0
2025-03-10 02:00:00,0.0,64.0,0.0,1015.0
2025-03-10 03:00:00,4.7,47.0,7.2,1016.3
2025-03-10 04:00:00,-1.0,69.0,0.0,1015.0
2025-03-10 05:00:00,-1.0,69.0,0.0,1015.0
2025-03-10 06:00:00,4.2,51.0,7.2,1017.0
2025-03-10 07:00:00,4.0,52.0,1.8,1016.0
2025-03-10 08:00:00,8.0,42.0,1.8,1016.0
2025-03-10 09:00:00,10.9,36.0,7.2,1015.5
2025-03-10 10:00:00,14.0,28.0,3.6,1015.0
2025-03-10 11:00:00,17.0,24.0,3.6,1014.0
2025-03-10 12:00:00,17.5,28.0,7.2,1011.8
2025-03-10 13:00:00,21.0,18.0,3.6,1012.0
2025-03-10 14:00:00,22.0,17.0,18.4,1011.0
2025-03-10 15:00:00,21.3,21.0,3.6,1009.1
2025-03-10 16:00:00,20.0,18.0,7.6,1012.0
2025-03-10 17:00:00,17.0,22.0,14.8,1012.0
2025-03-10 18:00:00,16.0,33.0,5.4,1011.0
2025-03-10 19:00:00,12.0,35.0,11.2,1013.0
2025-03-10 20:00:00,12.0,35.0,13.0,1013.0
2025-03-10 21:00:00,11.2,42.0,3.6,1012.9
2025-03-10 22:00:00,8.0,46.0,7.6,1013.0
2025-03-10 23:00:00,6.0,52.0,3.6,1014.0
2025-03-11 00:00:00,7.5,53.0,7.6,1014.4
2025-03-11 01:00:00,5.0,61.0,5.4,1013.0
2025-03-11 02:00:00,3.0,70.0,5.4,1013.0
2025-03-11 03:00:00,7.4,54.0,7.6,1014.1
2025-03-11 04:00:00,3.0,70.0,9.4,1013.0
2025-03-11 05:00:00,4.0,65.0,5.4,1013.0
2025-03-11 06:00:00,7.3,59.0,3.6,1013.8
2025-03-11 07:00:00,7.0,57.0,0.0,1013.0
2025-03-11 08:00:00,11.0,50.0,1.8,1013.0
2025-03-11 09:00:00,13.1,45.0,3.6,1012.1
2025-03-11 10:00:00,16.0,34.0,1.8,1011.0
2025-03-11 11:00:00,18.0,32.0,9.4,1010.0
2025-03-11 12:00:00,19.6,32.0,7.2,1007.3
2025-03-11 13:00:00,21.0,28.0,9.4,1008.0
2025-03-11 14:00:00,21.0,28.0,18.4,1008.0
2025-03-11 15:00:00,18.4,44.0,7.2,1007.1
2025-03-11 16:00:00,18.0,40.0,7.6,1009.0
2025-03-11 17:00:00,18.0,42.0,11.2,1010.0
2025-03-11 18:00:00,15.8,51.0,7.2,1009.4
2025-03-11 19:00:00,18.0,42.0,16.6,1011.0
2025-03-11 20:00:00,17.0,48.0,16.6,1010.0
2025-03-11 21:00:00,14.9,62.0,7.2,1009.4
2025-03-11 22:00:00,14.0,63.0,9.4,1010.0
2025-03-11 23:00:00,13.0,67.0,1.8,1010.0
2025-03-12 00:00:00,12.4,75.0,3.6,1009.3
2025-03-12 01:00:00,10.0,82.0,11.2,1009.0
2025-03-12 02:00:00,11.0,76.0,1.8,1009.0
2025-03-12 03:00:00,11.2,76.0,7.2,1009.0
2025-03-12 04:00:00,11.0,71.0,5.4,1009.0
2025-03-12 05:00:00,10.0,76.0,3.6,1009.0
2025-03-12 06:00:00,14.0,57.0,10.8,1008.5
2025-03-12 07:00:00,14.0,63.0,0.0,1009.4
2025-03-12 08:00:00,16.0,52.0,9.4,1009.0
2025-03-12 09:00:00,18.1,42.0,14.4,1007.7
2025-03-12 10:00:00,20.0,37.0,24.1,1007.9
2025-03-12 11:00:00,20.0,35.0,20.5,1007.2
2025-03-12 12:00:00,19.5,41.0,7.2,1005.8
2025-03-12 13:00:00,20.0,37.0,9.4,1006.1
2025-03-12 14:00:00,20.0,35.0,16.6,1005.7
2025-03-12 15:00:00,18.7,41.0,7.2,1005.6
2025-03-12 16:00:00,19.0,37.0,33.5,1005.6
2025-03-12 17:00:00,20.0,35.0,9.4,1005.9
2025-03-12 18:00:00,16.8,52.0,3.6,1006.2
2025-03-12 19:00:00,15.0,63.0,14.8,1006.4
2025-03-12 20:00:00,14.0,67.0,14.8,1006.6
2025-03-12 21:00:00,13.3,69.0,5.5,1006.7
2025-03-12 22:00:00,14.0,67.0,7.6,1006.3
2025-03-12 23:00:00,14.0,67.0,5.4,1006.0
2025-03-13 00:00:00,13.0,78.0,3.6,1004.4
2025-03-13 01:00:00,14.0,67.0,25.9,1004.9
2025-03-13 02:00:00,15.0,63.0,31.7,1004.3
2025-03-13 03:00:00,13.0,72.0,10.8,1003.4
2025-03-13 04:00:00,15.0,55.0,16.6,1003.2
2025-03-13 05:00:00,15.0,55.0,18.4,1003.0
2025-03-13 06:00:00,14.1,60.0,7.2,1003.1
2025-03-13 07:00:00,13.0,67.0,20.5,1002.7
2025-03-13 08:00:00,18.0,45.0,7.6,1002.6
2025-03-13 09:00:00,17.0,56.0,7.2,1002.5
2025-03-13 10:00:00,19.0,43.0,27.7,1002.2
2025-03-13 11:00:00,17.5,50.0,13.0,1002.0
2025-03-13 12:00:00,19.2,44.0,7.2,1001.8
2025-03-13 13:00:00,20.0,37.0,24.1,1001.7
2025-03-13 14:00:00,20.0,37.0,24.1,1001.7
2025-03-13 15:00:00,19.6,42.0,10.8,1001.6
2025-03-13 16:00:00,20.0,37.0,22.3,1002.6
2025-03-13 17:00:00,19.0,40.0,18.4,1003.5
2025-03-13 18:00:00,16.2,56.0,3.6,1003.1
2025-03-13 19:00:00,15.0,55.0,9.4,1005.3
2025-03-13 20:00:00,15.0,59.0,11.2,1006.2
2025-03-13 21:00:00,15.2,63.0,7.2,1006.6
2025-03-13 22:00:00,13.0,67.0,20.5,1008.0
2025-03-13 23:00:00,12.0,76.0,13.0,1008.8
2025-03-14 00:00:00,12.2,72.0,3.6,1009.5
2025-03-14 01:00:00,11.0,66.0,3.6,1010.2
2025-03-14 02:00:00,9.0,76.0,0.0,1010.7
2025-03-14 03:00:00,8.8,78.0,3.6,1011.8
2025-03-14 04:00:00,6.0,81.0,7.6,1011.9
2025-03-14 05:00:00,7.0,76.0,1.8,1012.5
2025-03-14 06:00:00,8.5,80.0,3.6,1012.5
2025-03-14 07:00:00,9.0,76.0,1.8,1012.7
2025-03-14 08:00:00,13.0,62.0,7.6,1012.4
2025-03-14 09:00:00,14.1,57.0,7.2,1012.1
2025-03-14 10:00:00,19.0,37.0,5.4,1011.5
2025-03-14 11:00:00,21.0,33.0,7.6,1011.0
2025-03-14 12:00:00,21.9,28.0,10.8,1009.6
2025-03-14 13:00:00,23.0,27.0,27.7,1010.1
2025-03-14 14:00:00,23.0,27.0,18.4,1009.6
2025-03-14 15:00:00,23.2,30.0,7.2,1008.4
2025-03-14 16:00:00,21.0,33.0,20.5,1009.7
2025-03-14 17:00:00,20.0,35.0,20.5,1010.2
2025-03-14 18:00:00,19.2,42.0,3.6,1010.6
2025-03-14 19:00:00,20.0,35.0,22.3,1010.9
2025-03-14 20:00:00,18.0,40.0,13.0,1011.1
2025-03-14 21:00:00,16.9,48.0,3.6,1011.2
2025-03-14 22:00:00,21.0,33.0,18.4,1011.3
2025-03-14 23:00:00,21.0,30.0,24.1,1011.4
2025-03-15 00:00:00,15.4,54.0,3.6,1011.6
2025-03-15 01:00:00,20.0,32.0,20.5,1011.5
2025-03-15 02:00:00,20.0,30.0,22.3,1011.6
2025-03-15 03:00:00,15.1,49.0,7.2,1011.0
2025-03-15 04:00:00,20.0,30.0,13.0,1011.7
2025-03-15 05:00:00,19.0,34.0,29.5,1011.6
2025-03-15 06:00:00,15.6,47.0,7.2,1012.0
2025-03-15 07:00:00,21.0,28.0,14.8,1011.5
2025-03-15 08:00:00,23.0,23.0,9.4,1011.4
2025-03-15 09:00:00,21.6,34.0,7.2,1011.3
2025-03-15 10:00:00,24.0,31.0,16.6,1010.5
2025-03-15 11:00:00,26.0,20.0,20.5,1009.7
2025-03-15 12:00:00,26.8,21.0,18.0,1008.8
2025-03-15 13:00:00,28.0,19.0,24.1,1008.7
2025-03-15 14:00:00,27.0,20.0,33.5,1008.4
2025-03-15 15:00:00,26.1,20.0,18.0,1006.4
2025-03-15 16:00:00,25.0,21.0,16.6,1008.7
2025-03-15 17:00:00,24.0,25.0,31.7,1009.2
2025-03-15 18:00:00,23.0,27.0,18.0,1007.1
2025-03-15 19:00:00,22.0,31.0,11.2,1010.4
2025-03-15 20:00:00,20.0,35.0,11.2,1011.1
2025-03-15 21:00:00,18.8,42.0,3.6,1008.9
2025-03-15 22:00:00,17.0,45.0,13.0,1012.0
2025-03-15 23:00:00,18.0,42.0,11.2,1012.3
2025-03-16 00:00:00,14.2,59.0,3.6,1009.3
2025-03-16 01:00:00,14.0,55.0,13.0,1012.6
2025-03-16 02:00:00,12.0,62.0,7.6,1012.7
2025-03-16 03:00:00,12.8,64.0,3.6,1008.6
2025-03-16 04:00:00,12.0,62.0,11.2,1012.9
2025-03-16 05:00:00,13.0,58.0,5.4,1013.0
2025-03-16 06:00:00,13.4,58.0,3.6,1008.3
2025-03-16 07:00:00,15.0,55.0,11.2,1012.8
2025-03-16 08:00:00,16.0,55.0,9.4,1012.7
2025-03-16 09:00:00,20.6,37.0,7.2,1007.4
2025-03-16 10:00:00,20.0,37.0,18.4,1012.0
2025-03-16 11:00:00,20.0,40.0,25.9,1011.6
2025-03-16 12:00:00,19.8,46.0,10.8,1007.1
2025-03-16 13:00:00,19.0,46.0,11.2,1010.8
2025-03-16 14:00:00,16.0,68.0,11.2,1010.6
2025-03-16 15:00:00,14.8,77.0,7.2,1008.1
2025-03-16 16:00:00,15.0,67.0,3.6,1010.9
2025-03-16 17:00:00,13.0,82.0,11.2,1011.4
2025-03-16 18:00:00,12.7,81.0,9.4,1009.4
2025-03-16 19:00:00,12.0,82.0,0.0,1012.2
2025-03-16 20:00:00,10.0,94.0,7.6,1012.5
2025-03-16 21:00:00,10.0,85.0,3.6,1011.8
2025-03-16 22:00:00,9.0,82.0,9.4,1012.8
2025-03-16 23:00:00,9.0,82.0,9.4,1012.9
2025-03-17 00:00:00,9.5,78.0,3.6,1012.2
2025-03-17 01:00:00,6.0,93.0,7.6,1013.0
2025-03-17 02:00:00,5.0,93.0,5.4,1012.9
2025-03-17 03:00:00,7.0,90.0,7.2,1012.3
2025-03-17 04:00:00,5.0,93.0,7.6,1013.0
2025-03-17 05:00:00,5.0,93.0,0.0,1013.1
2025-03-17 06:00:00,6.9,87.0,7.2,1011.4
2025-03-17 07:00:00,7.0,93.0,5.4,1013.0
2025-03-17 08:00:00,9.0,82.0,7.6,1012.9
2025-03-17 09:00:00,6.9,87.0,10.8,1011.4
2025-03-17 10:00:00,7.0,81.0,16.6,1012.5
2025-03-17 11:00:00,8.0,81.0,16.6,1012.3
2025-03-17 12:00:00,7.8,84.0,7.2,1010.3
2025-03-17 13:00:00,9.0,71.0,25.9,1012.3
2025-03-17 14:00:00,9.0,71.0,35.3,1012.5
2025-03-17 15:00:00,6.2,76.0,18.0,1011.2
2025-03-17 16:00:00,6.0,65.0,37.1,1013.3
2025-03-17 17:00:00,5.0,65.0,38.9,1013.9
2025-03-17 18:00:00,3.5,66.0,21.6,1014.6
2025-03-17 19:00:00,3.0,65.0,31.7,1015.0
2025-03-17 20:00:00,3.0,70.0,27.7,1015.5
2025-03-17 21:00:00,2.8,65.0,14.4,1017.2
2025-03-17 22:00:00,2.0,70.0,14.8,1016.5
2025-03-17 23:00:00,3.0,65.0,16.6,1016.9
2025-03-18 00:00:00,2.4,65.0,18.0,1017.9
2025-03-18 01:00:00,2.0,70.0,24.1,1017.5
2025-03-18 02:00:00,2.0,75.0,22.3,1017.6
2025-03-18 03:00:00,1.7,74.0,18.0,1018.9
2025-03-18 04:00:00,2.0,75.0,22.3,1017.9
2025-03-18 05:00:00,2.0,75.0,18.4,1018.1
2025-03-18 06:00:00,1.1,82.0,14.4,1020.7
2025-03-18 07:00:00,0.0,74.0,22.3,1018.6
2025-03-18 08:00:00,-1.0,80.0,27.7,1018.9
2025-03-18 09:00:00,-0.5,72.0,10.8,1025.1
2025-03-18 10:00:00,3.0,48.0,20.5,1019.0
2025-03-18 11:00:00,1.0,55.0,14.8,1018.8
2025-03-18 12:00:00,0.4,64.0,7.2,1026.1
2025-03-18 13:00:00,1.0,60.0,14.8,1019.2
2025-03-18 14:00:00,1.0,60.0,13.0,1019.7
2025-03-18 15:00:00,0.4,68.0,10.8,1027.1
2025-03-18 16:00:00,0.0,64.0,13.0,1021.1
2025-03-18 17:00:00,-1.0,69.0,13.0,1022.1
2025-03-18 18:00:00,-1.3,78.0,3.6,1029.8
2025-03-18 19:00:00,-1.0,69.0,11.2,1023.5
2025-03-18 20:00:00,-1.0,69.0,1.8,1023.9
2025-03-18 21:00:00,-1.8,87.0,3.6,1031.4
2025-03-18 22:00:00,-2.0,74.0,5.4,1025.2
2025-03-18 23:00:00,-3.0,80.0,5.4,1026.2
2025-03-19 00:00:00,-3.3,94.0,5.4,1032.7
2025-03-19 01:00:00,-4.0,86.0,5.4,1027.1
2025-03-19 02:00:00,-4.0,74.0,5.4,1027.2
2025-03-19 03:00:00,-3.9,98.0,7.6,1033.8
2025-03-19 04:00:00,-4.0,86.0,7.6,1027.4
2025-03-19 05:00:00,-3.0,80.0,5.4,1027.6
2025-03-19 06:00:00,-2.7,82.0,3.6,1034.6
2025-03-19 07:00:00,0.0,59.0,7.6,1027.6
2025-03-19 08:00:00,1.0,51.0,9.4,1027.5
2025-03-19 09:00:00,2.1,57.0,7.2,1033.5
2025-03-19 10:00:00,4.0,45.0,11.2,1027.0
2025-03-19 11:00:00,5.0,42.0,5.4,1026.6
2025-03-19 12:00:00,5.4,43.0,7.2,1031.4
2025-03-19 13:00:00,7.0,39.0,5.4,1026.1
2025-03-19 14:00:00,7.0,36.0,5.4,1026.0
2025-03-19 15:00:00,7.1,36.0,7.2,1029.8
2025-03-19 16:00:00,6.0,36.0,14.8,1026.3
2025-03-19 17:00:00,4.0,45.0,9.4,1026.7
2025-03-19 18:00:00,2.6,50.0,7.2,1031.9
2025-03-19 19:00:00,2.0,48.0,11.2,1027.5
2025-03-19 20:00:00,0.0,55.0,9.4,1027.9
2025-03-19 21:00:00,0.8,56.0,7.2,1033.4
2025-03-19 22:00:00,-2.0,69.0,5.4,1028.4
2025-03-19 23:00:00,-3.0,74.0,3.6,1028.6
2025-03-20 00:00:00,-2.6,80.0,3.6,1034.6
2025-03-20 01:00:00,-4.0,80.0,0.0,1028.8
2025-03-20 02:00:00,-5.0,86.0,0.0,1028.8
2025-03-20 03:00:00,-5.3,88.0,3.6,1035.2
2025-03-20 04:00:00,-6.0,86.0,3.6,1028.9
2025-03-20 05:00:00,-6.0,86.0,3.6,1029.0
2025-03-20 06:00:00,-0.9,66.0,3.6,1034.6
2025-03-20 07:00:00,0.0,64.0,1.8,1028.7
2025-03-20 08:00:00,3.0,52.0,3.6,1028.2
2025-03-20 09:00:00,4.6,51.0,3.6,1033.0
2025-03-20 10:00:00,8.0,34.0,3.6,1027.2
2025-03-20 11:00:00,9.0,27.0,3.6,1026.6
2025-03-20 12:00:00,9.7,32.0,7.2,1030.2
2025-03-20 13:00:00,12.0,24.0,5.4,1025.7
2025-03-20 14:00:00,12.0,26.0,5.4,1025.5
2025-03-20 15:00:00,12.5,30.0,3.6,1026.9
2025-03-20 16:00:00,12.0,24.0,0.0,1025.6
2025-03-20 17:00:00,9.0,34.0,9.4,1026.0
2025-03-20 18:00:00,5.2,50.0,3.6,1028.8
2025-03-20 19:00:00,6.0,42.0,3.6,1026.9
2025-03-20 20:00:00,2.0,60.0,1.8,1027.4
2025-03-20 21:00:00,0.5,66.0,5.4,1030.4
2025-03-20 22:00:00,0.0,64.0,9.4,1028.2
2025-03-20 23:00:00,-1.0,69.0,7.6,1028.4
2025-03-21 00:00:00,-0.7,70.0,7.6,1031.1
2025-03-21 01:00:00,-2.0,74.0,7.6,1028.7
2025-03-21 02:00:00,-4.0,86.0,0.0,1028.7
2025-03-21 03:00:00,-1.9,75.0,3.6,1030.8
2025-03-21 04:00:00,-5.0,86.0,0.0,1028.7
2025-03-21 05:00:00,-5.0,86.0,0.0,1028.6
2025-03-21 06:00:00,0.6,65.0,3.6,1030.6
2025-03-21 07:00:00,2.0,60.0,1.8,1028.1
2025-03-21 08:00:00,6.0,49.0,0.0,1027.6
2025-03-21 09:00:00,7.3,46.0,3.6,1028.5
2025-03-21 10:00:00,10.0,34.0,3.6,1026.8
2025-03-21 11:00:00,13.0,22.0,7.6,1025.0
2025-03-21 12:00:00,13.5,26.0,7.2,1024.2
2025-03-21 13:00:00,15.0,18.0,7.6,1023.0
2025-03-21 14:00:00,16.0,17.0,3.6,1023.0
2025-03-21 15:00:00,16.1,24.0,3.6,1021.6
2025-03-21 16:00:00,16.0,12.0,3.6,1022.0
2025-03-21 17:00:00,12.0,26.0,7.6,1022.0
2025-03-21 18:00:00,9.8,32.0,7.2,1022.6
2025-03-21 19:00:00,7.0,46.0,20.5,1022.0
2025-03-21 20:00:00,6.0,45.0,20.5,1023.0
2025-03-21 21:00:00,4.9,52.0,3.6,1024.3
2025-03-21 22:00:00,4.0,48.0,11.2,1023.0
2025-03-21 23:00:00,2.0,55.0,9.4,1023.0
2025-03-22 00:00:00,2.1,66.0,7.6,1024.9
2025-03-22 01:00:00,4.0,48.0,5.4,1022.0
2025-03-22 02:00:00,1.0,64.0,0.0,1022.0
2025-03-22 03:00:00,0.6,74.0,0.0,1024.1
2025-03-22 04:00:00,0.0,74.0,0.0,1021.0
2025-03-22 05:00:00,1.0,69.0,5.4,1022.0
2025-03-22 06:00:00,3.6,60.0,3.6,1023.6
2025-03-22 07:00:00,5.0,52.0,0.0,1022.0
2025-03-22 08:00:00,7.0,49.0,3.6,1021.0
2025-03-22 09:00:00,9.5,46.0,7.2,1021.6
2025-03-22 10:00:00,12.0,35.0,3.6,1020.0
2025-03-22 11:00:00,14.0,31.0,3.6,1020.0
2025-03-22 12:00:00,14.5,32.0,3.6,1018.5
2025-03-22 13:00:00,17.0,25.0,9.4,1018.0
2025-03-22 14:00:00,17.0,27.0,3.6,1017.0
2025-03-22 15:00:00,16.8,35.0,3.6,1015.9
2025-03-22 16:00:00,15.0,39.0,9.4,1017.0
2025-03-22 17:00:00,12.0,41.0,24.1,1017.0
2025-03-22 18:00:00,13.1,41.0,7.2,1017.2
2025-03-22 19:00:00,12.0,41.0,24.1,1019.0
2025-03-22 20:00:00,11.0,43.0,29.5,1019.0
2025-03-22 21:00:00,11.3,47.0,7.2,1019.0
2025-03-22 22:00:00,11.0,54.0,20.5,1019.0
2025-03-22 23:00:00,10.0,58.0,16.6,1019.0
2025-03-23 00:00:00,10.3,57.0,7.2,1019.1
2025-03-23 01:00:00,8.0,66.0,14.8,1019.0
2025-03-23 02:00:00,8.0,66.0,13.0,1018.0
2025-03-23 03:00:00,8.2,71.0,3.6,1019.4
2025-03-23 04:00:00,7.0,70.0,11.2,1019.0
2025-03-23 05:00:00,6.0,76.0,9.4,1019.0
2025-03-23 06:00:00,7.5,74.0,3.6,1019.8
2025-03-23 07:00:00,10.0,62.0,13.0,1019.0
2025-03-23 08:00:00,11.0,62.0,9.4,1019.0
2025-03-23 09:00:00,11.0,62.0,3.6,1018.9
2025-03-23 10:00:00,14.0,51.0,14.8,1019.0
2025-03-23 11:00:00,14.0,51.0,11.2,1019.0
2025-03-23 12:00:00,14.0,52.0,3.6,1017.9
2025-03-23 13:00:00,12.0,76.0,13.0,1019.0
2025-03-23 14:00:00,10.0,87.0,20.5,1018.0
2025-03-23 15:00:00,10.4,83.0,7.2,1018.4
2025-03-23 16:00:00,10.0,82.0,9.4,1018.0
2025-03-23 17:00:00,10.0,82.0,14.8,1018.0
2025-03-23 18:00:00,9.1,86.0,7.2,1018.3
2025-03-23 19:00:00,9.0,82.0,14.8,1018.0
2025-03-23 20:00:00,8.0,81.0,11.2,1018.0
2025-03-23 21:00:00,8.2,85.0,3.6,1018.5
2025-03-23 22:00:00,9.0,76.0,5.4,1019.0
2025-03-23 23:00:00,9.0,76.0,9.4,1018.0
2025-03-24 00:00:00,8.1,85.0,3.6,1018.5
2025-03-24 01:00:00,7.0,87.0,5.4,1018.0
2025-03-24 02:00:00,7.0,87.0,3.6,1018.0
2025-03-24 03:00:00,7.4,87.0,7.2,1018.8
2025-03-24 04:00:00,6.0,87.0,7.6,1018.0
2025-03-24 05:00:00,6.0,87.0,0.0,1019.0
2025-03-24 06:00:00,7.8,86.0,3.6,1019.2
2025-03-24 07:00:00,8.0,87.0,3.6,1019.0
2025-03-24 08:00:00,10.0,82.0,5.4,1020.0
2025-03-24 09:00:00,9.7,80.0,7.2,1020.1
2025-03-24 10:00:00,10.0,87.0,7.6,1020.0
2025-03-24 11:00:00,14.0,82.0,13.0,1019.0
2025-03-24 12:00:00,13.1,81.0,3.6,1019.0
2025-03-24 13:00:00,15.0,72.0,22.3,1018.0
2025-03-24 14:00:00,15.0,72.0,13.0,1018.0
2025-03-24 15:00:00,15.2,72.0,3.6,1017.1
2025-03-24 16:00:00,15.0,67.0,13.0,1018.0
2025-03-24 17:00:00,15.0,63.0,9.4,1018.0
2025-03-24 18:00:00,15.0,59.0,3.6,1017.0
2025-03-24 19:00:00,18.0,45.0,11.2,1018.0
2025-03-24 20:00:00,16.0,55.0,9.4,1018.0
2025-03-24 21:00:00,16.0,58.0,7.2,1016.7
2025-03-24 22:00:00,13.0,72.0,11.2,1018.0
2025-03-24 23:00:00,13.0,72.0,16.6,1018.0
2025-03-25 00:00:00,13.3,68.0,7.2,1017.8
2025-03-25 01:00:00,13.0,72.0,11.2,1018.0
2025-03-25 02:00:00,12.0,72.0,5.4,1018.0
2025-03-25 03:00:00,13.1,68.0,3.6,1017.4
2025-03-25 04:00:00,11.0,71.0,9.4,1018.0
2025-03-25 05:00:00,11.0,76.0,9.4,1019.0
2025-03-25 06:00:00,13.0,67.0,7.2,1017.7
2025-03-25 07:00:00,15.0,63.0,9.4,1018.0
2025-03-25 08:00:00,17.0,55.0,13.0,1019.0
2025-03-25 09:00:00,17.3,56.0,7.2,1016.9
2025-03-25 10:00:00,19.0,49.0,9.4,1018.0
2025-03-25 11:00:00,19.0,49.0,14.8,1018.0
2025-03-25 12:00:00,19.7,48.0,7.2,1015.7
2025-03-25 13:00:00,20.0,40.0,7.6,1017.0
2025-03-25 14:00:00,19.0,43.0,18.4,1017.0
2025-03-25 15:00:00,18.6,52.0,5.4,1015.6
2025-03-25 16:00:00,17.0,48.0,14.8,1018.0
2025-03-25 17:00:00,16.0,52.0,3.6,1017.0
2025-03-25 18:00:00,15.4,63.0,3.6,1016.0
2025-03-25 19:00:00,14.0,63.0,9.4,1018.0
2025-03-25 20:00:00,14.0,63.0,11.2,1018.0
2025-03-25 21:00:00,12.7,70.0,3.6,1017.6
2025-03-25 22:00:00,11.0,71.0,7.6,1018.0
2025-03-25 23:00:00,10.0,76.0,3.6,1018.0
2025-03-26 00:00:00,9.9,81.0,3.6,1017.8
2025-03-26 01:00:00,9.0,82.0,0.0,1017.0
2025-03-26 02:00:00,8.0,87.0,2.0,1017.0
2025-03-26 03:00:00,10.3,80.0,3.6,1016.7
2025-03-26 04:00:00,8.0,93.0,7.6,1016.0
2025-03-26 05:00:00,9.0,94.0,0.0,1016.0
2025-03-26 06:00:00,10.9,83.0,3.6,1015.8
2025-03-26 07:00:00,11.0,82.0,0.0,1016.0
2025-03-26 08:00:00,12.0,82.0,3.6,1016.0
2025-03-26 09:00:00,12.9,79.0,3.6,1015.2
2025-03-26 10:00:00,14.0,72.0,7.6,1015.0
2025-03-26 11:00:00,15.0,63.0,3.6,1014.0
2025-03-26 12:00:00,15.6,65.0,3.6,1012.7
2025-03-26 13:00:00,16.0,63.0,11.2,1013.0
2025-03-26 14:00:00,17.0,59.0,0.0,1013.0
2025-03-26 15:00:00,16.3,64.0,3.6,1010.8
2025-03-26 16:00:00,16.0,63.0,3.7,1012.0
2025-03-26 17:00:00,14.0,77.0,0.0,1012.0
2025-03-26 18:00:00,14.3,75.0,3.6,1011.3
2025-03-26 19:00:00,13.0,82.0,7.6,1013.0
2025-03-26 20:00:00,12.0,82.0,7.6,1012.0
2025-03-26 21:00:00,12.1,79.0,3.6,1011.7
2025-03-26 22:00:00,10.0,87.0,5.4,1012.0
2025-03-26 23:00:00,10.0,87.0,3.6,1012.0
2025-03-27 00:00:00,11.1,82.0,3.6,1011.3
2025-03-27 01:00:00,10.0,87.0,0.0,1010.0
2025-03-27 02:00:00,10.0,87.0,13.0,1010.0
2025-03-27 03:00:00,11.3,80.0,3.6,1009.8
2025-03-27 04:00:00,12.0,76.0,22.3,1010.0
2025-03-27 05:00:00,11.0,76.0,13.0,1010.0
2025-03-27 06:00:00,11.6,74.0,7.2,1009.9
2025-03-27 07:00:00,14.0,67.0,14.8,1010.0
2025-03-27 08:00:00,14.0,58.0,14.8,1010.0
2025-03-27 09:00:00,14.8,55.0,7.2,1008.9
2025-03-27 10:00:00,15.0,51.0,22.3,1010.0
2025-03-27 11:00:00,17.0,45.0,25.9,1009.0
2025-03-27 12:00:00,17.7,40.0,7.2,1006.8
2025-03-27 13:00:00,21.0,35.0,25.9,1006.0
2025-03-27 14:00:00,19.0,43.0,24.1,1006.0
2025-03-27 15:00:00,17.6,44.0,10.8,1004.9
2025-03-27 16:00:00,17.0,48.0,18.4,1006.0
2025-03-27 17:00:00,16.0,59.0,25.9,1006.0
2025-03-27 18:00:00,15.1,66.0,3.6,1005.4
2025-03-27 19:00:00,15.0,59.0,27.7,1006.0
2025-03-27 20:00:00,15.0,59.0,30.0,1006.0
2025-03-27 21:00:00,13.9,64.0,11.0,1005.8
2025-03-27 22:00:00,14.0,63.0,22.0,1006.0
2025-03-27 23:00:00,13.0,63.0,24.0,1006.0
2025-03-28 00:00:00,11.9,69.0,11.0,1005.4
2025-03-28 01:00:00,10.0,76.0,20.0,1005.0
2025-03-28 02:00:00,11.0,76.0,28.0,1004.0
2025-03-28 03:00:00,11.0,74.0,14.0,1004.7
2025-03-28 04:00:00,10.0,82.0,26.0,1004.0
2025-03-28 05:00:00,10.0,82.0,26.0,1005.0
2025-03-28 06:00:00,9.2,81.0,10.8,1005.8
2025-03-28 07:00:00,9.0,82.0,25.9,1006.0
2025-03-28 08:00:00,9.0,87.0,20.5,1006.0
2025-03-28 09:00:00,8.5,91.0,7.2,1006.6
2025-03-28 10:00:00,9.0,94.0,22.3,1006.0
2025-03-28 11:00:00,10.0,87.0,24.1,1006.0
2025-03-28 12:00:00,9.3,83.0,7.2,1006.1
2025-03-28 13:00:00,10.0,82.0,29.5,1005.0
2025-03-28 14:00:00,10.0,82.0,28.0,1005.0
2025-03-28 15:00:00,9.3,84.0,10.8,1005.2
2025-03-28 16:00:00,10.0,82.0,13.0,1004.0
2025-03-28 17:00:00,9.0,82.0,9.4,1004.0
2025-03-28 18:00:00,8.0,90.0,3.6,1005.2
2025-03-28 19:00:00,8.0,87.0,9.4,1005.0
2025-03-28 20:00:00,7.0,93.0,7.6,1004.0
2025-03-28 21:00:00,8.0,89.0,3.6,1004.9
2025-03-28 22:00:00,8.0,87.0,5.4,1004.0
2025-03-28 23:00:00,8.0,87.0,7.6,1004.0
2025-03-29 00:00:00,7.4,89.0,3.6,1004.6
2025-03-29 01:00:00,5.0,93.0,5.4,1003.0
2025-03-29 02:00:00,6.0,93.0,0.0,1003.0
2025-03-29 03:00:00,6.0,91.0,3.6,1003.8
2025-03-29 04:00:00,5.0,87.0,9.4,1003.0
2025-03-29 05:00:00,5.0,93.0,11.2,1003.0
2025-03-29 06:00:00,7.5,81.0,7.2,1003.8
2025-03-29 07:00:00,10.0,76.0,11.2,1004.0
2025-03-29 08:00:00,11.0,76.0,16.6,1004.0
2025-03-29 09:00:00,12.5,63.0,7.2,1002.6
2025-03-29 10:00:00,13.0,62.0,16.6,1004.0
2025-03-29 11:00:00,15.0,51.0,18.4,1003.0
2025-03-29 12:00:00,15.1,48.0,10.8,1001.5
2025-03-29 13:00:00,15.0,55.0,14.8,1002.0
2025-03-29 14:00:00,15.0,55.0,20.5,1002.0
2025-03-29 15:00:00,13.8,57.0,10.8,1001.9
2025-03-29 16:00:00,13.0,62.0,18.4,1003.0
2025-03-29 17:00:00,12.0,72.0,18.4,1004.0
2025-03-29 18:00:00,11.0,75.0,3.6,1003.5
2025-03-29 19:00:00,11.0,76.0,9.4,1005.0
2025-03-29 20:00:00,11.0,71.0,11.2,1005.0
2025-03-29 21:00:00,10.5,79.0,3.6,1005.0
2025-03-29 22:00:00,10.0,82.0,5.4,1005.0
2025-03-29 23:00:00,9.0,87.0,0.0,1006.0
2025-03-30 00:00:00,9.8,85.0,3.6,1005.4
2025-03-30 01:00:00,9.0,87.0,7.6,1005.0
2025-03-30 02:00:00,9.0,87.0,0.0,1006.0
2025-03-30 03:00:00,8.7,90.0,3.6,1005.8
2025-03-30 04:00:00,9.0,87.0,3.6,1006.0
2025-03-30 05:00:00,9.0,87.0,1.8,1007.0
2025-03-30 06:00:00,8.8,92.0,5.4,1006.8
2025-03-30 07:00:00,10.0,82.0,7.6,1008.0
2025-03-30 08:00:00,9.0,87.0,9.4,1008.0
2025-03-30 09:00:00,9.5,83.0,7.2,1008.0
2025-03-30 10:00:00,11.0,76.0,5.4,1008.0
2025-03-30 11:00:00,12.0,72.0,7.6,1008.0
2025-03-30 12:00:00,12.2,74.0,7.2,1006.9
2025-03-30 13:00:00,14.0,63.0,7.6,1007.0
2025-03-30 14:00:00,14.0,63.0,9.4,1007.0
2025-03-30 15:00:00,13.0,67.0,10.8,1006.4
2025-03-30 16:00:00,11.0,76.0,18.4,1007.0
2025-03-30 17:00:00,10.0,76.0,9.4,1008.0
2025-03-30 18:00:00,10.1,83.0,5.4,1008.0
2025-03-30 19:00:00,10.0,82.0,3.6,1009.0
2025-03-30 20:00:00,10.0,82.0,5.4,1009.0
2025-03-30 21:00:00,9.2,92.0,0.0,1008.7
2025-03-30 22:00:00,9.0,94.0,0.0,1009.0
2025-03-30 23:00:00,8.0,100.0,5.4,1008.0
2025-03-31 00:00:00,8.5,95.0,3.6,1008.5
2025-03-31 01:00:00,8.0,100.0,5.4,1008.0
2025-03-31 02:00:00,8.0,100.0,5.4,1007.0
2025-03-31 03:00:00,8.1,95.0,3.6,1007.6
2025-03-31 04:00:00,8.0,100.0,3.6,1007.0
2025-03-31 05:00:00,8.0,93.0,5.4,1007.0
2025-03-31 06:00:00,8.0,95.0,7.2,1007.9
2025-03-31 07:00:00,8.0,100.0,7.6,1008.0
2025-03-31 08:00:00,9.0,94.0,7.0,1008.0
2025-03-31 09:00:00,8.8,95.0,3.6,1008.5
2025-03-31 10:00:00,9.0,94.0,11.2,1008.0
2025-03-31 11:00:00,10.0,87.0,11.2,1008.0
2025-03-31 12:00:00,9.7,90.0,3.6,1008.4
2025-03-31 13:00:00,11.0,82.0,13.0,1008.0
2025-03-31 14:00:00,11.0,82.0,9.4,1008.0
2025-03-31 15:00:00,9.6,91.0,3.6,1008.2
2025-03-31 16:00:00,9.0,94.0,6.0,1009.0
2025-03-31 17:00:00,9.0,94.0,3.6,1009.0
2025-03-31 18:00:00,8.7,96.0,3.6,1008.9
2025-03-31 19:00:00,9.0,94.0,3.6,1010.0
2025-03-31 20:00:00,9.0,94.0,3.6,1010.2
2025-03-31 21:00:00,8.3,97.0,3.6,1010.3
2025-03-31 22:00:00,9.0,87.0,9.4,1010.0
2025-03-31 23:00:00,8.0,100.0,5.4,1009.0
2025-04-01 00:00:00,7.9,97.0,3.6,1010.0
2025-04-01 01:00:00,8.0,93.0,7.6,1008.0
2025-04-01 02:00:00,8.0,93.0,5.4,1008.0
2025-04-01 03:00:00,7.6,97.0,3.6,1008.8
2025-04-01 04:00:00,8.0,93.0,3.6,1008.0
2025-04-01 05:00:00,8.0,100.0,5.4,1008.0
2025-04-01 06:00:00,8.0,96.0,3.6,1008.8
2025-04-01 07:00:00,9.0,94.0,9.4,1008.0
2025-04-01 08:00:00,9.0,94.0,7.6,1009.0
2025-04-01 09:00:00,8.7,95.0,3.6,1008.6
2025-04-01 10:00:00,10.0,87.0,14.8,1008.0
2025-04-01 11:00:00,10.0,87.0,16.6,1008.0
2025-04-01 12:00:00,9.1,94.0,3.6,1008.5
2025-04-01 13:00:00,9.0,94.0,16.6,1008.0
2025-04-01 14:00:00,9.0,87.0,11.2,1008.0
2025-04-01 15:00:00,8.0,96.0,7.2,1008.8
2025-04-01 16:00:00,8.0,93.0,7.6,1009.0
2025-04-01 17:00:00,8.0,93.0,5.4,1009.0
2025-04-01 18:00:00,7.6,96.0,3.6,1009.8
2025-04-01 19:00:00,8.0,93.0,5.4,1010.0
2025-04-01 20:00:00,8.0,93.0,5.4,1010.0
2025-04-01 21:00:00,7.6,96.0,3.6,1010.0
2025-04-01 22:00:00,8.0,93.0,3.6,1009.0
2025-04-01 23:00:00,8.0,93.0,3.6,1009.0
2025-04-02 00:00:00,7.6,97.0,5.4,1009.9
2025-04-02 01:00:00,8.0,93.0,5.4,1009.0
2025-04-02 02:00:00,8.0,87.0,5.4,1009.0
2025-04-02 03:00:00,7.4,95.0,0.0,1009.9
2025-04-02 04:00:00,8.0,87.0,7.6,1009.0
2025-04-02 05:00:00,8.0,87.0,1.8,1010.0
2025-04-02 06:00:00,7.4,96.0,3.6,1011.3
2025-04-02 07:00:00,9.0,87.0,3.6,1011.0
2025-04-02 08:00:00,9.0,82.0,11.2,1012.0
2025-04-02 09:00:00,8.8,86.0,7.2,1012.3
2025-04-02 10:00:00,10.0,76.0,13.0,1012.0
2025-04-02 11:00:00,9.0,82.0,7.6,1013.0
2025-04-02 12:00:00,8.5,87.0,3.6,1013.1
2025-04-02 13:00:00,10.0,76.0,11.2,1013.0
2025-04-02 14:00:00,10.0,76.0,11.2,1013.0
2025-04-02 15:00:00,9.5,83.0,3.6,1013.3
2025-04-02 16:00:00,10.0,71.0,9.4,1014.0
2025-04-02 17:00:00,10.0,71.0,3.6,1014.0
2025-04-02 18:00:00,8.0,90.0,5.4,1014.8
2025-04-02 19:00:00,8.0,81.0,0.0,1015.0
2025-04-02 20:00:00,8.0,87.0,5.4,1015.0
2025-04-02 21:00:00,7.2,96.0,0.0,1016.3
2025-04-02 22:00:00,8.0,87.0,3.6,1016.0
2025-04-02 23:00:00,7.0,93.0,3.6,1016.0
2025-04-03 00:00:00,8.6,89.0,7.2,1016.5
2025-04-03 01:00:00,8.0,93.0,11.2,1016.0
2025-04-03 02:00:00,9.0,82.0,16.6,1016.0
2025-04-03 03:00:00,8.5,78.0,14.4,1016.4
2025-04-03 04:00:00,8.0,81.0,27.7,1017.0
2025-04-03 05:00:00,8.0,76.0,18.4,1017.0
2025-04-03 06:00:00,8.3,75.0,7.2,1016.8
2025-04-03 07:00:00,10.0,66.0,22.3,1017.0
2025-04-03 08:00:00,10.0,71.0,16.6,1017.0
2025-04-03 09:00:00,10.7,70.0,3.6,1016.9
2025-04-03 10:00:00,11.0,66.0,14.8,1017.0
2025-04-03 11:00:00,11.0,71.0,22.3,1017.0
2025-04-03 12:00:00,11.1,68.0,10.8,1016.7
2025-04-03 13:00:00,11.0,66.0,18.4,1017.0
2025-04-03 14:00:00,12.0,58.0,20.5,1017.0
2025-04-03 15:00:00,11.6,61.0,10.8,1016.7
2025-04-03 16:00:00,10.0,66.0,18.4,1017.0
2025-04-03 17:00:00,10.0,66.0,16.6,1017.0
2025-04-03 18:00:00,9.2,72.0,7.2,1017.8
2025-04-03 19:00:00,9.0,71.0,9.4,1018.0
2025-04-03 20:00:00,9.0,71.0,7.6,1018.0
2025-04-03 21:00:00,8.1,77.0,7.2,1018.9
2025-04-03 22:00:00,7.0,81.0,5.4,1018.0
2025-04-03 23:00:00,6.0,87.0,11.2,1018.0
2025-04-04 00:00:00,6.7,84.0,3.6,1019.1
2025-04-04 01:00:00,6.0,87.0,0.0,1018.0
2025-04-04 02:00:00,6.0,93.0,5.4,1018.0
2025-04-04 03:00:00,6.2,90.0,5.4,1018.7
2025-04-04 04:00:00,6.0,93.0,3.6,1018.0
2025-04-04 05:00:00,7.0,87.0,0.0,1018.0
2025-04-04 06:00:00,6.8,87.0,0.0,1018.8
2025-04-04 07:00:00,8.0,87.0,1.8,1018.0
2025-04-04 08:00:00,9.0,76.0,3.7,1018.0
2025-04-04 09:00:00,10.0,76.0,3.6,1017.7
2025-04-04 10:00:00,12.0,67.0,5.4,1017.0
2025-04-04 11:00:00,14.0,58.0,5.4,1017.0
2025-04-04 12:00:00,13.9,52.0,3.6,1015.5
2025-04-04 13:00:00,13.0,54.0,13.0,1015.0
2025-04-04 14:00:00,14.0,55.0,11.2,1014.0
2025-04-04 15:00:00,12.6,66.0,10.8,1014.2
2025-04-04 16:00:00,12.0,67.0,7.6,1014.0
2025-04-04 17:00:00,11.0,76.0,7.6,1014.0
2025-04-04 18:00:00,10.4,75.0,3.6,1014.6
2025-04-04 19:00:00,10.0,71.0,7.6,1015.0
2025-04-04 20:00:00,9.0,82.0,3.6,1015.0
2025-04-04 21:00:00,8.8,84.0,3.6,1015.1
2025-04-04 22:00:00,7.0,87.0,5.4,1014.0
2025-04-04 23:00:00,6.0,93.0,7.6,1014.0
2025-04-05 00:00:00,5.8,94.0,3.6,1015.0
2025-04-05 01:00:00,3.0,100.0,3.6,1013.0
2025-04-05 02:00:00,2.0,100.0,3.6,1013.0
2025-04-05 03:00:00,3.1,99.0,3.6,1014.6
2025-04-05 04:00:00,4.0,100.0,7.6,1012.0
2025-04-05 05:00:00,3.0,100.0,3.6,1012.0
2025-04-05 06:00:00,5.6,94.0,3.6,1013.3
2025-04-05 07:00:00,5.0,100.0,9.4,1012.0
2025-04-05 08:00:00,10.0,82.0,1.8,1012.0
2025-04-05 09:00:00,11.0,71.0,7.2,1011.0
2025-04-05 10:00:00,13.0,62.0,20.5,1010.0
2025-04-05 11:00:00,13.0,62.0,22.3,1009.0
2025-04-05 12:00:00,14.5,56.0,10.8,1007.0
2025-04-05 13:00:00,14.0,51.0,20.5,1007.0
2025-04-05 14:00:00,13.0,58.0,16.6,1006.0
2025-04-05 15:00:00,13.0,60.0,7.2,1005.6
2025-04-05 16:00:00,13.0,58.0,3.6,1005.0
2025-04-05 17:00:00,11.0,71.0,3.6,1005.0
2025-04-05 18:00:00,9.3,92.0,3.6,1005.8
2025-04-05 19:00:00,8.0,87.0,11.2,1006.0
2025-04-05 20:00:00,7.0,87.0,1.8,1005.0
2025-04-05 21:00:00,5.1,95.0,3.6,1006.6
2025-04-05 22:00:00,6.0,93.0,3.6,1004.0
2025-04-05 23:00:00,5.0,93.0,9.4,1004.0
2025-04-06 00:00:00,6.8,90.0,7.2,1004.7
2025-04-06 01:00:00,4.0,100.0,5.4,1003.0
2025-04-06 02:00:00,4.0,100.0,11.2,1003.0
2025-04-06 03:00:00,5.6,94.0,3.6,1004.1
2025-04-06 04:00:00,7.0,87.0,20.5,1004.0
2025-04-06 05:00:00,7.0,76.0,25.9,1005.0
2025-04-06 06:00:00,5.1,78.0,18.0,1007.7
2025-04-06 07:00:00,3.0,81.0,25.9,1008.0
2025-04-06 08:00:00,2.0,87.0,20.5,1010.0
2025-04-06 09:00:00,1.3,91.0,14.4,1012.3
2025-04-06 10:00:00,0.0,100.0,9.4,1011.0
2025-04-06 11:00:00,0.0,100.0,7.6,1011.0
2025-04-06 12:00:00,0.6,87.0,14.4,1013.6
2025-04-06 13:00:00,1.0,80.0,24.1,1011.0
2025-04-06 14:00:00,2.0,75.0,16.6,1011.0
2025-04-06 15:00:00,0.5,89.0,10.8,1013.2
2025-04-06 16:00:00,1.0,80.0,20.5,1011.0
2025-04-06 17:00:00,1.0,80.0,18.4,1011.0
2025-04-06 18:00:00,0.1,84.0,7.2,1014.1
2025-04-06 19:00:00,0.0,80.0,13.0,1013.0
2025-04-06 20:00:00,0.0,93.0,3.6,1013.0
2025-04-06 21:00:00,-0.4,94.0,9.4,1015.5
2025-04-06 22:00:00,0.0,93.0,5.4,1013.0
2025-04-06 23:00:00,0.0,93.0,3.6,1013.0
2025-04-07 00:00:00,-0.8,94.0,3.6,1015.6
2025-04-07 01:00:00,0.0,93.0,5.4,1012.0
2025-04-07 02:00:00,0.0,86.0,14.8,1012.0
2025-04-07 03:00:00,-1.3,92.0,10.8,1015.1
2025-04-07 04:00:00,-1.0,86.0,14.8,1013.0
2025-04-07 05:00:00,-1.0,86.0,14.8,1013.0
2025-04-07 06:00:00,-1.1,84.0,10.8,1015.6
2025-04-07 07:00:00,1.0,69.0,18.4,1014.0
2025-04-07 08:00:00,2.0,60.0,16.6,1015.0
2025-04-07 09:00:00,1.8,70.0,10.8,1016.5
2025-04-07 10:00:00,3.0,65.0,18.4,1015.0
2025-04-07 11:00:00,4.0,56.0,16.6,1015.0
2025-04-07 12:00:00,1.6,83.0,10.8,1017.2
2025-04-07 13:00:00,1.0,86.0,20.5,1016.0
2025-04-07 14:00:00,3.0,70.0,11.2,1016.0
2025-04-07 15:00:00,3.1,64.0,7.2,1018.1
2025-04-07 16:00:00,3.0,65.0,7.6,1017.0
2025-04-07 17:00:00,3.0,56.0,11.2,1018.0
2025-04-07 18:00:00,1.7,68.0,10.8,1020.5
2025-04-07 19:00:00,1.0,55.0,20.5,1020.0
2025-04-07 20:00:00,0.0,59.0,20.5,1021.0
2025-04-07 21:00:00,-0.3,61.0,7.2,1023.5
2025-04-07 22:00:00,-1.0,64.0,14.8,1022.0
2025-04-07 23:00:00,-1.0,64.0,5.4,1022.0
2025-04-08 00:00:00,-0.9,70.0,10.8,1024.2
2025-04-08 01:00:00,-2.0,64.0,9.4,1022.0
2025-04-08 02:00:00,-3.0,74.0,11.2,1025.3
2025-04-08 03:00:00,-1.8,89.0,7.2,1024.4
2025-04-08 04:00:00,-4.0,80.0,9.4,1022.0
2025-04-08 05:00:00,-4.0,80.0,7.6,1022.0
2025-04-08 06:00:00,-0.4,96.0,10.8,1024.6
2025-04-08 07:00:00,1.0,60.0,13.0,1022.0
2025-04-08 08:00:00,2.0,51.0,9.4,1023.0
2025-04-08 09:00:00,3.1,52.0,10.8,1024.0
2025-04-08 10:00:00,4.0,45.0,13.0,1022.0
2025-04-08 11:00:00,5.0,42.0,20.5,1021.0
2025-04-08 12:00:00,5.0,42.0,10.8,1022.2
2025-04-08 13:00:00,6.0,36.0,14.8,1020.0
2025-04-08 14:00:00,6.0,36.0,14.8,1019.0
2025-04-08 15:00:00,6.3,40.0,10.8,1020.8
2025-04-08 16:00:00,5.0,42.0,11.2,1019.0
2025-04-08 17:00:00,5.0,45.0,13.0,1019.0
2025-04-08 18:00:00,4.1,49.0,7.2,1021.7
2025-04-08 19:00:00,2.0,60.0,5.4,1021.0
2025-04-08 20:00:00,0.0,64.0,14.8,1021.0
2025-04-08 21:00:00,1.2,59.0,7.2,1023.1
2025-04-08 22:00:00,-1.0,69.0,11.2,1021.0
2025-04-08 23:00:00,0.0,64.0,9.4,1021.0
2025-04-09 00:00:00,1.3,57.0,7.2,1022.8
2025-04-09 01:00:00,-4.0,86.0,3.6,1020.0
2025-04-09 02:00:00,-4.0,86.0,0.0,1020.0
2025-04-09 03:00:00,-2.3,82.0,3.6,1023.6
2025-04-09 04:00:00,-5.0,93.0,0.0,1020.0
2025-04-09 05:00:00,-3.0,86.0,3.6,1020.0
2025-04-09 06:00:00,0.8,69.0,3.6,1023.0
2025-04-09 07:00:00,2.0,55.0,5.4,1020.0
2025-04-09 08:00:00,5.0,52.0,7.6,1020.0
2025-04-09 09:00:00,6.8,49.0,10.8,1021.1
2025-04-09 10:00:00,8.0,36.0,11.2,1020.0
2025-04-09 11:00:00,8.0,39.0,13.0,1019.0
2025-04-09 12:00:00,8.3,42.0,7.2,1019.8
2025-04-09 13:00:00,9.0,40.0,18.4,1018.0
2025-04-09 14:00:00,10.0,34.0,18.4,1018.0
2025-04-09 15:00:00,10.2,34.0,14.4,1018.2
2025-04-09 16:00:00,9.0,37.0,25.9,1018.0
2025-04-09 17:00:00,8.0,39.0,11.2,1018.0
2025-04-09 18:00:00,6.7,52.0,3.6,1019.3
2025-04-09 19:00:00,3.0,60.0,7.6,1019.0
2025-04-09 20:00:00,4.0,56.0,13.0,1019.0
2025-04-09 21:00:00,3.1,67.0,3.6,1020.6
2025-04-09 22:00:00,1.0,69.0,1.8,1019.0
2025-04-09 23:00:00,1.0,75.0,0.0,1018.0
2025-04-10 00:00:00,-0.2,78.0,3.6,1020.9
2025-04-10 01:00:00,-2.0,86.0,0.0,1017.0
2025-04-10 02:00:00,-1.0,86.0,0.0,1017.0
2025-04-10 03:00:00,0.3,79.0,3.6,1019.6
2025-04-10 04:00:00,-1.0,86.0,0.0,1016.0
2025-04-10 05:00:00,1.0,80.0,0.0,1016.0
2025-04-10 06:00:00,3.6,66.0,1.8,1018.1
2025-04-10 07:00:00,6.0,61.0,6.0,1016.0
2025-04-10 08:00:00,11.0,43.0,18.4,1015.0
2025-04-10 09:00:00,9.4,44.0,10.8,1015.3
2025-04-10 10:00:00,10.0,43.0,29.5,1014.0
2025-04-10 11:00:00,10.0,40.0,29.5,1013.0
2025-04-10 12:00:00,9.5,40.0,14.4,1013.4
2025-04-10 13:00:00,10.0,43.0,31.7,1012.0
2025-04-10 14:00:00,8.0,57.0,35.3,1012.0
2025-04-10 15:00:00,7.1,63.0,10.8,1013.6
2025-04-10 16:00:00,8.0,53.0,22.3,1012.0
2025-04-10 17:00:00,7.0,66.0,29.5,1012.0
2025-04-10 18:00:00,6.3,68.0,18.0,1014.3
2025-04-10 19:00:00,6.0,70.0,20.5,1015.0
2025-04-10 20:00:00,5.0,48.0,25.9,1015.0
2025-04-10 21:00:00,4.8,52.0,14.4,1017.4
2025-04-10 22:00:00,4.0,52.0,24.1,1016.0
2025-04-10 23:00:00,3.0,52.0,20.5,1016.0
2025-04-11 00:00:00,2.8,52.0,10.8,1018.4
2025-04-11 01:00:00,2.0,55.0,18.4,1016.0
2025-04-11 02:00:00,1.0,60.0,13.0,1016.0
2025-04-11 03:00:00,1.5,49.0,10.8,1018.3
2025-04-11 04:00:00,2.0,44.0,14.8,1016.0
2025-04-11 05:00:00,2.0,44.0,25.9,1016.0
2025-04-11 06:00:00,3.0,37.0,18.0,1018.7
2025-04-11 07:00:00,4.0,35.0,29.5,1017.0
2025-04-11 08:00:00,5.0,33.0,27.7,1017.0
2025-04-11 09:00:00,7.1,32.0,14.4,1017.3
2025-04-11 10:00:00,9.0,37.0,27.7,1015.0
2025-04-11 11:00:00,10.0,32.0,35.3,1015.0
2025-04-11 12:00:00,9.8,37.0,14.4,1014.4
2025-04-11 13:00:00,11.0,35.0,28.0,1013.0
2025-04-11 14:00:00,11.0,35.0,31.7,1012.0
2025-04-11 15:00:00,10.9,40.0,10.8,1011.7
2025-04-11 16:00:00,11.0,37.0,13.0,1011.0
2025-04-11 17:00:00,10.0,43.0,3.6,1010.0
2025-04-11 18:00:00,11.1,44.0,10.8,1010.4
2025-04-11 19:00:00,8.0,53.0,7.6,1011.0
2025-04-11 20:00:00,8.0,57.0,0.0,1010.0
2025-04-11 21:00:00,10.7,51.0,3.6,1010.3
2025-04-11 22:00:00,7.0,66.0,5.4,1009.0
2025-04-11 23:00:00,6.0,70.0,5.4,1009.0
2025-04-12 00:00:00,6.7,65.0,3.6,1010.3
2025-04-12 01:00:00,11.0,43.0,3.6,1009.0
2025-04-12 02:00:00,11.0,43.0,13.0,1009.0
2025-04-12 03:00:00,10.8,52.0,18.0,1009.3
2025-04-12 04:00:00,9.0,66.0,16.6,1010.0
2025-04-12 05:00:00,9.0,71.0,25.9,1011.0
2025-04-12 06:00:00,8.5,72.0,10.8,1012.1
2025-04-12 07:00:00,9.0,76.0,14.8,1013.0
2025-04-12 08:00:00,9.0,66.0,16.6,1014.0
2025-04-12 09:00:00,8.6,67.0,7.2,1015.2
2025-04-12 10:00:00,9.0,66.0,14.8,1016.0
2025-04-12 11:00:00,9.0,62.0,14.8,1017.0
2025-04-12 12:00:00,9.4,63.0,7.2,1017.1
2025-04-12 13:00:00,11.0,47.0,11.2,1017.0
2025-04-12 14:00:00,11.0,50.0,11.2,1017.0
2025-04-12 15:00:00,11.9,46.0,7.2,1016.4
2025-04-12 16:00:00,11.0,54.0,9.4,1017.0
2025-04-12 17:00:00,10.0,58.0,7.6,1017.0
2025-04-12 18:00:00,7.5,69.0,3.6,1018.4
2025-04-12 19:00:00,6.0,70.0,5.4,1018.0
2025-04-12 20:00:00,6.0,76.0,7.6,1018.0
2025-04-12 21:00:00,8.1,64.0,7.2,1019.2
2025-04-12 22:00:00,6.0,76.0,5.4,1019.0
2025-04-12 23:00:00,5.0,75.0,9.4,1019.0
2025-04-13 00:00:00,4.8,80.0,3.6,1019.7
2025-04-13 01:00:00,2.0,87.0,0.0,1019.0
2025-04-13 02:00:00,1.0,93.0,3.6,1019.0
2025-04-13 03:00:00,3.8,77.0,7.2,1020.5
2025-04-13 04:00:00,0.0,100.0,5.4,1020.0
2025-04-13 05:00:00,2.0,87.0,0.0,1020.0
2025-04-13 06:00:00,5.6,69.0,3.6,1020.9
2025-04-13 07:00:00,7.0,70.0,5.4,1020.0
2025-04-13 08:00:00,11.0,58.0,1.8,1020.0
2025-04-13 09:00:00,11.3,58.0,3.6,1019.8
2025-04-13 10:00:00,15.0,44.0,3.6,1019.0
2025-04-13 11:00:00,16.0,42.0,3.6,1019.0
2025-04-13 12:00:00,17.0,41.0,7.2,1018.0
2025-04-13 13:00:00,19.0,32.0,5.4,1018.0
2025-04-13 14:00:00,20.0,28.0,5.4,1017.0
2025-04-13 15:00:00,19.4,31.0,7.2,1015.6
2025-04-13 16:00:00,19.0,30.0,5.4,1017.0
2025-04-13 17:00:00,14.0,44.0,7.6,1017.0
2025-04-13 18:00:00,13.4,52.0,3.6,1016.7
2025-04-13 19:00:00,11.0,58.0,18.4,1018.0
2025-04-13 20:00:00,10.0,66.0,14.8,1019.0
2025-04-13 21:00:00,8.6,71.0,3.6,1019.2
2025-04-13 22:00:00,10.0,62.0,11.2,1020.0
2025-04-13 23:00:00,6.0,81.0,11.2,1020.0
2025-04-14 00:00:00,6.3,82.0,3.6,1020.9
2025-04-14 01:00:00,7.0,76.0,9.4,1020.0
2025-04-14 02:00:00,7.0,76.0,5.4,1020.0
2025-04-14 03:00:00,7.3,82.0,3.6,1020.4
2025-04-14 04:00:00,8.0,76.0,1.8,1020.0
2025-04-14 05:00:00,9.0,71.0,9.4,1020.0
2025-04-14 06:00:00,9.7,71.0,3.6,1020.1
2025-04-14 07:00:00,11.0,66.0,5.4,1021.0
2025-04-14 08:00:00,12.0,62.0,9.4,1021.0
2025-04-14 09:00:00,11.8,67.0,3.6,1020.6
2025-04-14 10:00:00,12.0,72.0,9.4,1022.0
2025-04-14 11:00:00,12.0,72.0,7.6,1022.0
2025-04-14 12:00:00,12.1,74.0,3.6,1021.2
2025-04-14 13:00:00,13.0,72.0,14.8,1022.0
2025-04-14 14:00:00,12.0,76.0,14.8,1021.0
2025-04-14 15:00:00,12.6,77.0,13.0,1020.7
2025-04-14 16:00:00,12.0,72.0,24.1,1021.0
2025-04-14 17:00:00,11.0,71.0,18.4,1022.0
2025-04-14 18:00:00,10.8,73.0,7.2,1021.7
2025-04-14 19:00:00,10.0,82.0,22.3,1022.0
2025-04-14 20:00:00,10.0,82.0,24.1,1022.0
2025-04-14 21:00:00,10.3,76.0,3.6,1022.3
2025-04-14 22:00:00,10.0,87.0,24.1,1022.2
2025-04-14 23:00:00,10.0,82.0,24.1,1022.1
2025-04-15 00:00:00,9.9,83.0,7.2,1022.2
2025-04-15 01:00:00,10.0,76.0,16.6,1022.0
2025-04-15 02:00:00,9.0,76.0,22.3,1021.0
2025-04-15 03:00:00,9.6,77.0,7.2,1021.6
2025-04-15 04:00:00,9.0,76.0,24.1,1021.0
2025-04-15 05:00:00,9.0,76.0,24.1,1022.0
2025-04-15 06:00:00,9.8,76.0,7.2,1022.0
2025-04-15 07:00:00,10.0,76.0,25.9,1022.0
2025-04-15 08:00:00,10.0,82.0,25.9,1022.0
2025-04-15 09:00:00,10.0,77.0,10.8,1022.9
2025-04-15 10:00:00,11.0,76.0,27.7,1022.0
2025-04-15 11:00:00,11.0,76.0,20.5,1022.0
2025-04-15 12:00:00,12.2,70.0,10.8,1021.7
2025-04-15 13:00:00,11.0,71.0,31.7,1022.0
2025-04-15 14:00:00,11.0,71.0,31.7,1021.0
2025-04-15 15:00:00,11.4,74.0,10.8,1021.3
2025-04-15 16:00:00,10.0,76.0,27.7,1021.0
2025-04-15 17:00:00,9.0,76.0,29.5,1022.0
2025-04-15 18:00:00,9.3,79.0,3.6,1022.3
2025-04-15 19:00:00,8.0,81.0,14.8,1023.0
2025-04-15 20:00:00,6.0,93.0,13.0,1023.0
2025-04-15 21:00:00,6.5,91.0,3.6,1024.3
2025-04-15 22:00:00,6.0,93.0,7.6,1024.0
2025-04-15 23:00:00,6.0,93.0,11.2,1024.0
2025-04-16 00:00:00,5.8,94.0,3.6,1024.7
2025-04-16 01:00:00,6.0,93.0,3.6,1024.0
2025-04-16 02:00:00,7.0,87.0,3.6,1024.0
2025-04-16 03:00:00,7.0,91.0,3.6,1024.4
2025-04-16 04:00:00,7.0,87.0,7.6,1024.0
2025-04-16 05:00:00,7.0,93.0,9.4,1024.0
2025-04-16 06:00:00,8.2,88.0,3.6,1023.8
2025-04-16 07:00:00,10.0,82.0,9.4,1024.0
2025-04-16 08:00:00,11.0,76.0,11.2,1024.0
2025-04-16 09:00:00,12.8,72.0,3.6,1023.5
2025-04-16 10:00:00,18.0,64.0,3.6,1024.0
2025-04-16 11:00:00,20.0,52.0,11.2,1023.0
2025-04-16 12:00:00,19.9,56.0,3.6,1021.4
2025-04-16 13:00:00,22.0,53.0,25.9,1022.0
2025-04-16 14:00:00,22.0,50.0,29.5,1021.0
2025-04-16 15:00:00,23.0,47.0,7.2,1018.4
2025-04-16 16:00:00,20.0,56.0,33.5,1021.0
2025-04-16 17:00:00,17.0,59.0,29.5,1021.0
2025-04-16 18:00:00,17.4,59.0,7.2,1020.0
2025-04-16 19:00:00,16.0,59.0,27.7,1023.0
2025-04-16 20:00:00,15.0,67.0,29.5,1023.0
2025-04-16 21:00:00,13.2,78.0,3.6,1022.9
2025-04-16 22:00:00,14.0,72.0,18.4,1024.0
2025-04-16 23:00:00,14.0,72.0,11.2,1024.0
2025-04-17 00:00:00,12.4,79.0,3.6,1022.5
2025-04-17 01:00:00,13.0,72.0,18.4,1022.0
2025-04-17 02:00:00,13.0,72.0,14.8,1022.0
2025-04-17 03:00:00,12.6,77.0,3.6,1021.8
2025-04-17 04:00:00,12.0,82.0,9.4,1023.0
2025-04-17 05:00:00,13.0,77.0,13.0,1023.0
2025-04-17 06:00:00,14.4,69.0,7.2,1022.1
2025-04-17 07:00:00,17.0,55.0,20.5,1023.0
2025-04-17 08:00:00,19.0,49.0,20.5,1023.0
2025-04-17 09:00:00,20.4,45.0,10.8,1020.0
2025-04-17 10:00:00,22.0,43.0,24.1,1021.0
2025-04-17 11:00:00,22.0,43.0,35.3,1021.0
2025-04-17 12:00:00,23.1,41.0,14.4,1017.5
2025-04-17 13:00:00,22.0,43.0,37.1,1019.0
2025-04-17 14:00:00,23.0,44.0,35.3,1019.0
2025-04-17 15:00:00,23.4,42.0,14.4,1015.7
2025-04-17 16:00:00,21.0,46.0,31.7,1019.0
2025-04-17 17:00:00,19.0,49.0,31.7,1018.0
2025-04-17 18:00:00,18.4,52.0,14.4,1016.9
2025-04-17 19:00:00,17.0,59.0,25.9,1018.0
2025-04-17 20:00:00,17.0,55.0,35.3,1018.0
2025-04-17 21:00:00,16.7,57.0,10.8,1016.5
2025-04-17 22:00:00,17.0,55.0,38.9,1016.0
2025-04-17 23:00:00,16.0,59.0,38.9,1016.0
2025-04-18 00:00:00,15.8,63.0,10.8,1014.8
2025-04-18 01:00:00,14.0,67.0,20.5,1016.0
2025-04-18 02:00:00,12.0,76.0,24.1,1015.0
2025-04-18 03:00:00,12.7,73.0,7.2,1015.0
2025-04-18 04:00:00,12.0,72.0,20.5,1016.0
2025-04-18 05:00:00,12.0,72.0,22.3,1016.0
2025-04-18 06:00:00,12.4,71.0,7.2,1015.2
2025-04-18 07:00:00,15.0,55.0,25.9,1015.0
2025-04-18 08:00:00,16.0,52.0,25.9,1015.0
2025-04-18 09:00:00,17.4,51.0,7.2,1013.7
2025-04-18 10:00:00,18.0,49.0,5.4,1014.0
2025-04-18 11:00:00,18.0,49.0,5.4,1014.0
2025-04-18 12:00:00,19.8,46.0,7.2,1011.7
2025-04-18 13:00:00,20.0,43.0,3.6,1012.0
2025-04-18 14:00:00,19.0,46.0,11.2,1012.0
2025-04-18 15:00:00,18.1,55.0,7.2,1010.8
2025-04-18 16:00:00,17.0,63.0,0.0,1012.0
2025-04-18 17:00:00,15.0,77.0,0.0,1012.0
2025-04-18 18:00:00,14.9,78.0,3.6,1011.2
2025-04-18 19:00:00,13.0,94.0,0.0,1013.0
2025-04-18 20:00:00,13.0,94.0,0.0,1013.0
2025-04-18 21:00:00,13.0,90.0,3.6,1012.4
2025-04-18 22:00:00,12.0,94.0,0.0,1013.0
2025-04-18 23:00:00,11.0,94.0,16.6,1014.0
2025-04-19 00:00:00,10.4,95.0,7.2,1013.5
2025-04-19 01:00:00,11.0,88.0,11.2,1013.0
2025-04-19 02:00:00,10.0,94.0,14.8,1013.0
2025-04-19 03:00:00,10.2,92.0,7.2,1013.4
2025-04-19 04:00:00,11.0,88.0,13.0,1013.0
2025-04-19 05:00:00,11.0,82.0,14.8,1014.0
2025-04-19 06:00:00,10.3,86.0,7.2,1013.6
2025-04-19 07:00:00,11.0,88.0,16.6,1014.0
2025-04-19 08:00:00,11.0,88.0,16.6,1015.0
2025-04-19 09:00:00,11.4,84.0,7.2,1014.0
2025-04-19 10:00:00,14.0,77.0,9.4,1014.0
2025-04-19 11:00:00,15.0,63.0,7.6,1014.0
2025-04-19 12:00:00,16.2,64.0,7.2,1012.5
2025-04-19 13:00:00,15.0,77.0,9.4,1013.0
2025-04-19 14:00:00,16.0,63.0,13.0,1013.0
2025-04-19 15:00:00,15.8,69.0,7.2,1012.2
2025-04-19 16:00:00,16.0,63.0,5.4,1013.0
2025-04-19 17:00:00,15.0,77.0,7.6,1014.0
2025-04-19 18:00:00,14.1,80.0,5.4,1013.0
2025-04-19 19:00:00,11.0,94.0,1.8,1014.0
2025-04-19 20:00:00,11.0,94.0,5.4,1014.0
2025-04-19 21:00:00,9.8,91.0,3.6,1014.4
2025-04-19 22:00:00,9.0,100.0,0.0,1015.0
2025-04-19 23:00:00,8.0,93.0,3.6,1014.0
2025-04-20 00:00:00,6.8,96.0,3.6,1015.4
2025-04-20 01:00:00,6.0,93.0,0.0,1014.0
2025-04-20 02:00:00,6.0,100.0,5.4,1014.0
2025-04-20 03:00:00,5.3,95.0,3.6,1015.6
2025-04-20 04:00:00,6.0,93.0,3.6,1015.0
2025-04-20 05:00:00,6.0,100.0,1.8,1015.0
2025-04-20 06:00:00,8.7,84.0,3.6,1015.3
2025-04-20 07:00:00,9.0,100.0,5.4,1015.0
2025-04-20 08:00:00,13.0,82.0,3.6,1015.0
2025-04-20 09:00:00,15.8,62.0,3.6,1013.4
2025-04-20 10:00:00,19.0,52.0,3.6,1014.0
2025-04-20 11:00:00,20.0,35.0,5.4,1014.0
2025-04-20 12:00:00,20.6,37.0,7.2,1011.4
2025-04-20 13:00:00,22.0,29.0,5.4,1013.0
2025-04-20 14:00:00,22.0,35.0,5.4,1012.0
2025-04-20 15:00:00,21.9,35.0,7.2,1009.3
2025-04-20 16:00:00,22.0,33.0,9.4,1011.0
2025-04-20 17:00:00,18.0,52.0,7.6,1012.0
2025-04-20 18:00:00,15.3,63.0,3.6,1010.6
2025-04-20 19:00:00,14.0,63.0,7.6,1013.0
2025-04-20 20:00:00,14.0,63.0,7.6,1013.0
2025-04-20 21:00:00,13.0,65.0,7.2,1012.4
2025-04-20 22:00:00,12.0,67.0,11.2,1013.0
2025-04-20 23:00:00,10.0,76.0,13.0,1013.0
2025-04-21 00:00:00,9.8,76.0,3.6,1013.3
2025-04-21 01:00:00,8.0,81.0,3.6,1013.0
2025-04-21 02:00:00,7.0,87.0,5.4,1013.0
2025-04-21 03:00:00,7.0,90.0,5.4,1014.3
2025-04-21 04:00:00,6.0,93.0,0.0,1014.0
2025-04-21 05:00:00,8.0,93.0,0.0,1014.0
2025-04-21 06:00:00,12.5,66.0,3.6,1013.6
2025-04-21 07:00:00,14.0,67.0,1.8,1014.0
2025-04-21 08:00:00,18.0,49.0,1.8,1014.0
2025-04-21 09:00:00,19.0,45.0,7.2,1011.6
2025-04-21 10:00:00,21.0,40.0,1.8,1013.0
2025-04-21 11:00:00,22.0,35.0,5.4,1012.0
2025-04-21 12:00:00,22.8,34.0,3.6,1009.4
2025-04-21 13:00:00,24.0,29.0,5.4,1011.0
2025-04-21 14:00:00,24.0,27.0,9.4,1010.0
2025-04-21 15:00:00,24.5,29.0,7.2,1007.4
2025-04-21 16:00:00,22.0,38.0,18.4,1010.0
2025-04-21 17:00:00,18.0,52.0,18.4,1011.0
2025-04-21 18:00:00,17.6,54.0,7.2,1009.7
2025-04-21 19:00:00,15.0,59.0,9.4,1013.0
2025-04-21 20:00:00,14.0,67.0,0.0,1013.0
2025-04-21 21:00:00,12.4,72.0,0.0,1012.6
2025-04-21 22:00:00,12.0,82.0,3.6,1013.0
2025-04-21 23:00:00,12.0,72.0,7.6,1013.0
2025-04-22 00:00:00,10.4,78.0,3.6,1013.3
2025-04-22 01:00:00,9.0,87.0,9.4,1013.0
2025-04-22 02:00:00,10.0,82.0,3.6,1013.0
2025-04-22 03:00:00,10.2,80.0,3.6,1013.5
2025-04-22 04:00:00,7.0,93.0,0.0,1014.0
2025-04-22 05:00:00,11.0,76.0,0.0,1015.0
2025-04-22 06:00:00,13.0,65.0,7.2,1013.5
2025-04-22 07:00:00,15.0,67.0,1.8,1015.0
2025-04-22 08:00:00,18.0,56.0,3.6,1015.0
2025-04-22 09:00:00,19.0,53.0,7.2,1012.6
2025-04-22 10:00:00,23.0,41.0,3.6,1014.0
2025-04-22 11:00:00,21.0,46.0,20.5,1014.0
2025-04-22 12:00:00,21.3,41.0,14.4,1011.4
2025-04-22 13:00:00,19.0,52.0,20.5,1014.0
2025-04-22 14:00:00,19.0,49.0,22.3,1014.0
2025-04-22 15:00:00,19.8,42.0,10.8,1012.0
2025-04-22 16:00:00,17.0,59.0,20.5,1014.0
2025-04-22 17:00:00,15.0,67.0,7.6,1014.0
2025-04-22 18:00:00,15.7,64.0,3.6,1013.6
2025-04-22 19:00:00,15.0,63.0,9.4,1016.0
2025-04-22 20:00:00,14.0,67.0,3.6,1016.0
2025-04-22 21:00:00,13.2,65.0,7.2,1015.2
2025-04-22 22:00:00,10.0,76.0,7.6,1016.0
2025-04-22 23:00:00,10.0,82.0,5.4,1016.0
2025-04-23 00:00:00,8.9,86.0,3.6,1016.5
2025-04-23 01:00:00,9.0,87.0,9.4,1016.0
2025-04-23 02:00:00,9.0,87.0,5.4,1016.0
2025-04-23 03:00:00,10.2,78.0,7.2,1016.1
2025-04-23 04:00:00,9.0,87.0,9.4,1016.0
2025-04-23 05:00:00,11.0,76.0,0.0,1016.0
2025-04-23 06:00:00,12.7,74.0,3.6,1015.1
2025-04-23 07:00:00,15.0,67.0,5.4,1015.0
2025-04-23 08:00:00,17.0,59.0,5.4,1015.0
2025-04-23 09:00:00,18.5,57.0,7.2,1012.9
2025-04-23 10:00:00,21.0,46.0,5.4,1013.0
2025-04-23 11:00:00,22.0,38.0,9.4,1013.0
2025-04-23 12:00:00,22.7,39.0,10.8,1009.6
2025-04-23 13:00:00,20.0,52.0,18.4,1012.0
2025-04-23 14:00:00,18.0,56.0,14.8,1012.0
2025-04-23 15:00:00,14.7,90.0,3.6,1011.2
2025-04-23 16:00:00,17.0,59.0,16.6,1012.0
2025-04-23 17:00:00,16.0,68.0,18.4,1012.0
2025-04-23 18:00:00,14.5,75.0,7.2,1011.1
2025-04-23 19:00:00,14.0,77.0,5.4,1013.0
2025-04-23 20:00:00,14.0,77.0,9.4,1012.0
2025-04-23 21:00:00,12.9,89.0,3.6,1011.8
2025-04-23 22:00:00,12.0,88.0,3.6,1012.0
2025-04-23 23:00:00,12.0,82.0,1.8,1012.0
2025-04-24 00:00:00,11.3,94.0,3.6,1011.9
2025-04-24 01:00:00,11.0,88.0,3.6,1011.0
2025-04-24 02:00:00,11.0,94.0,5.4,1011.0
2025-04-24 03:00:00,10.6,92.0,3.6,1010.8
2025-04-24 04:00:00,12.0,82.0,3.6,1010.0
2025-04-24 05:00:00,12.0,88.0,0.0,1010.0
2025-04-24 06:00:00,12.3,87.0,0.0,1010.2
2025-04-24 07:00:00,14.0,77.0,0.0,1011.0
2025-04-24 08:00:00,15.0,72.0,1.8,1011.0
2025-04-24 09:00:00,15.9,66.0,3.6,1009.3
2025-04-24 10:00:00,18.0,56.0,1.8,1010.0
2025-04-24 11:00:00,19.0,52.0,7.6,1009.0
2025-04-24 12:00:00,19.9,50.0,10.8,1006.6
2025-04-24 13:00:00,16.0,72.0,27.7,1008.0
2025-04-24 14:00:00,16.0,68.0,16.6,1008.0
2025-04-24 15:00:00,16.9,61.0,3.6,1007.2
2025-04-24 16:00:00,18.0,60.0,5.4,1008.0
2025-04-24 17:00:00,15.0,77.0,9.4,1008.0
2025-04-24 18:00:00,15.1,76.0,3.6,1007.6
2025-04-24 19:00:00,12.0,88.0,5.4,1009.0
2025-04-24 20:00:00,12.0,88.0,16.6,1010.0
2025-04-24 21:00:00,10.5,90.0,3.6,1009.8
2025-04-24 22:00:00,10.0,94.0,0.0,1010.0
2025-04-24 23:00:00,10.0,100.0,5.4,1010.0
2025-04-25 00:00:00,9.0,96.0,7.6,1010.2
2025-04-25 01:00:00,8.0,93.0,0.0,1010.0
2025-04-25 02:00:00,7.0,100.0,0.0,1010.0
2025-04-25 03:00:00,6.8,96.0,3.6,1010.9
2025-04-25 04:00:00,5.0,100.0,3.6,1010.0
2025-04-25 05:00:00,6.0,100.0,5.4,1011.0
2025-04-25 06:00:00,10.9,83.0,3.6,1010.6
2025-04-25 07:00:00,13.0,77.0,1.8,1011.0
2025-04-25 08:00:00,16.0,68.0,1.8,1011.0
2025-04-25 09:00:00,18.3,54.0,7.2,1008.5
2025-04-25 10:00:00,20.0,37.0,14.8,1010.0
2025-04-25 11:00:00,22.0,35.0,13.0,1009.0
2025-04-25 12:00:00,21.8,35.0,10.8,1007.0
2025-04-25 13:00:00,22.0,33.0,18.4,1009.0
2025-04-25 14:00:00,22.0,35.0,22.3,1008.0
2025-04-25 15:00:00,19.4,43.0,14.4,1006.8
2025-04-25 16:00:00,19.0,46.0,31.7,1009.0
2025-04-25 17:00:00,17.0,52.0,20.5,1009.0
2025-04-25 18:00:00,16.4,56.0,7.2,1007.9
2025-04-25 19:00:00,12.0,72.0,13.0,1010.0
2025-04-25 20:00:00,11.0,76.0,13.0,1011.0
2025-04-25 21:00:00,12.5,71.0,3.6,1010.2
2025-04-25 22:00:00,10.0,76.0,9.4,1011.0
2025-04-25 23:00:00,10.0,76.0,7.6,1010.0
2025-04-26 00:00:00,9.1,84.0,3.6,1010.8
2025-04-26 01:00:00,7.0,87.0,9.4,1010.0
2025-04-26 02:00:00,7.0,87.0,0.0,1010.0
2025-04-26 03:00:00,6.5,94.0,0.0,1011.2
2025-04-26 04:00:00,6.0,93.0,0.0,1011.0
2025-04-26 05:00:00,9.0,82.0,3.6,1011.0
2025-04-26 06:00:00,12.6,70.0,3.6,1010.6
2025-04-26 07:00:00,14.0,67.0,1.8,1012.0
2025-04-26 08:00:00,16.0,59.0,3.6,1012.0
2025-04-26 09:00:00,18.2,52.0,7.2,1009.4
2025-04-26 10:00:00,19.0,46.0,16.6,1011.0
2025-04-26 11:00:00,21.0,46.0,13.0,1011.0
2025-04-26 12:00:00,17.5,51.0,14.4,1010.1
2025-04-26 13:00:00,20.0,40.0,7.6,1011.0
2025-04-26 14:00:00,21.0,38.0,9.4,1011.0
2025-04-26 15:00:00,18.2,54.0,10.8,1009.3
2025-04-26 16:00:00,18.0,56.0,22.3,1011.0
2025-04-26 17:00:00,17.0,59.0,14.8,1013.0
2025-04-26 18:00:00,11.5,89.0,7.2,1013.4
2025-04-26 19:00:00,12.0,88.0,5.4,1016.0
2025-04-26 20:00:00,12.0,94.0,9.4,1016.0
2025-04-26 21:00:00,11.2,94.0,7.2,1016.1
2025-04-26 22:00:00,12.0,94.0,0.0,1017.0
2025-04-26 23:00:00,11.0,94.0,9.4,1017.0
2025-04-27 00:00:00,10.4,94.0,3.6,1016.3
2025-04-27 01:00:00,10.0,94.0,3.6,1017.0
2025-04-27 02:00:00,10.0,94.0,0.0,1017.0
2025-04-27 03:00:00,9.7,95.0,3.6,1017.6
2025-04-27 04:00:00,10.0,94.0,7.6,1018.0
2025-04-27 05:00:00,11.0,88.0,7.6,1019.0
2025-04-27 06:00:00,11.2,92.0,3.6,1019.1
2025-04-27 07:00:00,14.0,77.0,14.8,1020.0
2025-04-27 08:00:00,14.0,77.0,22.3,1021.0
2025-04-27 09:00:00,13.3,81.0,10.8,1020.9
2025-04-27 10:00:00,14.0,72.0,25.9,1023.0
2025-04-27 11:00:00,14.0,72.0,24.1,1023.0
2025-04-27 12:00:00,12.9,75.0,7.2,1022.3
2025-04-27 13:00:00,13.0,67.0,27.7,1024.0
2025-04-27 14:00:00,13.0,72.0,22.3,1024.0
2025-04-27 15:00:00,12.8,67.0,10.8,1023.4
2025-04-27 16:00:00,13.0,72.0,22.3,1024.0
2025-04-27 17:00:00,12.0,76.0,22.3,1025.0
2025-04-27 18:00:00,11.1,81.0,7.2,1025.0
2025-04-27 19:00:00,11.0,82.0,16.6,1026.0
2025-04-27 20:00:00,11.0,82.0,16.6,1027.0
2025-04-27 21:00:00,9.9,86.0,7.2,1026.8
2025-04-27 22:00:00,10.0,82.0,16.6,1027.0
2025-04-27 23:00:00,10.0,82.0,16.6,1027.0
2025-04-28 00:00:00,9.6,88.0,3.6,1027.0
2025-04-28 01:00:00,10.0,76.0,25.9,1027.0
2025-04-28 02:00:00,8.0,76.0,27.7,1027.0
2025-04-28 03:00:00,7.3,75.0,3.6,1028.3
2025-04-28 04:00:00,7.0,76.0,24.1,1028.0
2025-04-28 05:00:00,8.0,76.0,25.9,1028.0
2025-04-28 06:00:00,7.4,78.0,7.2,1029.0
2025-04-28 07:00:00,9.0,66.0,22.3,1029.0
2025-04-28 08:00:00,11.0,62.0,25.9,1029.0
2025-04-28 09:00:00,13.7,49.0,10.8,1027.5
2025-04-28 10:00:00,15.0,51.0,18.4,1028.0
2025-04-28 11:00:00,15.0,55.0,18.4,1027.0
2025-04-28 12:00:00,15.2,50.0,7.2,1025.8
2025-04-28 13:00:00,16.0,48.0,16.6,1026.0
2025-04-28 14:00:00,16.0,45.0,14.8,1025.0
2025-04-28 15:00:00,15.8,44.0,7.2,1024.3
2025-04-28 16:00:00,16.0,39.0,20.5,1025.0
2025-04-28 17:00:00,13.0,51.0,16.6,1025.0
2025-04-28 18:00:00,11.9,59.0,7.2,1025.3
2025-04-28 19:00:00,10.0,54.0,14.8,1026.0
2025-04-28 20:00:00,8.0,66.0,13.0,1027.0
2025-04-28 21:00:00,7.2,70.0,7.2,1027.5
2025-04-28 22:00:00,7.0,66.0,20.0,1027.0
2025-04-28 23:00:00,6.0,70.0,20.5,1027.0
2025-04-29 00:00:00,2.7,85.0,7.2,1028.8
2025-04-29 01:00:00,4.0,70.0,16.6,1026.0
2025-04-29 02:00:00,2.0,80.0,13.0,1026.0
2025-04-29 03:00:00,3.2,70.0,7.2,1028.0
2025-04-29 04:00:00,2.0,80.0,7.6,1026.0
2025-04-29 05:00:00,3.0,81.0,9.4,1026.0
2025-04-29 06:00:00,6.8,58.0,3.6,1027.4
2025-04-29 07:00:00,10.0,50.0,3.6,1026.0
2025-04-29 08:00:00,13.0,47.0,5.4,1026.0
2025-04-29 09:00:00,14.0,39.0,10.8,1024.5
2025-04-29 10:00:00,16.0,36.0,11.2,1024.0
2025-04-29 11:00:00,17.0,36.0,18.4,1023.0
2025-04-29 12:00:00,17.0,38.0,7.2,1021.6
2025-04-29 13:00:00,18.0,34.0,20.5,1022.0
2025-04-29 14:00:00,18.0,32.0,18.4,1021.0
2025-04-29 15:00:00,17.4,32.0,10.8,1019.9
2025-04-29 16:00:00,17.0,32.0,18.4,1021.0
2025-04-29 17:00:00,15.0,36.0,13.0,1021.0
2025-04-29 18:00:00,12.2,49.0,3.6,1021.2
2025-04-29 19:00:00,9.0,53.0,3.6,1022.0
2025-04-29 20:00:00,8.0,61.0,9.4,1023.0
2025-04-29 21:00:00,6.3,70.0,7.2,1023.8
2025-04-29 22:00:00,5.0,70.0,7.6,1023.0
2025-04-29 23:00:00,4.0,81.0,5.4,1023.0
2025-04-30 00:00:00,3.5,82.0,3.6,1024.4
2025-04-30 01:00:00,3.0,81.0,3.6,1022.0
2025-04-30 02:00:00,3.0,81.0,3.6,1022.0
2025-04-30 03:00:00,2.4,86.0,5.4,1024.5
2025-04-30 04:00:00,2.0,93.0,5.4,1022.0
2025-04-30 05:00:00,5.0,75.0,3.6,1023.0
2025-04-30 06:00:00,9.4,63.0,3.6,1022.8
2025-04-30 07:00:00,10.0,58.0,1.8,1022.0
2025-04-30 08:00:00,14.0,51.0,3.6,1022.0
2025-04-30 09:00:00,16.5,44.0,3.6,1020.5
2025-04-30 10:00:00,19.0,43.0,9.4,1021.0
2025-04-30 11:00:00,21.0,30.0,20.5,1020.0
2025-04-30 12:00:00,19.9,35.0,10.8,1018.4
2025-04-30 13:00:00,21.0,33.0,24.1,1019.0
2025-04-30 14:00:00,21.0,33.0,14.8,1019.0
2025-04-30 15:00:00,19.9,36.0,10.8,1017.3
2025-04-30 16:00:00,19.0,37.0,16.6,1019.0
2025-04-30 17:00:00,18.0,37.0,11.2,1019.0
2025-04-30 18:00:00,16.0,50.0,3.6,1017.9
2025-04-30 19:00:00,14.0,51.0,3.6,1019.0
2025-04-30 20:00:00,12.0,58.0,0.0,1019.0
2025-04-30 21:00:00,8.9,79.0,5.4,1020.0
2025-04-30 22:00:00,9.0,71.0,7.6,1019.0
2025-04-30 23:00:00,7.0,81.0,5.4,1019.0
2025-05-01 00:00:00,7.5,86.0,5.4,1019.9
2025-05-01 01:00:00,6.0,87.0,1.8,1019.0
2025-05-01 02:00:00,5.0,93.0,1.8,1019.0
2025-05-01 03:00:00,4.9,95.0,3.6,1020.5
2025-05-01 04:00:00,4.0,93.0,9.4,1019.0
2025-05-01 05:00:00,7.0,81.0,5.4,1019.0
2025-05-01 06:00:00,11.9,68.0,0.0,1018.7
2025-05-01 07:00:00,13.0,62.0,5.4,1019.0
2025-05-01 08:00:00,16.0,55.0,3.6,1019.0
2025-05-01 09:00:00,18.7,45.0,3.6,1016.4
2025-05-01 10:00:00,21.0,40.0,5.4,1018.0
2025-05-01 11:00:00,20.0,43.0,7.6,1017.0
2025-05-01 12:00:00,21.1,35.0,7.2,1014.6
2025-05-01 13:00:00,21.0,33.0,16.6,1016.0
2025-05-01 14:00:00,23.0,31.0,16.6,1015.0
2025-05-01 15:00:00,21.2,35.0,7.2,1013.4
2025-05-01 16:00:00,21.0,33.0,14.8,1015.0
2025-05-01 17:00:00,20.0,37.0,16.6,1016.0
2025-05-01 18:00:00,18.8,44.0,7.2,1014.6
2025-05-01 19:00:00,17.0,45.0,7.6,1018.0
2025-05-01 20:00:00,13.0,77.0,24.1,1018.0
2025-05-01 21:00:00,13.8,71.0,7.2,1018.3
2025-05-01 22:00:00,14.0,72.0,14.8,1019.0
2025-05-01 23:00:00,13.0,82.0,9.4,1020.0
2025-05-02 00:00:00,12.4,88.0,3.6,1019.1
2025-05-02 01:00:00,11.0,94.0,3.6,1020.0
2025-05-02 02:00:00,11.0,94.0,5.4,1020.0
2025-05-02 03:00:00,9.3,96.0,3.6,1020.2
2025-05-02 04:00:00,8.0,93.0,1.8,1021.0
2025-05-02 05:00:00,11.0,94.0,5.4,1021.0
2025-05-02 06:00:00,13.6,78.0,3.6,1019.8
2025-05-02 07:00:00,16.0,68.0,7.6,1022.0
2025-05-02 08:00:00,18.0,56.0,3.6,1021.0
2025-05-02 09:00:00,18.0,54.0,7.2,1019.5
2025-05-02 10:00:00,20.0,43.0,5.4,1021.0
2025-05-02 11:00:00,22.0,41.0,7.6,1020.0
2025-05-02 12:00:00,21.2,41.0,7.2,1018.3
2025-05-02 13:00:00,22.0,33.0,11.2,1020.0
2025-05-02 14:00:00,22.0,35.0,20.5,1019.0
2025-05-02 15:00:00,21.6,35.0,10.8,1017.0
2025-05-02 16:00:00,21.0,35.0,16.6,1019.0
2025-05-02 17:00:00,19.0,43.0,13.0,1019.0
2025-05-02 18:00:00,16.7,52.0,3.6,1018.0
2025-05-02 19:00:00,14.0,58.0,5.4,1020.0
2025-05-02 20:00:00,11.0,71.0,7.6,1020.0
2025-05-02 21:00:00,12.7,63.0,7.2,1019.3
2025-05-02 22:00:00,10.0,76.0,0.0,1020.0
2025-05-02 23:00:00,8.0,81.0,7.6,1020.0
2025-05-03 00:00:00,7.9,84.0,7.6,1020.6
2025-05-03 01:00:00,7.0,87.0,0.0,1020.0
2025-05-03 02:00:00,7.0,87.0,1.8,1020.0
2025-05-03 03:00:00,6.0,91.0,0.0,1021.1
2025-05-03 04:00:00,7.0,87.0,7.6,1020.0
2025-05-03 05:00:00,9.0,82.0,0.0,1020.0
2025-05-03 06:00:00,11.9,73.0,3.6,1019.8
2025-05-03 07:00:00,14.0,63.0,1.8,1020.0
2025-05-03 08:00:00,17.0,55.0,3.6,1019.0
2025-05-03 09:00:00,18.7,54.0,3.6,1016.9
2025-05-03 10:00:00,22.0,38.0,5.4,1018.0
2025-05-03 11:00:00,24.0,31.0,13.0,1017.0
2025-05-03 12:00:00,23.8,30.0,7.2,1013.8
2025-05-03 13:00:00,26.0,26.0,5.4,1016.0
2025-05-03 14:00:00,25.0,26.0,5.4,1015.0
2025-05-03 15:00:00,24.6,32.0,7.2,1011.8
2025-05-03 16:00:00,24.0,31.0,7.6,1014.0
2025-05-03 17:00:00,22.0,41.0,5.4,1014.0
2025-05-03 18:00:00,18.6,58.0,3.6,1012.6
2025-05-03 19:00:00,18.0,49.0,11.2,1014.0
2025-05-03 20:00:00,15.0,59.0,5.4,1014.0
2025-05-03 21:00:00,16.2,51.0,10.8,1013.3
2025-05-03 22:00:00,13.0,67.0,0.0,1014.0
2025-05-03 23:00:00,12.0,72.0,1.8,1014.0
2025-05-04 00:00:00,13.8,62.0,7.2,1013.5
2025-05-04 01:00:00,10.0,82.0,3.6,1014.0
2025-05-04 02:00:00,8.0,93.0,0.0,1013.0
2025-05-04 03:00:00,8.9,88.0,0.0,1014.0
2025-05-04 04:00:00,9.0,87.0,0.0,1014.0
2025-05-04 05:00:00,12.0,76.0,0.0,1014.0
2025-05-04 06:00:00,15.0,66.0,1.8,1012.5
2025-05-04 07:00:00,17.0,55.0,1.8,1013.0
2025-05-04 08:00:00,19.0,52.0,5.4,1013.0
2025-05-04 09:00:00,19.8,53.0,3.6,1010.8
2025-05-04 10:00:00,24.0,29.0,11.2,1012.0
2025-05-04 11:00:00,26.0,30.0,11.2,1011.0
2025-05-04 12:00:00,24.2,32.0,10.8,1007.9
2025-05-04 13:00:00,25.0,28.0,9.4,1010.0
2025-05-04 14:00:00,25.0,30.0,14.8,1009.0
2025-05-04 15:00:00,24.6,37.0,7.2,1006.5
2025-05-04 16:00:00,23.0,31.0,29.5,1010.0
2025-05-04 17:00:00,21.0,43.0,9.4,1009.0
2025-05-04 18:00:00,17.9,63.0,3.6,1007.9
2025-05-04 19:00:00,18.0,56.0,11.2,1010.0
2025-05-04 20:00:00,15.0,63.0,13.0,1010.0
2025-05-04 21:00:00,16.0,63.0,7.2,1008.8
2025-05-04 22:00:00,15.0,72.0,7.6,1010.0
2025-05-04 23:00:00,15.0,72.0,7.6,1010.0
2025-05-05 00:00:00,13.7,72.0,3.6,1009.1
2025-05-05 01:00:00,15.0,63.0,3.6,1009.0
2025-05-05 02:00:00,14.0,72.0,3.6,1010.0
2025-05-05 03:00:00,13.3,75.0,3.6,1009.4
2025-05-05 04:00:00,14.0,67.0,1.8,1010.0
2025-05-05 05:00:00,14.0,72.0,3.6,1010.0
2025-05-05 06:00:00,15.5,66.0,3.6,1008.8
2025-05-05 07:00:00,19.0,56.0,5.4,1010.0
2025-05-05 08:00:00,21.0,46.0,3.6,1010.0
2025-05-05 09:00:00,20.0,55.0,3.6,1007.5
2025-05-05 10:00:00,23.0,36.0,11.2,1009.0
2025-05-05 11:00:00,24.0,36.0,13.0,1009.0
2025-05-05 12:00:00,24.0,36.0,10.8,1005.6
2025-05-05 13:00:00,24.0,34.0,20.5,1008.0
2025-05-05 14:00:00,24.0,29.0,16.6,1008.0
2025-05-05 15:00:00,23.1,39.0,7.2,1004.9
2025-05-05 16:00:00,20.0,56.0,11.2,1008.0
2025-05-05 17:00:00,19.0,60.0,9.4,1008.0
2025-05-05 18:00:00,17.8,75.0,3.6,1006.7
2025-05-05 19:00:00,17.0,63.0,13.0,1010.0
2025-05-05 20:00:00,16.0,68.0,5.4,1010.0
2025-05-05 21:00:00,14.3,78.0,3.6,1009.3
2025-05-05 22:00:00,13.0,82.0,7.6,1011.0
2025-05-05 23:00:00,12.0,88.0,5.4,1011.0
2025-05-06 00:00:00,12.0,88.0,3.6,1010.4
2025-05-06 01:00:00,12.0,88.0,5.4,1011.0
2025-05-06 02:00:00,11.0,88.0,5.4,1011.0
2025-05-06 03:00:00,11.4,88.0,3.6,1011.0
2025-05-06 04:00:00,11.0,88.0,9.4,1012.0
2025-05-06 05:00:00,13.0,77.0,11.2,1012.0
2025-05-06 06:00:00,16.2,71.0,3.6,1010.9
2025-05-06 07:00:00,18.0,56.0,1.8,1012.0
2025-05-06 08:00:00,21.0,49.0,3.6,1012.0
2025-05-06 09:00:00,21.1,53.0,3.6,1009.6
2025-05-06 10:00:00,24.0,36.0,5.4,1011.0
2025-05-06 11:00:00,25.0,32.0,14.8,1011.0
2025-05-06 12:00:00,22.5,47.0,14.4,1008.8
2025-05-06 13:00:00,23.0,44.0,22.3,1011.0
2025-05-06 14:00:00,23.0,41.0,22.3,1010.0
2025-05-06 15:00:00,23.0,42.0,3.6,1006.9
2025-05-06 16:00:00,22.0,38.0,13.0,1010.0
2025-05-06 17:00:00,21.0,40.0,7.6,1010.0
2025-05-06 18:00:00,17.5,60.0,3.6,1008.5
2025-05-06 19:00:00,20.0,49.0,7.6,1011.0
2025-05-06 20:00:00,18.0,56.0,11.2,1012.0
2025-05-06 21:00:00,17.9,62.0,10.8,1009.9
2025-05-06 22:00:00,14.0,88.0,7.6,1014.0
2025-05-06 23:00:00,14.0,88.0,5.4,1013.0
2025-05-07 00:00:00,13.4,92.0,3.6,1013.2
2025-05-07 01:00:00,13.0,94.0,3.6,1014.0
2025-05-07 02:00:00,12.0,100.0,5.4,1014.0
2025-05-07 03:00:00,10.9,95.0,3.6,1013.4
2025-05-07 04:00:00,12.0,94.0,5.4,1014.0
2025-05-07 05:00:00,13.0,88.0,0.0,1013.0
2025-05-07 06:00:00,14.7,83.0,3.6,1012.5
2025-05-07 07:00:00,15.0,82.0,3.6,1013.0
2025-05-07 08:00:00,15.0,82.0,3.6,1014.0
2025-05-07 09:00:00,15.1,88.0,7.2,1012.5
2025-05-07 10:00:00,17.0,72.0,13.0,1013.0
2025-05-07 11:00:00,19.0,56.0,13.0,1012.0
2025-05-07 12:00:00,19.9,58.0,10.8,1009.9
2025-05-07 13:00:00,16.0,77.0,3.6,1012.0
2025-05-07 14:00:00,18.0,64.0,9.4,1012.0
2025-05-07 15:00:00,18.5,65.0,7.2,1010.0
2025-05-07 16:00:00,18.0,68.0,5.4,1012.0
2025-05-07 17:00:00,17.0,68.0,9.4,1012.0
2025-05-07 18:00:00,14.2,91.0,3.6,1011.8
2025-05-07 19:00:00,14.0,82.0,11.2,1013.0
2025-05-07 20:00:00,12.0,88.0,3.6,1013.0
2025-05-07 21:00:00,11.1,92.0,3.6,1013.3
2025-05-07 22:00:00,11.0,88.0,1.8,1013.0
2025-05-07 23:00:00,10.0,94.0,5.4,1013.0
2025-05-08 00:00:00,8.9,95.0,3.6,1013.4
2025-05-08 01:00:00,9.0,100.0,3.6,1012.0
2025-05-08 02:00:00,9.0,94.0,5.4,1012.0
2025-05-08 03:00:00,9.2,92.0,3.6,1012.1
2025-05-08 04:00:00,9.0,94.0,5.4,1011.0
2025-05-08 05:00:00,10.0,94.0,1.8,1012.0
2025-05-08 06:00:00,12.3,84.0,3.6,1011.2
2025-05-08 07:00:00,14.0,77.0,1.8,1012.0
2025-05-08 08:00:00,17.0,68.0,9.4,1011.0
2025-05-08 09:00:00,16.8,74.0,7.2,1009.5
2025-05-08 10:00:00,20.0,60.0,22.3,1010.0
2025-05-08 11:00:00,20.0,60.0,20.5,1010.0
2025-05-08 12:00:00,19.7,63.0,3.6,1008.1
2025-05-08 13:00:00,20.0,52.0,1.8,1009.0
2025-05-08 14:00:00,21.0,33.0,14.8,1009.0
2025-05-08 15:00:00,20.5,38.0,7.2,1006.7
2025-05-08 16:00:00,20.0,52.0,9.4,1008.0
2025-05-08 17:00:00,20.0,52.0,0.0,1008.0
2025-05-08 18:00:00,17.6,59.0,7.2,1007.0
2025-05-08 19:00:00,17.0,59.0,16.6,1010.0
2025-05-08 20:00:00,16.0,55.0,14.8,1011.0
2025-05-08 21:00:00,15.2,51.0,10.8,1010.6
2025-05-08 22:00:00,13.0,72.0,18.4,1013.0
2025-05-08 23:00:00,12.0,72.0,20.5,1013.0
2025-05-09 00:00:00,11.8,74.0,18.0,1013.0
2025-05-09 01:00:00,12.0,72.0,22.3,1014.0
2025-05-09 02:00:00,11.0,71.0,14.8,1014.0
2025-05-09 03:00:00,10.3,75.0,7.2,1013.9
2025-05-09 04:00:00,11.0,71.0,18.4,1015.0
2025-05-09 05:00:00,11.0,71.0,18.4,1015.0
2025-05-09 06:00:00,11.6,70.0,10.8,1014.6
2025-05-09 07:00:00,13.0,58.0,16.6,1016.0
2025-05-09 08:00:00,15.0,48.0,16.6,1016.0
2025-05-09 09:00:00,14.9,55.0,10.8,1014.6
2025-05-09 10:00:00,17.0,42.0,16.6,1015.0
2025-05-09 11:00:00,17.0,39.0,16.6,1015.0
2025-05-09 12:00:00,16.7,48.0,7.2,1013.5
2025-05-09 13:00:00,18.0,40.0,13.0,1014.0
2025-05-09 14:00:00,19.0,40.0,14.8,1014.0
2025-05-09 15:00:00,17.5,48.0,7.2,1013.0
2025-05-09 16:00:00,18.0,40.0,13.0,1014.0
2025-05-09 17:00:00,17.0,48.0,9.4,1014.0
2025-05-09 18:00:00,15.8,57.0,3.6,1013.5
2025-05-09 19:00:00,14.0,55.0,5.4,1016.0
2025-05-09 20:00:00,13.0,62.0,7.6,1016.0
2025-05-09 21:00:00,10.6,78.0,3.6,1016.2
2025-05-09 22:00:00,11.0,76.0,5.4,1016.0
2025-05-09 23:00:00,12.0,67.0,1.8,1016.0
2025-05-10 00:00:00,11.8,73.0,3.6,1016.0
2025-05-10 01:00:00,11.0,82.0,3.6,1016.0
2025-05-10 02:00:00,11.0,88.0,9.4,1017.0
2025-05-10 03:00:00,10.4,87.0,3.6,1016.7
2025-05-10 04:00:00,10.0,94.0,5.4,1018.0
2025-05-10 05:00:00,11.0,94.0,0.0,1018.0
2025-05-10 06:00:00,10.8,76.0,7.2,1018.0
2025-05-10 07:00:00,12.0,72.0,7.6,1018.0
2025-05-10 08:00:00,15.0,55.0,3.6,1018.0
2025-05-10 09:00:00,15.1,54.0,7.2,1016.6
2025-05-10 10:00:00,16.0,52.0,7.6,1018.0
2025-05-10 11:00:00,18.0,45.0,9.4,1017.0
2025-05-10 12:00:00,15.9,52.0,7.2,1016.1
2025-05-10 13:00:00,16.0,48.0,9.4,1017.0
2025-05-10 14:00:00,16.0,52.0,18.4,1017.0
2025-05-10 15:00:00,14.8,60.0,7.2,1016.0
2025-05-10 16:00:00,15.0,55.0,13.0,1017.0
2025-05-10 17:00:00,13.0,67.0,11.2,1017.0
2025-05-10 18:00:00,11.8,73.0,3.6,1017.2
2025-05-10 19:00:00,12.0,72.0,9.4,1018.0
2025-05-10 20:00:00,11.0,76.0,9.4,1018.0
2025-05-10 21:00:00,10.9,81.0,3.6,1017.8
2025-05-10 22:00:00,9.0,82.0,3.6,1018.0
2025-05-10 23:00:00,9.0,87.0,0.0,1018.0
2025-05-11 00:00:00,8.2,92.0,1.8,1018.4
2025-05-11 01:00:00,8.0,81.0,0.0,1018.0
2025-05-11 02:00:00,7.0,81.0,0.0,1018.0
2025-05-11 03:00:00,6.0,91.0,3.6,1018.7
2025-05-11 04:00:00,6.0,87.0,3.6,1017.0
2025-05-11 05:00:00,8.0,76.0,0.0,1017.0
2025-05-11 06:00:00,10.2,71.0,7.2,1017.1
2025-05-11 07:00:00,13.0,67.0,3.6,1016.0
2025-05-11 08:00:00,14.0,63.0,5.4,1016.0
2025-05-11 09:00:00,15.2,56.0,3.6,1014.7
2025-05-11 10:00:00,18.0,40.0,9.4,1015.0
2025-05-11 11:00:00,19.0,37.0,5.4,1014.0
2025-05-11 12:00:00,18.6,45.0,7.2,1011.7
2025-05-11 13:00:00,20.0,35.0,13.0,1012.0
2025-05-11 14:00:00,21.0,35.0,11.2,1012.0
2025-05-11 15:00:00,19.8,42.0,7.2,1009.7
2025-05-11 16:00:00,20.0,30.0,13.0,1011.0
2025-05-11 17:00:00,18.0,40.0,5.4,1011.0
2025-05-11 18:00:00,17.3,47.0,7.2,1010.0
2025-05-11 19:00:00,16.0,55.0,3.6,1012.0
2025-05-11 20:00:00,14.0,63.0,5.4,1013.0
2025-05-11 21:00:00,12.1,77.0,3.6,1012.0
2025-05-11 22:00:00,11.0,76.0,5.4,1013.0
2025-05-11 23:00:00,11.0,76.0,0.0,1013.0
2025-05-12 00:00:00,9.7,86.0,5.4,1012.7
2025-05-12 01:00:00,10.0,76.0,3.6,1012.0
2025-05-12 02:00:00,9.0,76.0,7.6,1012.0
2025-05-12 03:00:00,7.2,93.0,5.4,1012.9
2025-05-12 04:00:00,8.0,81.0,5.4,1012.0
2025-05-12 05:00:00,10.0,76.0,0.0,1012.0
2025-05-12 06:00:00,13.4,61.0,3.6,1011.9
2025-05-12 07:00:00,15.0,51.0,5.4,1012.0
2025-05-12 08:00:00,17.0,39.0,5.4,1012.0
2025-05-12 09:00:00,17.3,40.0,7.2,1010.3
2025-05-12 10:00:00,19.0,34.0,11.2,1011.0
2025-05-12 11:00:00,17.0,45.0,14.8,1011.0
2025-05-12 12:00:00,17.2,46.0,10.8,1009.6
2025-05-12 13:00:00,18.0,37.0,11.2,1011.0
2025-05-12 14:00:00,17.0,48.0,24.1,1010.0
2025-05-12 15:00:00,17.0,47.0,10.8,1009.1
2025-05-12 16:00:00,16.0,45.0,13.0,1010.0
2025-05-12 17:00:00,15.0,48.0,14.8,1011.0
2025-05-12 18:00:00,12.8,62.0,4.0,1010.6
2025-05-12 19:00:00,12.0,58.0,3.6,1012.0
2025-05-12 20:00:00,11.0,62.0,5.4,1013.0
2025-05-12 21:00:00,11.0,69.0,5.4,1012.7
2025-05-12 22:00:00,11.0,62.0,13.0,1014.0
2025-05-12 23:00:00,10.0,76.0,9.4,1014.0
2025-05-13 00:00:00,9.2,84.0,3.6,1014.1
2025-05-13 01:00:00,9.0,87.0,5.4,1014.0
2025-05-13 02:00:00,9.0,82.0,5.4,1014.0
2025-05-13 03:00:00,8.3,92.0,3.6,1014.5
2025-05-13 04:00:00,9.0,87.0,7.6,1015.0
2025-05-13 05:00:00,10.0,82.0,7.6,1015.0
2025-05-13 06:00:00,9.9,77.0,3.6,1015.5
2025-05-13 07:00:00,11.0,66.0,9.4,1016.0
2025-05-13 08:00:00,12.0,62.0,7.6,1016.0
2025-05-13 09:00:00,12.4,62.0,7.2,1015.0
2025-05-13 10:00:00,14.0,55.0,11.2,1015.0
2025-05-13 11:00:00,14.0,41.0,11.2,1015.0
2025-05-13 12:00:00,14.5,48.0,7.2,1013.9
2025-05-13 13:00:00,15.0,39.0,11.2,1014.0
2025-05-13 14:00:00,16.0,36.0,11.2,1014.0
2025-05-13 15:00:00,14.7,45.0,7.2,1013.1
2025-05-13 16:00:00,14.0,44.0,16.6,1014.0
2025-05-13 17:00:00,13.0,47.0,11.2,1014.0
2025-05-13 18:00:00,12.1,57.0,3.6,1014.3
2025-05-13 19:00:00,11.0,58.0,13.0,1016.0
2025-05-13 20:00:00,10.0,66.0,7.6,1016.0
2025-05-13 21:00:00,9.4,72.0,3.6,1016.5
2025-05-13 22:00:00,9.0,76.0,14.8,1017.0
2025-05-13 23:00:00,7.0,87.0,9.4,1017.0
2025-05-14 00:00:00,6.2,91.0,3.6,1017.7
2025-05-14 01:00:00,5.0,93.0,1.8,1017.0
2025-05-14 02:00:00,4.0,93.0,1.8,1017.0
2025-05-14 03:00:00,3.0,95.0,3.6,1018.8
2025-05-14 04:00:00,5.0,87.0,7.6,1018.0
2025-05-14 05:00:00,6.0,87.0,0.0,1018.0
2025-05-14 06:00:00,8.3,79.0,3.6,1018.4
2025-05-14 07:00:00,10.0,71.0,3.6,1018.0
2025-05-14 08:00:00,13.0,54.0,3.6,1018.0
2025-05-14 09:00:00,12.6,57.0,7.2,1017.2
2025-05-14 10:00:00,15.0,39.0,7.6,1017.0
2025-05-14 11:00:00,16.0,34.0,9.4,1017.0
2025-05-14 12:00:00,16.0,39.0,7.2,1015.8
2025-05-14 13:00:00,17.0,32.0,13.0,1016.0
2025-05-14 14:00:00,17.0,27.0,11.2,1015.0
2025-05-14 15:00:00,17.5,29.0,7.2,1014.0
2025-05-14 16:00:00,18.0,26.0,3.6,1015.0
2025-05-14 17:00:00,16.0,34.0,11.2,1015.0
2025-05-14 18:00:00,14.5,42.0,7.2,1014.3
2025-05-14 19:00:00,10.0,50.0,5.4,1016.0
2025-05-14 20:00:00,8.0,61.0,5.4,1016.0
2025-05-14 21:00:00,6.2,78.0,7.2,1017.4
2025-05-14 22:00:00,7.0,76.0,7.6,1016.0
2025-05-14 23:00:00,6.0,76.0,1.8,1016.0
2025-05-15 00:00:00,6.0,77.0,3.6,1017.0
2025-05-15 01:00:00,4.0,87.0,3.6,1016.0
2025-05-15 02:00:00,3.0,87.0,0.0,1015.0
2025-05-15 03:00:00,3.2,90.0,0.0,1017.0
2025-05-15 04:00:00,4.0,81.0,3.6,1015.0
2025-05-15 05:00:00,6.0,76.0,0.0,1015.0
2025-05-15 06:00:00,9.4,66.0,1.8,1014.8
2025-05-15 07:00:00,12.0,54.0,3.6,1014.0
2025-05-15 08:00:00,15.0,48.0,5.4,1013.0
2025-05-15 09:00:00,16.9,46.0,7.2,1011.2
2025-05-15 10:00:00,20.0,35.0,3.6,1012.0
2025-05-15 11:00:00,21.0,28.0,5.4,1011.0
2025-05-15 12:00:00,21.7,34.0,7.2,1008.6
2025-05-15 13:00:00,23.0,25.0,20.5,1010.0
2025-05-15 14:00:00,23.0,25.0,11.2,1009.0
2025-05-15 15:00:00,21.4,36.0,7.2,1006.6
2025-05-15 16:00:00,21.0,35.0,16.6,1008.0
2025-05-15 17:00:00,19.0,40.0,13.0,1008.0
2025-05-15 18:00:00,16.6,51.0,7.2,1007.1
2025-05-15 19:00:00,15.0,63.0,16.6,1009.0
2025-05-15 20:00:00,14.0,67.0,3.6,1009.0
2025-05-15 21:00:00,13.0,76.0,3.6,1008.4
2025-05-15 22:00:00,13.0,72.0,5.4,1009.0
2025-05-15 23:00:00,14.0,67.0,7.6,1008.0
2025-05-16 00:00:00,13.3,74.0,3.6,1008.0
2025-05-16 01:00:00,14.0,72.0,3.6,1008.0
2025-05-16 02:00:00,12.0,88.0,14.8,1008.0
2025-05-16 03:00:00,11.9,92.0,7.2,1008.2
2025-05-16 04:00:00,12.0,94.0,11.2,1008.0
2025-05-16 05:00:00,12.0,94.0,3.6,1008.0
2025-05-16 06:00:00,12.3,93.0,11.2,1007.1
2025-05-16 07:00:00,13.0,82.0,16.6,1007.0
2025-05-16 08:00:00,13.0,88.0,24.1,1006.0
2025-05-16 09:00:00,13.0,83.0,7.2,1005.9
2025-05-16 10:00:00,14.0,82.0,18.4,1006.0
2025-05-16 11:00:00,13.0,77.0,7.6,1007.0
2025-05-16 12:00:00,9.5,94.0,10.8,1006.9
2025-05-16 13:00:00,9.0,94.0,16.6,1007.0
2025-05-16 14:00:00,9.0,94.0,16.6,1007.0
2025-05-16 15:00:00,8.3,93.0,10.8,1007.3
2025-05-16 16:00:00,7.0,93.0,25.9,1007.0
2025-05-16 17:00:00,7.0,93.0,27.7,1007.0
2025-05-16 18:00:00,5.6,94.0,14.4,1008.6
2025-05-16 19:00:00,6.0,87.0,25.9,1008.0
2025-05-16 20:00:00,5.0,93.0,24.1,1008.0
2025-05-16 21:00:00,5.1,94.0,10.8,1009.5
2025-05-16 22:00:00,6.0,87.0,20.5,1009.0
2025-05-16 23:00:00,6.0,87.0,18.4,1009.0
2025-05-17 00:00:00,5.9,84.0,10.8,1009.5
2025-05-17 01:00:00,6.0,87.0,18.4,1009.0
2025-05-17 02:00:00,7.0,76.0,14.8,1009.0
2025-05-17 03:00:00,6.2,84.0,3.6,1009.9
2025-05-17 04:00:00,6.0,87.0,7.6,1010.0
2025-05-17 05:00:00,7.0,87.0,13.0,1010.0
2025-05-17 06:00:00,8.0,72.0,10.8,1010.9
2025-05-17 07:00:00,9.0,66.0,16.6,1011.0
2025-05-17 08:00:00,11.0,58.0,20.5,1011.0
2025-05-17 09:00:00,10.6,63.0,10.8,1011.5
2025-05-17 10:00:00,13.0,51.0,22.3,1012.0
2025-05-17 11:00:00,14.0,44.0,25.9,1012.0
2025-05-17 12:00:00,13.6,50.0,10.8,1011.4
2025-05-17 13:00:00,15.0,44.0,22.3,1012.0
2025-05-17 14:00:00,15.0,44.0,20.5,1012.0
2025-05-17 15:00:00,14.6,41.0,10.8,1011.4
2025-05-17 16:00:00,15.0,41.0,14.8,1012.0
2025-05-17 17:00:00,14.0,48.0,13.0,1013.0
2025-05-17 18:00:00,12.0,58.0,7.2,1012.7
2025-05-17 19:00:00,11.0,62.0,7.6,1014.0
2025-05-17 20:00:00,11.0,62.0,9.4,1015.0
2025-05-17 21:00:00,8.9,74.0,3.6,1015.1
2025-05-17 22:00:00,9.0,76.0,7.6,1015.0
2025-05-17 23:00:00,8.0,76.0,9.4,1016.0
2025-05-18 00:00:00,6.9,88.0,7.6,1016.2
2025-05-18 01:00:00,6.0,81.0,5.4,1016.0
2025-05-18 02:00:00,5.0,87.0,3.6,1016.0
2025-05-18 03:00:00,3.2,95.0,7.6,1017.8
2025-05-18 04:00:00,5.0,87.0,7.6,1017.0
2025-05-18 05:00:00,8.0,76.0,7.6,1017.0
2025-05-18 06:00:00,9.8,72.0,3.6,1017.3
2025-05-18 07:00:00,13.0,58.0,7.6,1017.0
2025-05-18 08:00:00,15.0,48.0,18.4,1018.0
2025-05-18 09:00:00,15.4,45.0,14.4,1016.1
2025-05-18 10:00:00,17.0,42.0,18.4,1017.0
2025-05-18 11:00:00,19.0,34.0,22.3,1017.0
2025-05-18 12:00:00,18.4,37.0,7.2,1015.4
2025-05-18 13:00:00,18.0,32.0,18.4,1017.0
2025-05-18 14:00:00,18.0,32.0,11.2,1016.0
2025-05-18 15:00:00,19.5,34.0,7.2,1014.2
2025-05-18 16:00:00,19.0,30.0,16.6,1016.0
2025-05-18 17:00:00,18.0,32.0,24.1,1016.0
2025-05-18 18:00:00,15.9,49.0,3.6,1015.3
2025-05-18 19:00:00,14.0,55.0,13.0,1018.0
2025-05-18 20:00:00,14.0,55.0,13.0,1018.0
2025-05-18 21:00:00,11.7,68.0,3.6,1018.4
2025-05-18 22:00:00,11.0,66.0,9.4,1019.0
2025-05-18 23:00:00,9.0,76.0,0.0,1019.0
2025-05-19 00:00:00,7.6,84.0,3.6,1019.8
2025-05-19 01:00:00,6.0,87.0,5.4,1019.0
2025-05-19 02:00:00,5.0,81.0,5.4,1019.0
2025-05-19 03:00:00,5.3,86.0,3.6,1020.1
2025-05-19 04:00:00,6.0,81.0,9.4,1019.0
2025-05-19 05:00:00,8.0,81.0,5.4,1020.0
2025-05-19 06:00:00,12.2,61.0,3.6,1019.2
2025-05-19 07:00:00,13.0,58.0,3.6,1019.0
2025-05-19 08:00:00,16.0,52.0,5.4,1018.0
2025-05-19 09:00:00,18.2,42.0,10.8,1016.4
2025-05-19 10:00:00,20.0,35.0,11.2,1017.0
2025-05-19 11:00:00,20.0,35.0,14.8,1017.0
2025-05-19 12:00:00,19.5,41.0,10.8,1014.7
2025-05-19 13:00:00,21.0,35.0,29.5,1016.0
2025-05-19 14:00:00,19.0,43.0,25.9,1016.0
2025-05-19 15:00:00,18.6,46.0,18.0,1014.5
2025-05-19 16:00:00,18.0,45.0,29.5,1016.0
2025-05-19 17:00:00,17.0,52.0,13.0,1016.0
2025-05-19 18:00:00,16.2,56.0,7.2,1015.1
2025-05-19 19:00:00,13.0,77.0,9.4,1017.0
2025-05-19 20:00:00,13.0,82.0,13.0,1018.0
2025-05-19 21:00:00,12.6,75.0,7.2,1017.4
2025-05-19 22:00:00,11.0,82.0,13.0,1018.0
2025-05-19 23:00:00,9.0,87.0,5.4,1018.0
2025-05-20 00:00:00,8.7,92.0,7.2,1018.4
2025-05-20 01:00:00,9.0,87.0,5.4,1018.0
2025-05-20 02:00:00,9.0,87.0,3.6,1018.0
2025-05-20 03:00:00,9.1,91.0,3.6,1018.7
2025-05-20 04:00:00,10.0,87.0,7.6,1019.0
2025-05-20 05:00:00,12.0,82.0,9.4,1019.0
2025-05-20 06:00:00,14.5,68.0,3.6,1017.4
2025-05-20 07:00:00,17.0,59.0,24.1,1019.0
2025-05-20 08:00:00,18.0,49.0,25.9,1019.0
2025-05-20 09:00:00,17.3,54.0,14.4,1017.8
2025-05-20 10:00:00,20.0,40.0,25.9,1019.0
2025-05-20 11:00:00,21.0,35.0,20.5,1019.0
2025-05-20 12:00:00,19.8,44.0,10.8,1017.2
2025-05-20 13:00:00,22.0,35.0,24.1,1018.0
2025-05-20 14:00:00,22.0,33.0,14.8,1018.0
2025-05-20 15:00:00,21.2,39.0,7.2,1015.4
2025-05-20 16:00:00,22.0,35.0,16.6,1017.0
2025-05-20 17:00:00,20.0,37.0,11.2,1017.0
2025-05-20 18:00:00,17.3,52.0,3.6,1015.8
2025-05-20 19:00:00,13.0,58.0,3.6,1018.0
2025-05-20 20:00:00,14.0,58.0,11.2,1018.0
2025-05-20 21:00:00,12.5,63.0,3.6,1017.5
2025-05-20 22:00:00,10.0,71.0,5.4,1017.0
2025-05-20 23:00:00,9.0,76.0,7.6,1018.0
2025-05-21 00:00:00,9.8,78.0,3.6,1018.0
2025-05-21 01:00:00,7.0,87.0,0.0,1017.0
2025-05-21 02:00:00,8.0,81.0,7.6,1017.0
2025-05-21 03:00:00,7.7,89.0,3.6,1018.1
2025-05-21 04:00:00,9.0,82.0,5.4,1018.0
2025-05-21 05:00:00,10.0,82.0,5.4,1018.0
2025-05-21 06:00:00,10.8,89.0,3.6,1018.0
2025-05-21 07:00:00,12.0,72.0,3.6,1018.0
2025-05-21 08:00:00,16.0,55.0,1.8,1018.0
2025-05-21 09:00:00,17.1,55.0,3.6,1015.9
2025-05-21 10:00:00,21.0,46.0,3.6,1016.0
2025-05-21 11:00:00,21.0,49.0,5.4,1016.0
2025-05-21 12:00:00,21.3,46.0,7.2,1013.7
2025-05-21 13:00:00,23.0,36.0,16.6,1015.0
2025-05-21 14:00:00,23.0,38.0,11.2,1015.0
2025-05-21 15:00:00,20.4,52.0,7.2,1012.8
2025-05-21 16:00:00,21.0,46.0,14.8,1014.0
2025-05-21 17:00:00,19.0,56.0,7.6,1014.0
2025-05-21 18:00:00,16.6,68.0,3.6,1012.8
2025-05-21 19:00:00,16.0,68.0,0.0,1015.0
2025-05-21 20:00:00,16.0,68.0,0.0,1015.0
2025-05-21 21:00:00,15.9,69.0,3.6,1013.7
2025-05-21 22:00:00,14.0,77.0,7.6,1014.0
2025-05-21 23:00:00,13.0,82.0,7.6,1014.0
2025-05-22 00:00:00,13.4,79.0,7.2,1013.0
2025-05-22 01:00:00,13.0,77.0,7.6,1013.0
2025-05-22 02:00:00,12.0,88.0,3.6,1013.0
2025-05-22 03:00:00,13.7,77.0,7.2,1012.2
2025-05-22 04:00:00,13.0,82.0,3.6,1013.0
2025-05-22 05:00:00,14.0,77.0,7.6,1013.0
2025-05-22 06:00:00,16.9,66.0,7.2,1011.1
2025-05-22 07:00:00,19.0,56.0,1.8,1013.0
2025-05-22 08:00:00,20.0,56.0,9.4,1013.0
2025-05-22 09:00:00,19.7,60.0,3.6,1010.0
2025-05-22 10:00:00,22.0,43.0,5.4,1012.0
2025-05-22 11:00:00,23.0,36.0,11.2,1011.0
2025-05-22 12:00:00,22.2,46.0,7.2,1008.6
2025-05-22 13:00:00,23.0,38.0,24.1,1011.0
2025-05-22 14:00:00,23.0,38.0,22.3,1010.0
2025-05-22 15:00:00,22.1,50.0,7.2,1008.2
2025-05-22 16:00:00,22.0,50.0,9.4,1010.0
2025-05-22 17:00:00,21.0,53.0,5.4,1010.0
2025-05-22 18:00:00,18.2,69.0,3.6,1009.1
2025-05-22 19:00:00,18.0,68.0,9.4,1011.0
2025-05-22 20:00:00,17.0,68.0,0.0,1012.0
2025-05-22 21:00:00,15.0,80.0,3.6,1010.4
2025-05-22 22:00:00,13.0,88.0,5.4,1012.0
2025-05-22 23:00:00,12.0,88.0,5.4,1012.0
2025-05-23 00:00:00,13.6,83.0,3.6,1010.9
2025-05-23 01:00:00,12.0,94.0,0.0,1011.0
2025-05-23 02:00:00,12.0,88.0,1.8,1011.0
2025-05-23 03:00:00,13.9,88.0,5.4,1010.2
2025-05-23 04:00:00,12.0,88.0,5.4,1011.0
2025-05-23 05:00:00,14.0,82.0,5.4,1012.0
2025-05-23 06:00:00,16.4,76.0,3.6,1010.4
2025-05-23 07:00:00,19.0,64.0,1.8,1011.0
2025-05-23 08:00:00,21.0,56.0,5.4,1011.0
2025-05-23 09:00:00,20.1,62.0,3.6,1008.8
2025-05-23 10:00:00,23.0,47.0,9.4,1010.0
2025-05-23 11:00:00,24.0,44.0,18.4,1009.0
2025-05-23 12:00:00,24.3,44.0,7.2,1006.3
2025-05-23 13:00:00,25.0,36.0,11.2,1008.0
2025-05-23 14:00:00,27.0,28.0,22.3,1008.0
2025-05-23 15:00:00,24.9,38.0,7.2,1005.0
2025-05-23 16:00:00,26.0,23.0,25.9,1008.0
2025-05-23 17:00:00,24.0,31.0,22.3,1009.0
2025-05-23 18:00:00,22.1,40.0,7.2,1006.4
2025-05-23 19:00:00,21.0,40.0,14.8,1010.0
2025-05-23 20:00:00,19.0,49.0,5.4,1011.0
2025-05-23 21:00:00,16.3,65.0,3.6,1009.6
2025-05-23 22:00:00,19.0,52.0,11.2,1012.0
2025-05-23 23:00:00,16.0,63.0,11.2,1012.0
2025-05-24 00:00:00,16.1,65.0,10.8,1010.8
2025-05-24 01:00:00,15.0,72.0,13.0,1013.0
2025-05-24 02:00:00,13.0,82.0,22.3,1013.0
2025-05-24 03:00:00,12.7,81.0,10.8,1012.4
2025-05-24 04:00:00,12.0,82.0,24.1,1014.0
2025-05-24 05:00:00,13.0,77.0,22.3,1014.0
2025-05-24 06:00:00,11.3,89.0,10.8,1014.2
2025-05-24 07:00:00,11.0,88.0,18.4,1015.0
2025-05-24 08:00:00,12.0,88.0,18.4,1015.0
2025-05-24 09:00:00,10.9,92.0,10.8,1014.7
2025-05-24 10:00:00,11.0,94.0,13.0,1015.0
2025-05-24 11:00:00,12.0,88.0,14.8,1015.0
2025-05-24 12:00:00,11.4,94.0,7.2,1014.3
2025-05-24 13:00:00,11.0,94.0,13.0,1014.0
2025-05-24 14:00:00,11.0,94.0,16.6,1014.0
2025-05-24 15:00:00,11.2,94.0,7.2,1013.5
2025-05-24 16:00:00,11.0,88.0,22.3,1013.0
2025-05-24 17:00:00,10.0,94.0,18.4,1013.0
2025-05-24 18:00:00,9.5,95.0,7.2,1013.6
2025-05-24 19:00:00,10.0,94.0,14.8,1014.0
2025-05-24 20:00:00,9.0,94.0,22.3,1014.0
2025-05-24 21:00:00,8.6,97.0,7.2,1014.5
2025-05-24 22:00:00,9.0,94.0,14.8,1014.0
2025-05-24 23:00:00,9.0,94.0,18.4,1013.0
2025-05-25 00:00:00,8.4,97.0,7.2,1014.2
2025-05-25 01:00:00,9.0,94.0,14.8,1013.0
2025-05-25 02:00:00,9.0,94.0,14.8,1012.0
2025-05-25 03:00:00,8.0,95.0,10.8,1013.6
2025-05-25 04:00:00,8.0,93.0,16.6,1013.0
2025-05-25 05:00:00,9.0,87.0,20.5,1013.0
2025-05-25 06:00:00,7.8,93.0,10.8,1013.7
2025-05-25 07:00:00,9.0,94.0,16.6,1013.0
2025-05-25 08:00:00,9.0,87.0,16.6,1012.0
2025-05-25 09:00:00,8.0,93.0,10.8,1012.9
2025-05-25 10:00:00,8.0,93.0,29.5,1013.0
2025-05-25 11:00:00,8.0,93.0,18.4,1012.0
2025-05-25 12:00:00,7.1,94.0,10.8,1013.3
2025-05-25 13:00:00,8.0,87.0,22.3,1012.0
2025-05-25 14:00:00,8.0,87.0,18.4,1013.0
2025-05-25 15:00:00,7.5,93.0,7.2,1013.6
2025-05-25 16:00:00,9.0,87.0,11.2,1013.0
2025-05-25 17:00:00,9.0,87.0,11.2,1012.0
2025-05-25 18:00:00,7.6,92.0,3.6,1013.3
2025-05-25 19:00:00,8.0,93.0,5.4,1013.0
2025-05-25 20:00:00,8.0,93.0,7.6,1012.0
2025-05-25 21:00:00,7.4,97.0,0.0,1013.1
2025-05-25 22:00:00,8.0,93.0,0.0,1012.0
2025-05-25 23:00:00,8.0,93.0,0.0,1011.0
2025-05-26 00:00:00,8.1,89.0,7.2,1011.5
2025-05-26 01:00:00,9.0,82.0,9.4,1010.0
2025-05-26 02:00:00,8.0,87.0,11.2,1010.0
2025-05-26 03:00:00,8.7,86.0,7.2,1010.9
2025-05-26 04:00:00,9.0,87.0,18.4,1010.0
2025-05-26 05:00:00,9.0,87.0,22.3,1011.0
2025-05-26 06:00:00,9.0,87.0,14.4,1011.3
2025-05-26 07:00:00,10.0,87.0,18.4,1012.0
2025-05-26 08:00:00,11.0,76.0,22.3,1012.0
2025-05-26 09:00:00,10.5,77.0,14.4,1012.0
2025-05-26 10:00:00,12.0,72.0,14.8,1013.0
2025-05-26 11:00:00,13.0,67.0,9.4,1013.0
2025-05-26 12:00:00,13.4,69.0,7.2,1011.8
2025-05-26 13:00:00,15.0,59.0,18.4,1012.0
2025-05-26 14:00:00,16.0,48.0,14.8,1012.0
2025-05-26 15:00:00,16.7,46.0,18.0,1010.5
2025-05-26 16:00:00,17.0,42.0,25.9,1012.0
2025-05-26 17:00:00,17.0,45.0,16.6,1012.0
2025-05-26 18:00:00,15.2,50.0,10.8,1011.6
2025-05-26 19:00:00,14.0,55.0,20.5,1014.0
2025-05-26 20:00:00,14.0,63.0,22.3,1014.0
2025-05-26 21:00:00,13.2,68.0,10.8,1014.0
2025-05-26 22:00:00,13.0,72.0,16.6,1015.0
2025-05-26 23:00:00,11.0,82.0,9.0,1014.0
2025-05-27 00:00:00,12.3,76.0,7.2,1014.0
2025-05-27 01:00:00,10.0,87.0,9.4,1014.0
2025-05-27 02:00:00,11.0,88.0,9.4,1014.0
2025-05-27 03:00:00,11.6,84.0,3.6,1013.1
2025-05-27 04:00:00,13.0,82.0,13.0,1014.0
2025-05-27 05:00:00,15.0,77.0,18.4,1014.0
2025-05-27 06:00:00,14.9,76.0,14.4,1012.6
2025-05-27 07:00:00,16.0,72.0,29.5,1014.0
2025-05-27 08:00:00,17.0,63.0,31.7,1014.0
2025-05-27 09:00:00,16.8,61.0,14.4,1012.9
2025-05-27 10:00:00,18.0,56.0,33.5,1014.0
2025-05-27 11:00:00,18.0,56.0,35.3,1014.0
2025-05-27 12:00:00,17.3,61.0,14.4,1012.8
2025-05-27 13:00:00,18.0,60.0,25.9,1014.0
2025-05-27 14:00:00,19.0,52.0,26.0,1014.0
2025-05-27 15:00:00,17.9,57.0,10.8,1012.3
2025-05-27 16:00:00,20.0,46.0,27.7,1013.0
2025-05-27 17:00:00,17.0,52.0,33.5,1014.0
2025-05-27 18:00:00,15.9,59.0,14.4,1013.4
2025-05-27 19:00:00,15.0,63.0,20.5,1015.0
2025-05-27 20:00:00,14.0,67.0,16.6,1015.0
2025-05-27 21:00:00,15.0,64.0,10.8,1014.2
2025-05-27 22:00:00,14.0,67.0,18.4,1015.0
2025-05-27 23:00:00,14.0,63.0,5.4,1015.0
2025-05-28 00:00:00,14.1,61.0,10.8,1014.1
2025-05-28 01:00:00,14.0,63.0,7.6,1014.0
2025-05-28 02:00:00,12.0,72.0,20.5,1014.0
2025-05-28 03:00:00,13.3,64.0,14.4,1013.8
2025-05-28 04:00:00,14.0,63.0,24.1,1014.0
2025-05-28 05:00:00,14.0,67.0,22.3,1014.0
2025-05-28 06:00:00,15.7,62.0,14.4,1013.3
2025-05-28 07:00:00,17.0,55.0,24.1,1015.0
2025-05-28 08:00:00,18.0,56.0,29.5,1014.0
2025-05-28 09:00:00,17.9,57.0,14.4,1012.4
2025-05-28 10:00:00,21.0,46.0,31.7,1014.0
2025-05-28 11:00:00,19.0,49.0,24.1,1014.0
2025-05-28 12:00:00,19.8,47.0,14.4,1011.9
2025-05-28 13:00:00,21.0,40.0,33.5,1014.0
2025-05-28 14:00:00,19.0,43.0,25.9,1014.0
2025-05-28 15:00:00,18.1,45.0,14.4,1012.1
2025-05-28 16:00:00,19.0,43.0,14.8,1013.0
2025-05-28 17:00:00,18.0,49.0,16.6,1014.0
2025-05-28 18:00:00,16.9,55.0,7.2,1012.4
2025-05-28 19:00:00,17.0,52.0,13.0,1014.0
2025-05-28 20:00:00,15.0,59.0,11.2,1014.0
2025-05-28 21:00:00,15.1,61.0,7.2,1013.0
2025-05-28 22:00:00,13.0,67.0,9.4,1014.0
2025-05-28 23:00:00,13.0,67.0,7.6,1013.0
2025-05-29 00:00:00,13.8,68.0,7.2,1012.9
2025-05-29 01:00:00,10.0,82.0,0.0,1013.0
2025-05-29 02:00:00,8.0,93.0,5.4,1013.0
2025-05-29 03:00:00,9.3,88.0,3.6,1013.4
2025-05-29 04:00:00,9.0,87.0,7.6,1013.0
2025-05-29 05:00:00,11.0,82.0,3.6,1013.0
2025-05-29 06:00:00,12.4,78.0,3.6,1012.9
2025-05-29 07:00:00,13.0,77.0,3.6,1014.0
2025-05-29 08:00:00,14.0,77.0,3.6,1014.0
2025-05-29 09:00:00,15.3,69.0,7.2,1012.3
2025-05-29 10:00:00,16.0,63.0,20.5,1013.0
2025-05-29 11:00:00,17.0,63.0,18.4,1013.0
2025-05-29 12:00:00,16.9,65.0,7.2,1011.5
2025-05-29 13:00:00,18.0,60.0,27.7,1013.0
2025-05-29 14:00:00,17.0,63.0,24.1,1013.0
2025-05-29 15:00:00,16.4,68.0,14.4,1011.7
2025-05-29 16:00:00,17.0,59.0,18.4,1013.0
2025-05-29 17:00:00,16.0,68.0,18.4,1013.0
2025-05-29 18:00:00,15.6,68.0,10.8,1011.9
2025-05-29 19:00:00,15.0,67.0,22.3,1014.0
2025-05-29 20:00:00,14.0,77.0,18.4,1014.0
2025-05-29 21:00:00,14.4,72.0,7.2,1013.3
2025-05-29 22:00:00,14.0,72.0,20.5,1015.0
2025-05-29 23:00:00,12.0,82.0,22.3,1015.0
2025-05-30 00:00:00,12.7,75.0,7.2,1014.0
2025-05-30 01:00:00,12.0,82.0,14.8,1015.0
2025-05-30 02:00:00,12.0,82.0,14.8,1015.0
2025-05-30 03:00:00,12.3,78.0,10.8,1014.7
2025-05-30 04:00:00,12.0,82.0,14.8,1016.0
2025-05-30 05:00:00,13.0,77.0,13.0,1016.0
2025-05-30 06:00:00,12.9,78.0,10.8,1016.0
2025-05-30 07:00:00,14.0,72.0,14.8,1017.0
2025-05-30 08:00:00,16.0,63.0,16.6,1017.0
2025-05-30 09:00:00,15.9,65.0,10.8,1015.9
2025-05-30 10:00:00,16.0,63.0,11.2,1018.0
2025-05-30 11:00:00,18.0,60.0,11.2,1017.0
2025-05-30 12:00:00,17.5,64.0,7.2,1015.3
2025-05-30 13:00:00,17.0,63.0,9.4,1017.0
2025-05-30 14:00:00,14.0,88.0,18.4,1017.0
2025-05-30 15:00:00,14.4,89.0,3.6,1016.3
2025-05-30 16:00:00,15.0,88.0,9.4,1018.0
2025-05-30 17:00:00,15.0,88.0,9.4,1018.0
2025-05-30 18:00:00,13.9,90.0,7.2,1017.4
2025-05-30 19:00:00,14.0,88.0,9.4,1019.0
2025-05-30 20:00:00,14.0,88.0,9.4,1020.0
2025-05-30 21:00:00,12.9,89.0,3.6,1019.1
2025-05-30 22:00:00,12.0,94.0,14.8,1020.0
2025-05-30 23:00:00,12.0,88.0,13.0,1020.0
2025-05-31 00:00:00,11.5,89.0,3.6,1019.4
2025-05-31 01:00:00,11.0,88.0,3.6,1020.0
2025-05-31 02:00:00,10.0,94.0,7.6,1020.0
2025-05-31 03:00:00,11.5,84.0,7.2,1019.5
2025-05-31 04:00:00,11.0,88.0,5.4,1020.0
2025-05-31 05:00:00,12.0,88.0,7.6,1021.0
2025-05-31 06:00:00,13.3,73.0,7.2,1020.0
2025-05-31 07:00:00,15.0,67.0,13.0,1021.0
2025-05-31 08:00:00,16.0,63.0,13.0,1021.0
2025-05-31 09:00:00,16.8,62.0,3.6,1019.4
2025-05-31 10:00:00,19.0,56.0,7.6,1021.0
2025-05-31 11:00:00,20.0,52.0,7.6,1020.0
2025-05-31 12:00:00,20.0,52.0,7.2,1017.9
2025-05-31 13:00:00,20.0,52.0,3.6,1020.0
2025-05-31 14:00:00,21.0,49.0,3.6,1020.0
2025-05-31 15:00:00,20.7,53.0,3.6,1017.5
2025-05-31 16:00:00,20.0,56.0,11.2,1020.0
2025-05-31 17:00:00,19.0,56.0,9.4,1020.0
2025-05-31 18:00:00,17.2,69.0,3.6,1018.6
2025-05-31 19:00:00,15.0,77.0,3.6,1020.0
2025-05-31 20:00:00,16.0,77.0,7.6,1021.0
2025-05-31 21:00:00,14.9,78.0,7.2,1020.2
2025-05-31 22:00:00,12.0,88.0,0.0,1021.0
2025-05-31 23:00:00,10.0,94.0,0.0,1021.0
2025-06-01 00:00:00,9.9,95.0,0.0,1021.4
2025-06-01 01:00:00,9.0,94.0,0.0,1021.0
2025-06-01 02:00:00,9.0,94.0,0.0,1021.0
2025-06-01 03:00:00,8.7,93.0,5.4,1021.5
2025-06-01 04:00:00,9.0,94.0,7.6,1022.0
2025-06-01 05:00:00,12.0,88.0,0.0,1022.0
2025-06-01 06:00:00,14.4,73.0,3.6,1021.1
2025-06-01 07:00:00,16.0,68.0,5.4,1022.0
2025-06-01 08:00:00,18.0,60.0,5.4,1022.0
2025-06-01 09:00:00,19.8,54.0,3.6,1019.6
2025-06-01 10:00:00,22.0,43.0,5.4,1021.0
2025-06-01 11:00:00,23.0,41.0,7.6,1021.0
2025-06-01 12:00:00,22.5,39.0,3.6,1018.0
2025-06-01 13:00:00,24.0,36.0,5.4,1020.0
2025-06-01 14:00:00,24.0,38.0,3.6,1020.0
2025-06-01 15:00:00,23.2,41.0,3.6,1016.9
2025-06-01 16:00:00,23.0,38.0,13.0,1019.0
2025-06-01 17:00:00,21.0,49.0,11.2,1019.0
2025-06-01 18:00:00,19.3,58.0,3.6,1017.8
2025-06-01 19:00:00,16.0,68.0,1.8,1020.0
2025-06-01 20:00:00,14.0,77.0,7.6,1021.0
2025-06-01 21:00:00,15.4,68.0,7.2,1019.7
2025-06-01 22:00:00,12.0,82.0,7.6,1021.0
2025-06-01 23:00:00,12.0,88.0,5.4,1021.0
2025-06-02 00:00:00,11.7,85.0,3.6,1021.1
2025-06-02 01:00:00,9.0,94.0,0.0,1021.0
2025-06-02 02:00:00,9.0,94.0,7.6,1022.0
2025-06-02 03:00:00,11.3,83.0,7.2,1021.2
2025-06-02 04:00:00,10.0,87.0,3.6,1022.0
2025-06-02 05:00:00,13.0,77.0,0.0,1022.0
2025-06-02 06:00:00,15.8,71.0,3.6,1021.1
2025-06-02 07:00:00,18.0,64.0,3.6,1023.0
2025-06-02 08:00:00,19.0,60.0,3.6,1022.0
2025-06-02 09:00:00,21.0,56.0,7.2,1019.6
2025-06-02 10:00:00,24.0,41.0,7.6,1022.0
2025-06-02 11:00:00,25.0,41.0,7.6,1021.0
2025-06-02 12:00:00,25.1,44.0,3.6,1017.5
2025-06-02 13:00:00,26.0,39.0,9.4,1020.0
2025-06-02 14:00:00,26.0,36.0,3.6,1020.0
2025-06-02 15:00:00,25.5,41.0,7.2,1016.2
2025-06-02 16:00:00,27.0,32.0,5.4,1019.0
2025-06-02 17:00:00,25.0,41.0,5.4,1019.0
2025-06-02 18:00:00,20.4,61.0,3.6,1017.3
2025-06-02 19:00:00,19.0,64.0,7.6,1020.0
2025-06-02 20:00:00,18.0,64.0,11.2,1021.0
2025-06-02 21:00:00,17.5,64.0,4.0,1019.1
2025-06-02 22:00:00,17.0,68.0,11.2,1021.0
2025-06-02 23:00:00,17.0,68.0,7.6,1021.0
2025-06-03 00:00:00,15.2,73.0,7.2,1020.0
2025-06-03 01:00:00,14.0,77.0,0.0,1021.0
2025-06-03 02:00:00,12.0,88.0,3.6,1021.0
2025-06-03 03:00:00,11.0,92.0,3.6,1021.3
2025-06-03 04:00:00,14.0,82.0,0.0,1022.0
2025-06-03 05:00:00,15.0,77.0,0.0,1022.0
2025-06-03 06:00:00,18.4,67.0,0.0,1019.5
2025-06-03 07:00:00,20.0,60.0,3.6,1021.0
2025-06-03 08:00:00,22.0,53.0,5.4,1021.0
2025-06-03 09:00:00,23.0,53.0,3.6,1017.8
2025-06-03 10:00:00,26.0,48.0,5.4,1020.0
2025-06-03 11:00:00,27.0,42.0,11.2,1020.0
2025-06-03 12:00:00,27.8,42.0,7.2,1015.6
2025-06-03 13:00:00,29.0,37.0,7.6,1019.0
2025-06-03 14:00:00,29.0,40.0,18.4,1019.0
2025-06-03 15:00:00,26.3,49.0,7.2,1015.3
2025-06-03 16:00:00,27.0,42.0,11.2,1019.0
2025-06-03 17:00:00,27.0,48.0,7.6,1019.0
2025-06-03 18:00:00,23.0,69.0,3.6,1015.9
2025-06-03 19:00:00,21.0,64.0,1.8,1019.0
2025-06-03 20:00:00,19.0,78.0,3.6,1020.0
2025-06-03 21:00:00,16.7,78.0,3.6,1018.2
2025-06-03 22:00:00,17.0,77.0,3.6,1020.0
2025-06-03 23:00:00,15.0,88.0,5.4,1020.0
2025-06-04 00:00:00,17.4,72.0,7.2,1018.3
2025-06-04 01:00:00,14.0,94.0,3.6,1020.0
2025-06-04 02:00:00,13.0,94.0,0.0,1020.0
2025-06-04 03:00:00,15.6,80.0,3.6,1019.3
2025-06-04 04:00:00,15.0,88.0,5.4,1021.0
2025-06-04 05:00:00,17.0,82.0,0.0,1021.0
2025-06-04 06:00:00,20.1,67.0,3.6,1018.5
2025-06-04 07:00:00,22.0,64.0,3.6,1022.0
2025-06-04 08:00:00,24.0,57.0,3.6,1021.0
2025-06-04 09:00:00,25.6,56.0,3.6,1017.3
2025-06-04 10:00:00,28.0,42.0,1.8,1020.0
2025-06-04 11:00:00,30.0,35.0,5.4,1020.0
2025-06-04 12:00:00,29.0,41.0,7.2,1016.2
2025-06-04 13:00:00,30.0,40.0,9.4,1019.0
2025-06-04 14:00:00,28.0,42.0,13.0,1019.0
2025-06-04 15:00:00,28.9,42.0,7.2,1015.0
2025-06-04 16:00:00,29.0,40.0,5.4,1018.0
2025-06-04 17:00:00,27.0,51.0,9.4,1019.0
2025-06-04 18:00:00,24.6,64.0,7.2,1015.7
2025-06-04 19:00:00,24.0,61.0,9.4,1020.0
2025-06-04 20:00:00,21.0,73.0,3.6,1020.0
2025-06-04 21:00:00,21.2,64.0,7.2,1017.0
2025-06-04 22:00:00,20.0,73.0,11.2,1020.0
2025-06-04 23:00:00,18.0,83.0,5.4,1020.0
2025-06-05 00:00:00,18.6,77.0,1.8,1017.9
2025-06-05 01:00:00,16.0,88.0,0.0,1020.0
2025-06-05 02:00:00,15.0,94.0,5.4,1020.0
2025-06-05 03:00:00,17.6,78.0,7.2,1018.2
2025-06-05 04:00:00,16.0,88.0,3.6,1021.0
2025-06-05 05:00:00,19.0,78.0,1.8,1021.0
2025-06-05 06:00:00,21.5,68.0,3.6,1018.4
2025-06-05 07:00:00,24.0,61.0,3.6,1021.0
2025-06-05 08:00:00,25.0,61.0,3.6,1021.0
2025-06-05 09:00:00,26.4,56.0,3.6,1016.8
2025-06-05 10:00:00,28.0,55.0,3.6,1020.0
2025-06-05 11:00:00,29.0,45.0,13.0,1019.0
2025-06-05 12:00:00,28.7,51.0,7.2,1015.0
2025-06-05 13:00:00,27.0,51.0,29.5,1019.0
2025-06-05 14:00:00,27.0,58.0,13.0,1019.0
2025-06-05 15:00:00,27.2,53.0,7.2,1015.1
2025-06-05 16:00:00,28.0,48.0,14.8,1018.0
2025-06-05 17:00:00,26.0,58.0,11.2,1019.0
2025-06-05 18:00:00,25.0,60.0,3.6,1015.4
2025-06-05 19:00:00,21.0,78.0,9.4,1019.0
2025-06-05 20:00:00,21.0,78.0,13.0,1020.0
2025-06-05 21:00:00,21.7,70.0,3.6,1016.9
2025-06-05 22:00:00,20.0,78.0,9.4,1019.0
2025-06-05 23:00:00,20.0,78.0,5.4,1019.0
2025-06-06 00:00:00,19.4,81.0,3.6,1017.4
2025-06-06 01:00:00,17.0,94.0,7.6,1019.0
2025-06-06 02:00:00,17.0,88.0,5.4,1019.0
2025-06-06 03:00:00,18.1,84.0,3.6,1017.4
2025-06-06 04:00:00,18.0,88.0,1.8,1020.0
2025-06-06 05:00:00,19.0,88.0,1.8,1020.0
2025-06-06 06:00:00,20.8,79.0,5.4,1017.3
2025-06-06 07:00:00,23.0,74.0,5.4,1020.0
2025-06-06 08:00:00,25.0,65.0,1.8,1020.0
2025-06-06 09:00:00,25.5,64.0,3.6,1016.0
2025-06-06 10:00:00,28.0,51.0,5.4,1019.0
2025-06-06 11:00:00,29.0,48.0,5.4,1019.0
2025-06-06 12:00:00,26.3,46.0,14.4,1015.6
2025-06-06 13:00:00,23.0,53.0,11.2,1020.0
2025-06-06 14:00:00,19.0,83.0,14.8,1021.0
2025-06-06 15:00:00,18.6,82.0,10.8,1019.1
2025-06-06 16:00:00,19.0,83.0,9.4,1019.0
2025-06-06 17:00:00,19.0,83.0,14.8,1021.0
2025-06-06 18:00:00,18.4,89.0,7.2,1019.2
2025-06-06 19:00:00,18.0,88.0,7.6,1022.0
2025-06-06 20:00:00,17.0,88.0,7.6,1022.0
2025-06-06 21:00:00,16.5,87.0,7.2,1019.9
2025-06-06 22:00:00,15.0,88.0,1.8,1021.0
2025-06-06 23:00:00,14.0,94.0,5.4,1020.0
2025-06-07 00:00:00,14.0,94.0,3.6,1020.1
2025-06-07 01:00:00,14.0,94.0,0.0,1020.0
2025-06-07 02:00:00,13.0,94.0,1.8,1020.0
2025-06-07 03:00:00,12.8,94.0,3.6,1020.1
2025-06-07 04:00:00,14.0,100.0,0.0,1021.0
2025-06-07 05:00:00,16.0,88.0,5.4,1021.0
2025-06-07 06:00:00,18.5,79.0,3.6,1018.9
2025-06-07 07:00:00,19.0,83.0,3.6,1021.0
2025-06-07 08:00:00,22.0,73.0,0.0,1020.0
2025-06-07 09:00:00,23.3,64.0,3.6,1017.2
2025-06-07 10:00:00,27.0,48.0,3.6,1019.0
2025-06-07 11:00:00,28.0,45.0,3.6,1019.0
2025-06-07 12:00:00,28.1,41.0,3.6,1014.8
2025-06-07 13:00:00,30.0,40.0,7.6,1018.0
2025-06-07 14:00:00,30.0,38.0,7.6,1017.0
2025-06-07 15:00:00,29.1,41.0,7.2,1013.5
2025-06-07 16:00:00,28.0,48.0,16.6,1017.0
2025-06-07 17:00:00,27.0,58.0,16.6,1017.0
2025-06-07 18:00:00,24.6,65.0,3.6,1014.0
2025-06-07 19:00:00,21.0,78.0,13.0,1018.0
2025-06-07 20:00:00,20.0,83.0,13.0,1018.0
2025-06-07 21:00:00,20.3,75.0,3.6,1015.8
2025-06-07 22:00:00,20.0,78.0,13.0,1018.0
2025-06-07 23:00:00,19.0,83.0,11.2,1018.0
2025-06-08 00:00:00,16.7,89.0,9.4,1016.7
2025-06-08 01:00:00,16.0,88.0,3.6,1018.0
2025-06-08 02:00:00,15.0,88.0,5.4,1018.0
2025-06-08 03:00:00,15.2,92.0,9.4,1017.1
2025-06-08 04:00:00,16.0,88.0,5.4,1018.0
2025-06-08 05:00:00,18.0,78.0,0.0,1019.0
2025-06-08 06:00:00,20.1,74.0,3.6,1016.2
2025-06-08 07:00:00,22.0,69.0,3.6,1018.0
2025-06-08 08:00:00,24.0,65.0,3.6,1018.0
2025-06-08 09:00:00,25.8,58.0,3.6,1014.2
2025-06-08 10:00:00,29.0,43.0,5.4,1017.0
2025-06-08 11:00:00,30.0,33.0,7.0,1017.0
2025-06-08 12:00:00,29.9,37.0,7.0,1012.0
2025-06-08 13:00:00,31.0,33.0,9.0,1016.0
2025-06-08 14:00:00,31.0,36.0,7.0,1015.0
2025-06-08 15:00:00,30.5,40.0,7.2,1010.3
2025-06-08 16:00:00,30.0,38.0,13.0,1014.0
2025-06-08 17:00:00,28.0,51.0,13.0,1015.0
2025-06-08 18:00:00,26.6,53.0,7.2,1011.3
2025-06-08 19:00:00,23.0,69.0,16.6,1015.0
2025-06-08 20:00:00,22.0,69.0,14.8,1016.0
2025-06-08 21:00:00,22.7,63.0,7.2,1013.1
2025-06-08 22:00:00,21.0,69.0,16.6,1016.0
2025-06-08 23:00:00,19.0,73.0,14.8,1016.0
2025-06-09 00:00:00,17.3,79.0,5.4,1014.4
2025-06-09 01:00:00,16.0,82.0,11.2,1016.0
2025-06-09 02:00:00,17.0,72.0,5.4,1016.0
2025-06-09 03:00:00,16.1,91.0,3.6,1015.1
2025-06-09 04:00:00,17.0,83.0,4.0,1017.0
2025-06-09 05:00:00,19.0,78.0,11.2,1018.0
2025-06-09 06:00:00,20.3,70.0,14.4,1016.2
2025-06-09 07:00:00,22.0,60.0,29.5,1019.0
2025-06-09 08:00:00,23.0,57.0,27.7,1019.0
2025-06-09 09:00:00,21.9,64.0,14.4,1017.1
2025-06-09 10:00:00,24.0,57.0,24.1,1020.0
2025-06-09 11:00:00,26.0,54.0,29.5,1019.0
2025-06-09 12:00:00,24.8,58.0,14.4,1016.2
2025-06-09 13:00:00,26.0,51.0,33.5,1019.0
2025-06-09 14:00:00,26.0,48.0,31.7,1019.0
2025-06-09 15:00:00,24.4,52.0,14.4,1017.1
2025-06-09 16:00:00,24.0,50.0,25.9,1020.0
2025-06-09 17:00:00,23.0,53.0,16.6,1021.0
2025-06-09 18:00:00,22.0,57.0,7.2,1018.5
2025-06-09 19:00:00,20.0,56.0,13.0,1022.0
2025-06-09 20:00:00,19.0,56.0,16.6,1022.0
2025-06-09 21:00:00,18.8,53.0,10.8,1020.1
2025-06-09 22:00:00,18.0,49.0,18.4,1022.0
2025-06-09 23:00:00,16.0,55.0,18.4,1022.0
2025-06-10 00:00:00,17.0,51.0,10.8,1020.9
2025-06-10 01:00:00,16.0,52.0,14.8,1022.0
2025-06-10 02:00:00,16.0,52.0,14.8,1022.0
2025-06-10 03:00:00,16.0,50.0,10.8,1021.0
2025-06-10 04:00:00,15.0,55.0,13.0,1022.0
2025-06-10 05:00:00,16.0,52.0,9.4,1023.0
2025-06-10 06:00:00,16.7,52.0,7.2,1021.2
2025-06-10 07:00:00,19.0,49.0,9.4,1023.0
2025-06-10 08:00:00,20.0,49.0,5.4,1023.0
2025-06-10 09:00:00,21.7,49.0,3.6,1019.5
2025-06-10 10:00:00,22.0,46.0,7.6,1022.0
2025-06-10 11:00:00,24.0,54.0,15.0,1021.0
2025-06-10 12:00:00,24.5,53.0,7.2,1017.4
2025-06-10 13:00:00,26.0,54.0,22.3,1019.0
2025-06-10 14:00:00,26.0,54.0,22.3,1019.0
2025-06-10 15:00:00,24.7,59.0,10.8,1015.7
2025-06-10 16:00:00,25.0,54.0,22.3,1018.0
2025-06-10 17:00:00,24.0,61.0,20.5,1018.0
2025-06-10 18:00:00,23.4,63.0,7.2,1015.5
2025-06-10 19:00:00,20.0,73.0,18.4,1019.0
2025-06-10 20:00:00,20.0,73.0,16.6,1019.0
2025-06-10 21:00:00,20.7,67.0,7.2,1016.7
2025-06-10 22:00:00,20.0,52.0,27.7,1019.0
2025-06-10 23:00:00,19.0,49.0,25.9,1019.0
2025-06-11 00:00:00,18.0,57.0,10.8,1017.1
2025-06-11 01:00:00,18.0,45.0,22.3,1018.0
2025-06-11 02:00:00,17.0,48.0,18.4,1018.0
2025-06-11 03:00:00,15.4,62.0,3.6,1017.3
2025-06-11 04:00:00,15.0,63.0,11.2,1018.0
2025-06-11 05:00:00,17.0,55.0,14.8,1018.0
2025-06-11 06:00:00,18.7,57.0,3.6,1016.2
2025-06-11 07:00:00,21.0,46.0,18.4,1018.0
2025-06-11 08:00:00,22.0,46.0,16.6,1018.0
2025-06-11 09:00:00,22.3,52.0,3.6,1014.5
2025-06-11 10:00:00,25.0,47.0,7.6,1017.0
2025-06-11 11:00:00,26.0,48.0,7.6,1016.0
2025-06-11 12:00:00,26.0,52.0,7.2,1012.2
2025-06-11 13:00:00,28.0,45.0,11.2,1015.0
2025-06-11 14:00:00,29.0,40.0,11.2,1015.0
2025-06-11 15:00:00,27.8,43.0,7.2,1010.6
2025-06-11 16:00:00,27.0,51.0,14.8,1015.0
2025-06-11 17:00:00,25.0,57.0,13.0,1015.0
2025-06-11 18:00:00,24.0,65.0,7.2,1012.5
2025-06-11 19:00:00,22.0,69.0,5.4,1017.0
2025-06-11 20:00:00,20.0,78.0,5.4,1018.0
2025-06-11 21:00:00,19.6,81.0,4.0,1015.4
2025-06-11 22:00:00,18.0,83.0,2.0,1018.0
2025-06-11 23:00:00,18.0,83.0,9.0,1018.0
2025-06-12 00:00:00,18.1,85.0,4.0,1016.6
2025-06-12 01:00:00,16.0,82.0,4.0,1019.0
2025-06-12 02:00:00,16.0,77.0,11.0,1019.0
2025-06-12 03:00:00,17.0,75.0,3.6,1017.3
2025-06-12 04:00:00,16.0,77.0,5.4,1019.0
2025-06-12 05:00:00,18.0,68.0,14.8,1020.0
2025-06-12 06:00:00,19.8,50.0,10.8,1016.9
2025-06-12 07:00:00,22.0,41.0,14.8,1019.0
2025-06-12 08:00:00,23.0,38.0,16.6,1019.0
2025-06-12 09:00:00,22.9,43.0,14.4,1016.2
2025-06-12 10:00:00,26.0,34.0,18.4,1019.0
2025-06-12 11:00:00,27.0,26.0,24.1,1019.0
2025-06-12 12:00:00,25.0,38.0,10.8,1015.7
2025-06-12 13:00:00,27.0,21.0,25.9,1018.0
2025-06-12 14:00:00,27.0,26.0,25.9,1018.0
2025-06-12 15:00:00,26.2,30.0,10.8,1014.8
2025-06-12 16:00:00,26.0,30.0,18.4,1018.0
2025-06-12 17:00:00,24.0,41.0,9.4,1018.0
2025-06-12 18:00:00,22.9,43.0,7.2,1015.3
2025-06-12 19:00:00,19.0,52.0,1.8,1020.0
2025-06-12 20:00:00,17.0,59.0,5.4,1020.0
2025-06-12 21:00:00,15.2,71.0,3.6,1018.7
2025-06-12 22:00:00,16.0,59.0,3.6,1020.0
2025-06-12 23:00:00,13.0,67.0,3.6,1020.0
2025-06-13 00:00:00,11.1,83.0,3.6,1019.8
2025-06-13 01:00:00,11.0,82.0,3.6,1020.0
2025-06-13 02:00:00,10.0,87.0,3.6,1020.0
2025-06-13 03:00:00,8.9,92.0,0.0,1020.6
2025-06-13 04:00:00,11.0,88.0,7.6,1021.0
2025-06-13 05:00:00,14.0,77.0,5.4,1021.0
2025-06-13 06:00:00,17.5,63.0,3.6,1019.5
2025-06-13 07:00:00,19.0,56.0,9.4,1021.0
2025-06-13 08:00:00,23.0,36.0,11.2,1021.0
2025-06-13 09:00:00,23.0,42.0,7.2,1018.2
2025-06-13 10:00:00,25.0,34.0,18.4,1021.0
2025-06-13 11:00:00,26.0,32.0,18.4,1020.0
2025-06-13 12:00:00,25.1,37.0,7.2,1017.0
2025-06-13 13:00:00,27.0,32.0,18.4,1020.0
2025-06-13 14:00:00,27.0,34.0,16.6,1019.0
2025-06-13 15:00:00,26.3,38.0,10.8,1016.0
2025-06-13 16:00:00,26.0,34.0,14.8,1019.0
2025-06-13 17:00:00,24.0,36.0,11.2,1020.0
2025-06-13 18:00:00,24.5,37.0,3.6,1017.0
2025-06-13 19:00:00,18.0,45.0,3.6,1021.0
2025-06-13 20:00:00,17.0,48.0,7.6,1022.0
2025-06-13 21:00:00,18.4,55.0,3.6,1019.7
2025-06-13 22:00:00,16.0,59.0,7.6,1022.0
2025-06-13 23:00:00,16.0,59.0,13.0,1021.0
2025-06-14 00:00:00,17.4,72.0,7.2,1019.9
2025-06-14 01:00:00,13.0,72.0,5.4,1021.0
2025-06-14 02:00:00,10.0,87.0,7.6,1021.0
2025-06-14 03:00:00,12.5,76.0,3.6,1020.8
2025-06-14 04:00:00,11.0,82.0,1.8,1022.0
2025-06-14 05:00:00,14.0,72.0,0.0,1022.0
2025-06-14 06:00:00,16.6,59.0,3.6,1020.3
2025-06-14 07:00:00,19.0,49.0,16.6,1022.0
2025-06-14 08:00:00,21.0,40.0,14.8,1022.0
2025-06-14 09:00:00,21.3,45.0,10.8,1019.0
2025-06-14 10:00:00,24.0,38.0,11.2,1021.0
2025-06-14 11:00:00,24.0,38.0,9.4,1021.0
2025-06-14 12:00:00,23.9,43.0,7.2,1017.2
2025-06-14 13:00:00,24.0,44.0,18.4,1019.0
2025-06-14 14:00:00,26.0,39.0,9.4,1019.0
2025-06-14 15:00:00,23.4,46.0,7.2,1016.0
2025-06-14 16:00:00,23.0,50.0,13.0,1019.0
2025-06-14 17:00:00,22.0,53.0,9.4,1019.0
2025-06-14 18:00:00,21.2,60.0,3.6,1016.9
2025-06-14 19:00:00,17.0,72.0,0.0,1020.0
2025-06-14 20:00:00,18.0,64.0,3.6,1021.0
2025-06-14 21:00:00,14.7,85.0,3.6,1019.3
2025-06-14 22:00:00,16.0,77.0,1.8,1021.0
2025-06-14 23:00:00,15.0,72.0,9.4,1021.0
2025-06-15 00:00:00,11.8,92.0,3.6,1020.4
2025-06-15 01:00:00,12.0,76.0,1.8,1021.0
2025-06-15 02:00:00,10.0,82.0,9.4,1021.0
2025-06-15 03:00:00,10.0,92.0,3.6,1021.0
2025-06-15 04:00:00,12.0,88.0,0.0,1021.0
2025-06-15 05:00:00,14.0,82.0,5.4,1021.0
2025-06-15 06:00:00,17.7,64.0,3.6,1019.1
2025-06-15 07:00:00,19.0,52.0,11.2,1021.0
2025-06-15 08:00:00,21.0,43.0,9.4,1021.0
2025-06-15 09:00:00,21.8,44.0,7.2,1018.0
2025-06-15 10:00:00,24.0,34.0,11.2,1020.0
2025-06-15 11:00:00,25.0,34.0,13.0,1020.0
2025-06-15 12:00:00,24.9,37.0,7.2,1016.5
2025-06-15 13:00:00,26.0,32.0,7.6,1019.0
2025-06-15 14:00:00,26.0,39.0,13.0,1019.0
2025-06-15 15:00:00,25.5,39.0,3.6,1015.2
2025-06-15 16:00:00,25.0,41.0,14.8,1018.0
2025-06-15 17:00:00,23.0,47.0,9.4,1018.0
2025-06-15 18:00:00,22.1,54.0,3.6,1015.4
2025-06-15 19:00:00,19.0,60.0,0.0,1019.0
2025-06-15 20:00:00,19.0,64.0,9.4,1019.0
2025-06-15 21:00:00,17.2,70.0,7.2,1017.7
2025-06-15 22:00:00,15.0,77.0,7.6,1019.0
2025-06-15 23:00:00,14.0,77.0,9.4,1019.0
2025-06-16 00:00:00,12.7,86.0,3.6,1019.1
2025-06-16 01:00:00,11.0,88.0,0.0,1020.0
2025-06-16 02:00:00,11.0,88.0,7.6,1019.0
2025-06-16 03:00:00,13.6,80.0,7.2,1018.8
2025-06-16 04:00:00,12.0,82.0,0.0,1019.0
2025-06-16 05:00:00,15.0,77.0,0.0,1019.0
2025-06-16 06:00:00,17.2,70.0,3.6,1017.7
2025-06-16 07:00:00,19.0,56.0,3.6,1019.0
2025-06-16 08:00:00,22.0,53.0,7.6,1019.0
2025-06-16 09:00:00,22.8,53.0,7.2,1016.1
2025-06-16 10:00:00,26.0,28.0,11.2,1019.0
2025-06-16 11:00:00,26.0,24.0,13.0,1018.0
2025-06-16 12:00:00,26.7,31.0,7.2,1014.7
2025-06-16 13:00:00,29.0,27.0,14.8,1017.0
2025-06-16 14:00:00,29.0,27.0,9.4,1017.0
2025-06-16 15:00:00,28.4,36.0,7.2,1012.9
2025-06-16 16:00:00,28.0,30.0,11.2,1017.0
2025-06-16 17:00:00,26.0,36.0,14.8,1017.0
2025-06-16 18:00:00,24.4,47.0,7.2,1014.3
2025-06-16 19:00:00,23.0,47.0,7.6,1018.0
2025-06-16 20:00:00,21.0,53.0,11.2,1019.0
2025-06-16 21:00:00,19.4,58.0,7.0,1016.6
2025-06-16 22:00:00,16.0,68.0,9.4,1019.0
2025-06-16 23:00:00,14.0,82.0,5.4,1019.0
2025-06-17 00:00:00,13.2,79.0,3.6,1018.8
2025-06-17 01:00:00,12.0,88.0,0.0,1020.0
2025-06-17 02:00:00,11.0,88.0,7.6,1020.0
2025-06-17 03:00:00,13.7,74.0,7.2,1018.8
2025-06-17 04:00:00,12.0,82.0,3.6,1020.0
2025-06-17 05:00:00,15.0,72.0,0.0,1020.0
2025-06-17 06:00:00,19.2,61.0,3.6,1018.4
2025-06-17 07:00:00,20.0,52.0,5.4,1021.0
2025-06-17 08:00:00,23.0,47.0,7.6,1020.0
2025-06-17 09:00:00,24.7,47.0,3.6,1016.8
2025-06-17 10:00:00,28.0,30.0,7.6,1020.0
2025-06-17 11:00:00,29.0,25.0,13.0,1020.0
2025-06-17 12:00:00,28.6,24.0,7.2,1015.5
2025-06-17 13:00:00,30.0,22.0,7.6,1019.0
2025-06-17 14:00:00,31.0,19.0,9.4,1018.0
2025-06-17 15:00:00,29.7,26.0,7.2,1014.1
2025-06-17 16:00:00,29.0,31.0,13.0,1018.0
2025-06-17 17:00:00,27.0,34.0,13.0,1019.0
2025-06-17 18:00:00,25.8,45.0,3.6,1015.3
2025-06-17 19:00:00,24.0,44.0,7.6,1020.0
2025-06-17 20:00:00,22.0,50.0,7.6,1020.0
2025-06-17 21:00:00,17.6,72.0,3.6,1019.1
2025-06-17 22:00:00,19.0,60.0,1.8,1021.0
2025-06-17 23:00:00,17.0,72.0,0.0,1021.0
2025-06-18 00:00:00,18.3,71.0,3.6,1019.2
2025-06-18 01:00:00,14.0,82.0,7.6,1021.0
2025-06-18 02:00:00,14.0,82.0,7.6,1021.0
2025-06-18 03:00:00,14.1,88.0,3.6,1020.4
2025-06-18 04:00:00,15.0,82.0,0.0,1022.0
2025-06-18 05:00:00,18.0,78.0,7.6,1022.0
2025-06-18 06:00:00,21.0,70.0,7.2,1019.5
2025-06-18 07:00:00,23.0,65.0,7.6,1022.0
2025-06-18 08:00:00,25.0,54.0,9.4,1022.0
2025-06-18 09:00:00,25.5,55.0,3.6,1018.2
2025-06-18 10:00:00,29.0,37.0,9.4,1021.0
2025-06-18 11:00:00,29.0,35.0,5.4,1021.0
2025-06-18 12:00:00,28.3,42.0,14.4,1016.9
2025-06-18 13:00:00,28.0,48.0,13.0,1021.0
2025-06-18 14:00:00,27.0,48.0,16.6,1020.0
2025-06-18 15:00:00,28.1,46.0,7.2,1016.6
2025-06-18 16:00:00,28.0,45.0,11.2,1020.0
2025-06-18 17:00:00,27.0,51.0,11.2,1020.0
2025-06-18 18:00:00,25.8,56.0,7.2,1017.1
2025-06-18 19:00:00,21.0,73.0,3.6,1021.0
2025-06-18 20:00:00,21.0,73.0,0.0,1022.0
2025-06-18 21:00:00,19.1,84.0,3.6,1019.6
2025-06-18 22:00:00,20.0,78.0,7.6,1022.0
2025-06-18 23:00:00,18.0,83.0,3.6,1022.0
2025-06-19 00:00:00,16.6,90.0,3.6,1020.0
2025-06-19 01:00:00,16.0,94.0,3.6,1021.0
2025-06-19 02:00:00,17.0,82.0,9.4,1021.0
2025-06-19 03:00:00,16.4,91.0,3.6,1020.0
2025-06-19 04:00:00,17.0,88.0,3.6,1021.0
2025-06-19 05:00:00,18.0,83.0,5.4,1022.0
2025-06-19 06:00:00,20.8,74.0,3.6,1019.1
2025-06-19 07:00:00,23.0,65.0,3.6,1021.0
2025-06-19 08:00:00,26.0,54.0,9.4,1021.0
2025-06-19 09:00:00,26.1,53.0,7.2,1016.9
2025-06-19 10:00:00,29.0,40.0,7.6,1020.0
2025-06-19 11:00:00,30.0,33.0,18.4,1019.0
2025-06-19 12:00:00,29.2,38.0,7.2,1014.4
2025-06-19 13:00:00,30.0,33.0,18.4,1018.0
2025-06-19 14:00:00,31.0,31.0,18.4,1017.0
2025-06-19 15:00:00,29.8,37.0,14.4,1012.9
2025-06-19 16:00:00,30.0,33.0,20.5,1017.0
2025-06-19 17:00:00,29.0,35.0,14.8,1017.0
2025-06-19 18:00:00,27.0,43.0,7.2,1013.2
2025-06-19 19:00:00,24.0,50.0,7.6,1018.0
2025-06-19 20:00:00,22.0,57.0,3.6,1018.0
2025-06-19 21:00:00,22.0,62.0,3.6,1015.3
2025-06-19 22:00:00,22.0,60.0,5.4,1018.0
2025-06-19 23:00:00,19.0,68.0,11.2,1019.0
2025-06-20 00:00:00,21.6,62.0,7.2,1015.6
2025-06-20 01:00:00,17.0,77.0,7.6,1018.0
2025-06-20 02:00:00,17.0,77.0,13.0,1018.0
2025-06-20 03:00:00,16.3,84.0,9.4,1016.9
2025-06-20 04:00:00,17.0,77.0,5.4,1018.0
2025-06-20 05:00:00,20.0,68.0,9.4,1019.0
2025-06-20 06:00:00,22.5,59.0,7.2,1015.7
2025-06-20 07:00:00,25.0,50.0,18.4,1019.0
2025-06-20 08:00:00,26.0,45.0,22.3,1018.0
2025-06-20 09:00:00,26.7,42.0,7.2,1014.5
2025-06-20 10:00:00,29.0,33.0,24.1,1018.0
2025-06-20 11:00:00,30.0,31.0,24.1,1017.0
2025-06-20 12:00:00,28.2,36.0,14.4,1013.3
2025-06-20 13:00:00,30.0,29.0,31.7,1016.0
2025-06-20 14:00:00,30.0,29.0,27.7,1016.0
2025-06-20 15:00:00,28.0,33.0,10.8,1012.5
2025-06-20 16:00:00,28.0,28.0,24.1,1016.0
2025-06-20 17:00:00,27.0,30.0,13.0,1016.0
2025-06-20 18:00:00,25.0,39.0,10.8,1014.1
2025-06-20 19:00:00,21.0,40.0,7.6,1018.0
2025-06-20 20:00:00,20.0,40.0,7.6,1019.0
2025-06-20 21:00:00,20.2,46.0,7.2,1017.5
2025-06-20 22:00:00,16.0,55.0,5.4,1020.0
2025-06-20 23:00:00,15.0,51.0,7.6,1020.0
2025-06-21 00:00:00,17.3,46.0,7.2,1018.3
2025-06-21 01:00:00,13.0,62.0,7.6,1020.0
2025-06-21 02:00:00,10.0,71.0,3.6,1020.0
2025-06-21 03:00:00,13.3,63.0,9.4,1019.5
2025-06-21 04:00:00,11.0,71.0,5.4,1020.0
2025-06-21 05:00:00,15.0,55.0,3.6,1021.0
2025-06-21 06:00:00,18.2,44.0,7.2,1019.0
2025-06-21 07:00:00,19.0,37.0,13.0,1021.0
2025-06-21 08:00:00,21.0,43.0,9.4,1021.0
2025-06-21 09:00:00,21.1,45.0,7.2,1018.4
2025-06-21 10:00:00,22.0,46.0,14.8,1021.0
2025-06-21 11:00:00,25.0,39.0,20.5,1021.0
2025-06-21 12:00:00,22.7,44.0,7.2,1017.9
2025-06-21 13:00:00,24.0,34.0,11.2,1020.0
2025-06-21 14:00:00,24.0,36.0,14.8,1020.0
2025-06-21 15:00:00,23.7,40.0,7.2,1017.2
2025-06-21 16:00:00,24.0,36.0,18.4,1020.0
2025-06-21 17:00:00,22.0,41.0,13.0,1020.0
2025-06-21 18:00:00,20.2,52.0,3.6,1018.6
2025-06-21 19:00:00,19.0,49.0,3.6,1021.0
2025-06-21 20:00:00,16.0,63.0,5.4,1022.0
2025-06-21 21:00:00,17.2,61.0,7.0,1020.5
2025-06-21 22:00:00,15.0,77.0,11.2,1023.0
2025-06-21 23:00:00,14.0,77.0,13.0,1023.0
2025-06-22 00:00:00,14.4,80.0,7.2,1021.7
2025-06-22 01:00:00,11.0,94.0,1.8,1023.0
2025-06-22 02:00:00,12.0,88.0,7.6,1023.0
2025-06-22 03:00:00,10.5,91.0,7.2,1022.7
2025-06-22 04:00:00,12.0,82.0,7.6,1023.0
2025-06-22 05:00:00,14.0,77.0,5.4,1024.0
2025-06-22 06:00:00,17.3,68.0,3.6,1022.0
2025-06-22 07:00:00,19.0,60.0,5.4,1024.0
2025-06-22 08:00:00,21.0,49.0,3.6,1023.0
2025-06-22 09:00:00,22.3,40.0,7.2,1020.2
2025-06-22 10:00:00,25.0,30.0,7.6,1022.0
2025-06-22 11:00:00,26.0,26.0,7.6,1022.0
2025-06-22 12:00:00,25.2,36.0,3.6,1017.8
2025-06-22 13:00:00,27.0,23.0,13.0,1020.0
2025-06-22 14:00:00,27.0,24.0,13.0,1020.0
2025-06-22 15:00:00,26.6,31.0,7.2,1016.0
2025-06-22 16:00:00,27.0,24.0,13.0,1019.0
2025-06-22 17:00:00,26.0,26.0,13.0,1018.0
2025-06-22 18:00:00,24.4,35.0,7.2,1015.9
2025-06-22 19:00:00,20.0,49.0,7.6,1020.0
2025-06-22 20:00:00,18.0,56.0,3.6,1020.0
2025-06-22 21:00:00,17.0,59.0,3.6,1018.4
2025-06-22 22:00:00,17.0,52.0,5.4,1020.0
2025-06-22 23:00:00,14.0,67.0,0.0,1020.0
2025-06-23 00:00:00,12.2,76.0,0.0,1020.0
2025-06-23 01:00:00,12.0,82.0,1.8,1020.0
2025-06-23 02:00:00,11.0,88.0,3.6,1020.0
2025-06-23 03:00:00,9.3,84.0,3.6,1020.3
2025-06-23 04:00:00,12.0,76.0,5.4,1020.0
2025-06-23 05:00:00,15.0,67.0,0.0,1020.0
2025-06-23 06:00:00,18.3,56.0,3.6,1018.4
2025-06-23 07:00:00,21.0,40.0,5.4,1020.0
2025-06-23 08:00:00,24.0,31.0,9.4,1020.0
2025-06-23 09:00:00,24.4,34.0,3.6,1016.9
2025-06-23 10:00:00,27.0,24.0,9.4,1020.0
2025-06-23 11:00:00,28.0,22.0,11.2,1019.0
2025-06-23 12:00:00,27.6,24.0,7.2,1015.0
2025-06-23 13:00:00,30.0,18.0,13.0,1018.0
2025-06-23 14:00:00,30.0,17.0,9.4,1017.0
2025-06-23 15:00:00,29.5,23.0,7.2,1012.9
2025-06-23 16:00:00,30.0,19.0,9.4,1016.0
2025-06-23 17:00:00,29.0,20.0,7.6,1016.0
2025-06-23 18:00:00,25.2,39.0,7.2,1012.7
2025-06-23 19:00:00,21.0,40.0,9.4,1016.0
2025-06-23 20:00:00,19.0,49.0,1.8,1017.0
2025-06-23 21:00:00,17.4,59.0,3.6,1015.5
2025-06-23 22:00:00,18.0,49.0,7.6,1017.0
2025-06-23 23:00:00,15.0,63.0,7.6,1018.0
2025-06-24 00:00:00,17.1,51.0,7.2,1015.8
2025-06-24 01:00:00,13.0,72.0,0.0,1017.0
2025-06-24 02:00:00,12.0,76.0,1.8,1017.0
2025-06-24 03:00:00,11.8,78.0,7.2,1016.8
2025-06-24 04:00:00,13.0,72.0,5.4,1017.0
2025-06-24 05:00:00,16.0,59.0,0.0,1018.0
2025-06-24 06:00:00,19.9,56.0,3.6,1015.6
2025-06-24 07:00:00,23.0,38.0,5.4,1017.0
2025-06-24 08:00:00,26.0,34.0,1.8,1017.0
2025-06-24 09:00:00,26.3,41.0,3.6,1013.7
2025-06-24 10:00:00,31.0,26.0,11.2,1017.0
2025-06-24 11:00:00,31.0,24.0,11.2,1016.0
2025-06-24 12:00:00,31.2,29.0,7.2,1011.4
2025-06-24 13:00:00,33.0,21.0,9.4,1015.0
2025-06-24 14:00:00,33.0,21.0,11.2,1015.0
2025-06-24 15:00:00,32.1,27.0,7.2,1009.9
2025-06-24 16:00:00,32.0,23.0,9.4,1014.0
2025-06-24 17:00:00,31.0,26.0,13.0,1015.0
2025-06-24 18:00:00,28.8,35.0,7.2,1010.9
2025-06-24 19:00:00,27.0,37.0,9.4,1016.0
2025-06-24 20:00:00,24.0,44.0,9.4,1017.0
2025-06-24 21:00:00,22.8,53.0,3.6,1013.6
2025-06-24 22:00:00,19.0,64.0,7.6,1017.0
2025-06-24 23:00:00,17.0,68.0,0.0,1017.0
2025-06-25 00:00:00,16.8,74.0,0.0,1015.6
2025-06-25 01:00:00,16.0,77.0,3.6,1018.0
2025-06-25 02:00:00,15.0,77.0,0.0,1017.0
2025-06-25 03:00:00,18.1,64.0,3.6,1015.5
2025-06-25 04:00:00,16.0,77.0,0.0,1018.0
2025-06-25 05:00:00,20.0,60.0,1.8,1018.0
2025-06-25 06:00:00,22.7,57.0,7.2,1015.5
2025-06-25 07:00:00,25.0,44.0,5.4,1018.0
2025-06-25 08:00:00,28.0,37.0,5.4,1018.0
2025-06-25 09:00:00,28.7,38.0,7.2,1014.2
2025-06-25 10:00:00,31.0,31.0,5.4,1018.0
2025-06-25 11:00:00,31.0,29.0,7.6,1018.0
2025-06-25 12:00:00,31.2,32.0,7.2,1012.9
2025-06-25 13:00:00,33.0,26.0,11.2,1017.0
2025-06-25 14:00:00,34.0,25.0,7.6,1016.0
2025-06-25 15:00:00,32.6,31.0,7.2,1011.4
2025-06-25 16:00:00,34.0,25.0,3.6,1015.0
2025-06-25 17:00:00,32.0,30.0,13.0,1015.0
2025-06-25 18:00:00,29.4,40.0,7.2,1011.5
2025-06-25 19:00:00,25.0,47.0,3.6,1016.0
2025-06-25 20:00:00,25.0,47.0,9.4,1017.0
2025-06-25 21:00:00,23.4,52.0,7.2,1014.0
2025-06-25 22:00:00,20.0,64.0,5.4,1017.0
2025-06-25 23:00:00,19.0,68.0,7.6,1017.0
2025-06-26 00:00:00,20.7,60.0,7.2,1014.5
2025-06-26 01:00:00,17.0,72.0,3.6,1017.0
2025-06-26 02:00:00,15.0,82.0,1.8,1017.0
2025-06-26 03:00:00,16.6,77.0,3.6,1015.9
2025-06-26 04:00:00,17.0,77.0,0.0,1018.0
2025-06-26 05:00:00,19.0,64.0,1.8,1018.0
2025-06-26 06:00:00,23.1,56.0,7.2,1017.0
2025-06-26 07:00:00,25.0,47.0,3.6,1018.0
2025-06-26 08:00:00,28.0,40.0,3.6,1018.0
2025-06-26 09:00:00,30.6,36.0,3.6,1012.8
2025-06-26 10:00:00,34.0,26.0,7.6,1017.0
2025-06-26 11:00:00,34.0,26.0,9.4,1016.0
2025-06-26 12:00:00,33.4,31.0,3.6,1011.3
2025-06-26 13:00:00,35.0,25.0,13.0,1016.0
2025-06-26 14:00:00,35.0,22.0,9.4,1015.0
2025-06-26 15:00:00,33.0,39.0,3.6,1010.1
2025-06-26 16:00:00,35.0,25.0,13.0,1015.0
2025-06-26 17:00:00,33.0,30.0,13.0,1015.0
2025-06-26 18:00:00,29.2,45.0,3.6,1011.3
2025-06-26 19:00:00,28.0,42.0,13.0,1016.0
2025-06-26 20:00:00,24.0,54.0,5.4,1017.0
2025-06-26 21:00:00,25.4,47.0,7.2,1013.4
2025-06-26 22:00:00,23.0,57.0,5.4,1017.0
2025-06-26 23:00:00,21.0,64.0,0.0,1017.0
2025-06-27 00:00:00,21.8,62.0,3.6,1014.5
2025-06-27 01:00:00,19.0,68.0,5.4,1017.0
2025-06-27 02:00:00,17.0,82.0,3.6,1017.0
2025-06-27 03:00:00,20.4,63.0,7.2,1015.3
2025-06-27 04:00:00,19.0,73.0,7.6,1018.0
2025-06-27 05:00:00,22.0,57.0,0.0,1018.0
2025-06-27 06:00:00,24.5,54.0,7.2,1014.6
2025-06-27 07:00:00,27.0,45.0,3.6,1018.0
2025-06-27 08:00:00,30.0,38.0,3.6,1017.0
2025-06-27 09:00:00,30.6,39.0,3.6,1013.2
2025-06-27 10:00:00,35.0,27.0,9.4,1016.0
2025-06-27 11:00:00,35.0,23.0,11.2,1016.0
2025-06-27 12:00:00,34.7,26.0,3.6,1010.9
2025-06-27 13:00:00,34.0,32.0,29.5,1014.0
2025-06-27 14:00:00,33.0,36.0,18.4,1015.0
2025-06-27 15:00:00,27.7,54.0,14.4,1010.9
2025-06-27 16:00:00,27.0,51.0,9.4,1015.0
2025-06-27 17:00:00,27.0,51.0,9.4,1016.0
2025-06-27 18:00:00,24.7,57.0,7.2,1012.5
2025-06-27 19:00:00,25.0,54.0,7.6,1017.0
2025-06-27 20:00:00,25.0,57.0,29.5,1019.0
2025-06-27 21:00:00,18.8,94.0,7.2,1017.6
2025-06-27 22:00:00,20.0,88.0,7.6,1020.0
2025-06-27 23:00:00,20.0,88.0,11.2,1019.0
2025-06-28 00:00:00,18.9,94.0,7.2,1016.9
2025-06-28 01:00:00,19.0,94.0,3.6,1019.0
2025-06-28 02:00:00,19.0,94.0,5.4,1019.0
2025-06-28 03:00:00,18.7,92.0,3.6,1016.9
2025-06-28 04:00:00,19.0,88.0,9.4,1019.0
2025-06-28 05:00:00,20.0,83.0,14.8,1019.0
2025-06-28 06:00:00,20.7,76.0,10.8,1016.5
2025-06-28 07:00:00,24.0,65.0,16.6,1019.0
2025-06-28 08:00:00,25.0,57.0,14.8,1019.0
2025-06-28 09:00:00,24.0,59.0,10.8,1015.4
2025-06-28 10:00:00,28.0,42.0,16.6,1018.0
2025-06-28 11:00:00,29.0,37.0,16.6,1017.0
2025-06-28 12:00:00,27.2,46.0,7.2,1013.3
2025-06-28 13:00:00,29.0,43.0,18.4,1016.0
2025-06-28 14:00:00,28.0,42.0,22.3,1016.0
2025-06-28 15:00:00,26.3,49.0,10.8,1012.6
2025-06-28 16:00:00,27.0,45.0,25.9,1016.0
2025-06-28 17:00:00,26.0,45.0,25.9,1016.0
2025-06-28 18:00:00,24.0,53.0,14.4,1013.6
2025-06-28 19:00:00,23.0,53.0,18.4,1018.0
2025-06-28 20:00:00,22.0,60.0,22.3,1018.0
2025-06-28 21:00:00,21.2,61.0,14.4,1016.0
2025-06-28 22:00:00,21.0,60.0,24.1,1019.0
2025-06-28 23:00:00,20.0,60.0,18.4,1020.0
2025-06-29 00:00:00,20.1,62.0,7.2,1017.1
2025-06-29 01:00:00,19.0,64.0,18.4,1019.0
2025-06-29 02:00:00,18.0,68.0,22.3,1019.0
2025-06-29 03:00:00,18.4,67.0,10.8,1017.6
2025-06-29 04:00:00,18.0,68.0,13.0,1020.0
2025-06-29 05:00:00,19.0,68.0,16.6,1020.0
2025-06-29 06:00:00,19.8,64.0,7.2,1018.4
2025-06-29 07:00:00,22.0,53.0,11.2,1020.0
2025-06-29 08:00:00,23.0,47.0,11.2,1020.0
2025-06-29 09:00:00,23.6,50.0,7.2,1017.2
2025-06-29 10:00:00,26.0,39.0,11.2,1020.0
2025-06-29 11:00:00,27.0,32.0,14.8,1019.0
2025-06-29 12:00:00,26.5,34.0,10.8,1015.5
2025-06-29 13:00:00,28.0,30.0,18.4,1018.0
2025-06-29 14:00:00,29.0,31.0,14.8,1018.0
2025-06-29 15:00:00,27.8,38.0,7.2,1014.1
2025-06-29 16:00:00,28.0,35.0,16.6,1018.0
2025-06-29 17:00:00,27.0,37.0,14.8,1018.0
2025-06-29 18:00:00,25.0,44.0,7.2,1014.6
2025-06-29 19:00:00,20.0,56.0,13.0,1018.0
2025-06-29 20:00:00,21.0,56.0,7.6,1019.0
2025-06-29 21:00:00,20.3,59.0,7.2,1016.1
2025-06-29 22:00:00,18.0,68.0,5.4,1019.0
2025-06-29 23:00:00,17.0,72.0,3.6,1019.0
2025-06-30 00:00:00,15.0,84.0,5.4,1017.4
2025-06-30 01:00:00,15.0,82.0,3.6,1019.0
2025-06-30 02:00:00,14.0,88.0,5.4,1019.0
2025-06-30 03:00:00,14.0,88.0,1.8,1017.7
2025-06-30 04:00:00,15.0,82.0,7.6,1019.0
2025-06-30 05:00:00,17.0,72.0,5.4,1019.0
2025-06-30 06:00:00,19.4,73.0,3.6,1016.5
2025-06-30 07:00:00,25.0,47.0,14.8,1018.0
2025-06-30 08:00:00,27.0,42.0,9.4,1018.0
2025-06-30 09:00:00,26.6,48.0,7.2,1014.2
2025-06-30 10:00:00,30.0,35.0,9.4,1017.0
2025-06-30 11:00:00,31.0,33.0,16.6,1016.0
2025-06-30 12:00:00,29.0,42.0,7.2,1012.1
2025-06-30 13:00:00,31.0,33.0,18.4,1016.0
2025-06-30 14:00:00,30.0,35.0,14.8,1015.0
2025-06-30 15:00:00,28.2,50.0,3.6,1010.8
2025-06-30 16:00:00,29.0,37.0,5.4,1014.0
2025-06-30 17:00:00,29.0,37.0,7.6,1014.0
2025-06-30 18:00:00,27.0,47.0,3.6,1010.9
2025-06-30 19:00:00,25.0,50.0,5.4,1015.0
2025-06-30 20:00:00,24.0,54.0,5.4,1015.0
2025-06-30 21:00:00,23.3,60.0,3.6,1012.4
2025-06-30 22:00:00,23.0,53.0,7.6,1016.0
2025-06-30 23:00:00,18.0,73.0,3.6,1016.0
2025-07-01 00:00:00,21.6,62.0,3.6,1012.9
2025-07-01 01:00:00,19.0,68.0,1.8,1016.0
2025-07-01 02:00:00,20.0,64.0,7.6,1016.0
2025-07-01 03:00:00,21.4,63.0,3.6,1013.1
2025-07-01 04:00:00,18.0,78.0,5.4,1016.0
2025-07-01 05:00:00,21.0,64.0,1.8,1016.0
2025-07-01 06:00:00,24.3,55.0,7.2,1012.7
2025-07-01 07:00:00,27.0,42.0,11.2,1016.0
2025-07-01 08:00:00,28.0,40.0,14.8,1016.0
2025-07-01 09:00:00,27.4,42.0,7.2,1012.3
2025-07-01 10:00:00,30.0,33.0,14.8,1016.0
2025-07-01 11:00:00,30.0,31.0,13.0,1016.0
2025-07-01 12:00:00,29.3,36.0,7.2,1011.4
2025-07-01 13:00:00,32.0,30.0,14.8,1015.0
2025-07-01 14:00:00,29.0,35.0,20.5,1015.0
2025-07-01 15:00:00,28.6,39.0,7.2,1011.5
2025-07-01 16:00:00,29.0,31.0,16.6,1016.0
2025-07-01 17:00:00,28.0,32.0,13.0,1016.0
2025-07-01 18:00:00,26.5,42.0,7.2,1012.5
2025-07-01 19:00:00,23.0,50.0,1.8,1017.0
2025-07-01 20:00:00,24.0,47.0,5.4,1017.0
2025-07-01 21:00:00,21.7,56.0,7.2,1014.6
2025-07-01 22:00:00,20.0,60.0,3.6,1018.0
2025-07-01 23:00:00,18.0,68.0,5.4,1019.0
2025-07-02 00:00:00,16.8,79.0,3.6,1017.0
2025-07-02 01:00:00,14.0,88.0,5.4,1019.0
2025-07-02 02:00:00,15.0,82.0,3.6,1019.0
2025-07-02 03:00:00,13.7,82.0,3.6,1017.9
2025-07-02 04:00:00,15.0,82.0,3.6,1019.0
2025-07-02 05:00:00,18.0,68.0,3.6,1020.0
2025-07-02 06:00:00,20.8,59.0,3.6,1017.2
2025-07-02 07:00:00,24.0,31.0,14.8,1020.0
2025-07-02 08:00:00,26.0,28.0,16.6,1020.0
2025-07-02 09:00:00,25.5,32.0,7.2,1016.2
2025-07-02 10:00:00,29.0,22.0,9.4,1019.0
2025-07-02 11:00:00,29.0,23.0,9.4,1019.0
2025-07-02 12:00:00,29.1,29.0,7.2,1014.7
2025-07-02 13:00:00,31.0,27.0,13.0,1018.0
2025-07-02 14:00:00,30.0,29.0,14.8,1018.0
2025-07-02 15:00:00,29.4,34.0,7.2,1014.0
2025-07-02 16:00:00,29.0,31.0,18.4,1018.0
2025-07-02 17:00:00,28.0,30.0,13.0,1019.0
2025-07-02 18:00:00,25.2,44.0,3.6,1015.6
2025-07-02 19:00:00,23.0,44.0,7.6,1020.0
2025-07-02 20:00:00,22.0,50.0,7.6,1020.0
2025-07-02 21:00:00,20.2,56.0,7.2,1017.8
2025-07-02 22:00:00,17.0,63.0,7.0,1020.0
2025-07-02 23:00:00,15.0,72.0,7.6,1021.0
2025-07-03 00:00:00,17.3,62.0,3.6,1019.4
2025-07-03 01:00:00,14.0,72.0,9.4,1021.0
2025-07-03 02:00:00,13.0,77.0,5.4,1021.0
2025-07-03 03:00:00,16.1,66.0,7.2,1019.8
2025-07-03 04:00:00,14.0,77.0,1.8,1021.0
2025-07-03 05:00:00,17.0,63.0,3.6,1022.0
2025-07-03 06:00:00,19.8,57.0,3.6,1019.1
2025-07-03 07:00:00,22.0,46.0,5.4,1022.0
2025-07-03 08:00:00,25.0,39.0,3.6,1022.0
2025-07-03 09:00:00,25.7,40.0,3.6,1018.0
2025-07-03 10:00:00,30.0,21.0,7.6,1021.0
2025-07-03 11:00:00,31.0,24.0,7.0,1021.0
2025-07-03 12:00:00,30.5,30.0,7.2,1016.8
2025-07-03 13:00:00,33.0,16.0,11.2,1020.0
2025-07-03 14:00:00,33.0,19.0,11.2,1020.0
2025-07-03 15:00:00,31.6,23.0,10.8,1015.5
2025-07-03 16:00:00,32.0,20.0,18.4,1019.0
2025-07-03 17:00:00,30.0,22.0,16.6,1020.0
2025-07-03 18:00:00,27.3,33.0,3.6,1016.4
2025-07-03 19:00:00,24.0,36.0,11.2,1020.0
2025-07-03 20:00:00,22.0,43.0,11.2,1021.0
2025-07-03 21:00:00,19.1,57.0,7.2,1019.2
2025-07-03 22:00:00,18.0,56.0,14.8,1021.0
2025-07-03 23:00:00,17.0,59.0,13.0,1021.0
2025-07-04 00:00:00,18.2,62.0,7.2,1019.5
2025-07-04 01:00:00,16.0,63.0,11.2,1021.0
2025-07-04 02:00:00,15.0,72.0,1.8,1021.0
2025-07-04 03:00:00,17.7,66.0,7.2,1019.7
2025-07-04 04:00:00,16.0,63.0,5.4,1022.0
2025-07-04 05:00:00,20.0,56.0,5.4,1021.0
2025-07-04 06:00:00,21.9,58.0,3.6,1018.4
2025-07-04 07:00:00,25.0,41.0,5.4,1021.0
2025-07-04 08:00:00,27.0,37.0,5.4,1021.0
2025-07-04 09:00:00,27.6,42.0,3.6,1017.1
2025-07-04 10:00:00,32.0,23.0,9.4,1020.0
2025-07-04 11:00:00,33.0,21.0,11.2,1020.0
2025-07-04 12:00:00,31.4,30.0,7.2,1014.7
2025-07-04 13:00:00,34.0,20.0,14.8,1018.0
2025-07-04 14:00:00,34.0,20.0,7.6,1018.0
2025-07-04 15:00:00,33.1,27.0,3.6,1012.9
2025-07-04 16:00:00,34.0,18.0,3.6,1017.0
2025-07-04 17:00:00,33.0,20.0,5.4,1017.0
2025-07-04 18:00:00,27.8,43.0,3.6,1013.7
2025-07-04 19:00:00,26.0,36.0,9.4,1018.0
2025-07-04 20:00:00,24.0,41.0,7.6,1019.0
2025-07-04 21:00:00,23.4,48.0,7.2,1015.5
2025-07-04 22:00:00,21.0,49.0,11.2,1019.0
2025-07-04 23:00:00,19.0,56.0,9.4,1019.0
2025-07-05 00:00:00,21.7,50.0,7.2,1016.0
2025-07-05 01:00:00,18.0,60.0,0.0,1019.0
2025-07-05 02:00:00,17.0,63.0,1.8,1019.0
2025-07-05 03:00:00,18.9,61.0,7.2,1017.0
2025-07-05 04:00:00,17.0,68.0,5.4,1019.0
2025-07-05 05:00:00,20.0,60.0,0.0,1020.0
2025-07-05 06:00:00,23.2,54.0,1.8,1017.2
2025-07-05 07:00:00,26.0,39.0,7.6,1020.0
2025-07-05 08:00:00,28.0,35.0,9.4,1020.0
2025-07-05 09:00:00,29.0,41.0,3.6,1015.3
2025-07-05 10:00:00,32.0,28.0,5.4,1019.0
2025-07-05 11:00:00,33.0,24.0,5.4,1018.0
2025-07-05 12:00:00,32.8,26.0,3.6,1013.0
2025-07-05 13:00:00,35.0,19.0,14.8,1017.0
2025-07-05 14:00:00,34.0,23.0,3.6,1017.0
2025-07-05 15:00:00,33.5,29.0,3.6,1011.3
2025-07-05 16:00:00,32.0,30.0,9.4,1016.0
2025-07-05 17:00:00,30.0,33.0,9.4,1017.0
2025-07-05 18:00:00,27.3,55.0,3.6,1012.8
2025-07-05 19:00:00,28.0,42.0,13.0,1017.0
2025-07-05 20:00:00,23.0,57.0,5.4,1017.0
2025-07-05 21:00:00,23.5,57.0,7.2,1014.2
2025-07-05 22:00:00,21.0,64.0,3.6,1018.0
2025-07-05 23:00:00,19.0,68.0,5.4,1018.0
2025-07-06 00:00:00,20.9,61.0,7.2,1015.2
2025-07-06 01:00:00,18.0,73.0,11.2,1017.0
2025-07-06 02:00:00,18.0,68.0,9.4,1017.0
2025-07-06 03:00:00,17.4,76.0,11.2,1015.9
2025-07-06 04:00:00,19.0,64.0,5.4,1018.0
2025-07-06 05:00:00,22.0,57.0,5.4,1018.0
2025-07-06 06:00:00,23.6,51.0,3.6,1015.2
2025-07-06 07:00:00,27.0,39.0,11.2,1018.0
2025-07-06 08:00:00,28.0,37.0,11.2,1017.0
2025-07-06 09:00:00,27.5,47.0,3.6,1013.9
2025-07-06 10:00:00,33.0,32.0,9.4,1016.0
2025-07-06 11:00:00,33.0,32.0,9.4,1015.0
2025-07-06 12:00:00,32.8,37.0,3.6,1010.2
2025-07-06 13:00:00,34.0,28.0,25.9,1014.0
2025-07-06 14:00:00,29.0,48.0,18.4,1014.0
2025-07-06 15:00:00,29.8,43.0,7.2,1009.8
2025-07-06 16:00:00,32.0,38.0,16.6,1013.0
2025-07-06 17:00:00,30.0,40.0,20.5,1013.0
2025-07-06 18:00:00,28.5,44.0,10.8,1008.9
2025-07-06 19:00:00,26.0,54.0,18.4,1013.0
2025-07-06 20:00:00,23.0,61.0,18.4,1014.0
2025-07-06 21:00:00,23.0,57.0,18.4,1010.3
2025-07-06 22:00:00,21.0,64.0,0.0,1013.0
2025-07-06 23:00:00,21.0,64.0,9.4,1013.0
2025-07-07 00:00:00,23.7,59.0,7.2,1010.3
2025-07-07 01:00:00,20.0,68.0,1.8,1013.0
2025-07-07 02:00:00,20.0,68.0,9.4,1013.0
2025-07-07 03:00:00,19.8,76.0,3.6,1011.0
2025-07-07 04:00:00,20.0,64.0,14.8,1013.0
2025-07-07 05:00:00,22.0,53.0,9.4,1013.0
2025-07-07 06:00:00,24.0,61.0,7.2,1009.8
2025-07-07 07:00:00,28.0,42.0,11.2,1013.0
2025-07-07 08:00:00,30.0,38.0,11.2,1012.0
2025-07-07 09:00:00,29.4,44.0,3.6,1007.9
2025-07-07 10:00:00,33.0,32.0,7.6,1011.0
2025-07-07 11:00:00,35.0,27.0,9.4,1010.0
2025-07-07 12:00:00,33.4,36.0,3.6,1004.7
2025-07-07 13:00:00,36.0,25.0,20.5,1008.0
2025-07-07 14:00:00,31.0,43.0,33.5,1009.0
2025-07-07 15:00:00,32.8,38.0,7.2,1003.3
2025-07-07 16:00:00,35.0,28.0,22.3,1007.0
2025-07-07 17:00:00,33.0,30.0,16.6,1007.0
2025-07-07 18:00:00,29.4,40.0,3.6,1003.9
2025-07-07 19:00:00,28.0,37.0,5.4,1009.0
2025-07-07 20:00:00,27.0,42.0,0.0,1009.0
2025-07-07 21:00:00,25.0,51.0,3.6,1006.3
2025-07-07 22:00:00,24.0,47.0,9.4,1010.0
2025-07-07 23:00:00,23.0,47.0,11.2,1010.0
2025-07-08 00:00:00,19.9,66.0,3.6,1007.8
2025-07-08 01:00:00,19.0,60.0,5.4,1010.0
2025-07-08 02:00:00,18.0,64.0,1.8,1010.0
2025-07-08 03:00:00,17.0,71.0,3.6,1008.8
2025-07-08 04:00:00,18.0,78.0,3.6,1011.0
2025-07-08 05:00:00,21.0,56.0,7.6,1011.0
2025-07-08 06:00:00,23.6,56.0,3.6,1007.4
2025-07-08 07:00:00,26.0,45.0,3.6,1010.0
2025-07-08 08:00:00,29.0,35.0,9.4,1010.0
2025-07-08 09:00:00,29.5,38.0,7.2,1005.3
2025-07-08 10:00:00,32.0,30.0,7.6,1008.0
2025-07-08 11:00:00,35.0,19.0,13.0,1007.0
2025-07-08 12:00:00,33.8,28.0,7.2,1002.6
2025-07-08 13:00:00,36.0,19.0,29.5,1006.0
2025-07-08 14:00:00,36.0,17.0,25.9,1006.0
2025-07-08 15:00:00,33.8,24.0,14.4,1000.8
2025-07-08 16:00:00,35.0,20.0,22.3,1005.0
2025-07-08 17:00:00,33.0,26.0,22.3,1006.0
2025-07-08 18:00:00,30.6,38.0,7.2,1001.7
2025-07-08 19:00:00,27.0,39.0,13.0,1006.0
2025-07-08 20:00:00,26.0,45.0,7.6,1007.0
2025-07-08 21:00:00,24.7,54.0,3.6,1003.7
2025-07-08 22:00:00,25.0,47.0,5.4,1008.0
2025-07-08 23:00:00,24.0,50.0,9.4,1008.0
2025-07-09 00:00:00,21.4,63.0,3.6,1004.9
2025-07-09 01:00:00,21.0,60.0,7.6,1007.0
2025-07-09 02:00:00,20.0,64.0,5.4,1007.0
2025-07-09 03:00:00,18.4,73.0,3.6,1005.2
2025-07-09 04:00:00,20.0,68.0,9.4,1006.0
2025-07-09 05:00:00,21.0,64.0,3.6,1006.0
2025-07-09 06:00:00,23.5,58.0,3.6,1003.6
2025-07-09 07:00:00,28.0,40.0,7.6,1006.0
2025-07-09 08:00:00,29.0,33.0,16.6,1006.0
2025-07-09 09:00:00,29.2,37.0,10.8,1001.7
2025-07-09 10:00:00,28.0,48.0,25.9,1006.0
2025-07-09 11:00:00,23.0,57.0,38.9,1007.0
2025-07-09 12:00:00,20.5,65.0,18.0,1004.0
2025-07-09 13:00:00,21.0,53.0,33.5,1009.0
2025-07-09 14:00:00,20.0,56.0,35.3,1010.0
2025-07-09 15:00:00,19.3,56.0,21.6,1007.7
2025-07-09 16:00:00,18.0,56.0,24.1,1012.0
2025-07-09 17:00:00,17.0,59.0,31.7,1013.0
2025-07-09 18:00:00,15.8,66.0,10.8,1011.7
2025-07-09 19:00:00,16.0,59.0,29.5,1014.0
2025-07-09 20:00:00,15.0,63.0,29.5,1014.0
2025-07-09 21:00:00,14.0,68.0,18.0,1013.7
2025-07-09 22:00:00,14.0,67.0,20.5,1015.0
2025-07-09 23:00:00,14.0,67.0,20.5,1014.0
2025-07-10 00:00:00,14.3,67.0,10.8,1013.0
2025-07-10 01:00:00,14.0,72.0,16.6,1014.0
2025-07-10 02:00:00,14.0,72.0,24.1,1014.0
2025-07-10 03:00:00,14.2,72.0,10.8,1013.1
2025-07-10 04:00:00,15.0,72.0,22.3,1014.0
2025-07-10 05:00:00,15.0,72.0,24.1,1014.0
2025-07-10 06:00:00,15.4,69.0,14.4,1013.0
2025-07-10 07:00:00,17.0,63.0,24.1,1014.0
2025-07-10 08:00:00,18.0,56.0,24.1,1014.0
2025-07-10 09:00:00,18.4,56.0,14.4,1012.6
2025-07-10 10:00:00,20.0,49.0,20.5,1014.0
2025-07-10 11:00:00,21.0,46.0,25.9,1013.0
2025-07-10 12:00:00,21.6,46.0,14.4,1011.1
2025-07-10 13:00:00,23.0,38.0,27.7,1013.0
2025-07-10 14:00:00,24.0,36.0,27.7,1013.0
2025-07-10 15:00:00,22.3,44.0,14.4,1010.7
2025-07-10 16:00:00,21.0,46.0,25.9,1013.0
2025-07-10 17:00:00,20.0,46.0,20.5,1013.0
2025-07-10 18:00:00,18.9,54.0,10.8,1011.8
2025-07-10 19:00:00,18.0,56.0,18.4,1014.0
2025-07-10 20:00:00,17.0,63.0,16.6,1015.0
2025-07-10 21:00:00,16.8,64.0,10.8,1013.0
2025-07-10 22:00:00,16.0,68.0,14.8,1015.0
2025-07-10 23:00:00,14.0,77.0,14.8,1015.0
2025-07-11 00:00:00,15.3,74.0,3.6,1013.7
2025-07-11 01:00:00,13.0,77.0,7.6,1015.0
2025-07-11 02:00:00,11.0,88.0,0.0,1015.0
2025-07-11 03:00:00,14.9,76.0,3.6,1013.4
2025-07-11 04:00:00,11.0,88.0,3.6,1015.0
2025-07-11 05:00:00,13.0,77.0,0.0,1015.0
2025-07-11 06:00:00,16.3,69.0,14.4,1014.1
2025-07-11 07:00:00,19.0,56.0,16.6,1015.0
2025-07-11 08:00:00,20.0,49.0,14.8,1015.0
2025-07-11 09:00:00,20.4,51.0,7.2,1013.0
2025-07-11 10:00:00,23.0,36.0,11.2,1015.0
2025-07-11 11:00:00,23.0,33.0,11.2,1014.0
2025-07-11 12:00:00,23.3,41.0,3.6,1011.2
2025-07-11 13:00:00,25.0,30.0,11.2,1014.0
2025-07-11 14:00:00,27.0,26.0,11.2,1013.0
2025-07-11 15:00:00,25.1,36.0,7.2,1010.1
2025-07-11 16:00:00,25.0,28.0,13.0,1013.0
2025-07-11 17:00:00,25.0,28.0,16.6,1014.0
2025-07-11 18:00:00,22.4,42.0,7.2,1011.3
2025-07-11 19:00:00,21.0,43.0,5.4,1015.0
2025-07-11 20:00:00,19.0,49.0,3.6,1016.0
2025-07-11 21:00:00,19.2,50.0,3.6,1013.4
2025-07-11 22:00:00,18.0,52.0,9.4,1016.0
2025-07-11 23:00:00,15.0,59.0,0.0,1016.0
2025-07-12 00:00:00,14.5,70.0,3.6,1015.1
2025-07-12 01:00:00,15.0,63.0,5.4,1017.0
2025-07-12 02:00:00,12.0,76.0,0.0,1017.0
2025-07-12 03:00:00,10.8,85.0,0.0,1016.9
2025-07-12 04:00:00,13.0,72.0,3.6,1018.0
2025-07-12 05:00:00,16.0,59.0,0.0,1018.0
2025-07-12 06:00:00,18.6,58.0,3.6,1015.8
2025-07-12 07:00:00,21.0,46.0,5.4,1018.0
2025-07-12 08:00:00,23.0,47.0,5.4,1018.0
2025-07-12 09:00:00,23.3,46.0,3.6,1014.5
2025-07-12 10:00:00,26.0,32.0,7.6,1017.0
2025-07-12 11:00:00,28.0,26.0,11.2,1017.0
2025-07-12 12:00:00,27.6,34.0,7.2,1012.8
2025-07-12 13:00:00,29.0,25.0,11.2,1016.0
2025-07-12 14:00:00,29.0,23.0,7.6,1016.0
2025-07-12 15:00:00,28.3,30.0,7.2,1012.2
2025-07-12 16:00:00,29.0,25.0,7.6,1016.0
2025-07-12 17:00:00,28.0,26.0,7.6,1016.0
2025-07-12 18:00:00,25.7,39.0,3.6,1013.0
2025-07-12 19:00:00,22.0,41.0,9.4,1017.0
2025-07-12 20:00:00,20.0,49.0,5.4,1018.0
2025-07-12 21:00:00,18.8,54.0,7.2,1016.3
2025-07-12 22:00:00,17.0,59.0,5.4,1019.0
2025-07-12 23:00:00,16.0,63.0,9.4,1019.0
2025-07-13 00:00:00,18.4,59.0,7.2,1017.5
2025-07-13 01:00:00,15.0,63.0,9.4,1019.0
2025-07-13 02:00:00,16.0,63.0,7.6,1020.0
2025-07-13 03:00:00,17.9,61.0,7.2,1018.3
2025-07-13 04:00:00,15.0,67.0,5.4,1020.0
2025-07-13 05:00:00,18.0,60.0,0.0,1021.0
2025-07-13 06:00:00,20.7,56.0,3.6,1018.5
2025-07-13 07:00:00,24.0,41.0,3.6,1021.0
2025-07-13 08:00:00,27.0,34.0,7.6,1021.0
2025-07-13 09:00:00,26.5,40.0,3.6,1016.9
2025-07-13 10:00:00,30.0,24.0,9.4,1020.0
2025-07-13 11:00:00,31.0,22.0,11.2,1019.0
2025-07-13 12:00:00,30.3,27.0,7.2,1015.1
2025-07-13 13:00:00,33.0,15.0,5.4,1019.0
2025-07-13 14:00:00,33.0,16.0,11.2,1018.0
2025-07-13 15:00:00,32.0,22.0,7.2,1013.5
2025-07-13 16:00:00,33.0,17.0,7.6,1017.0
2025-07-13 17:00:00,32.0,18.0,11.2,1017.0
2025-07-13 18:00:00,26.6,35.0,7.2,1014.4
2025-07-13 19:00:00,26.0,32.0,9.4,1018.0
2025-07-13 20:00:00,25.0,34.0,5.4,1018.0
2025-07-13 21:00:00,22.5,46.0,3.6,1015.9
2025-07-13 22:00:00,21.0,43.0,11.2,1019.0
2025-07-13 23:00:00,20.0,49.0,9.4,1019.0
2025-07-14 00:00:00,20.1,54.0,7.2,1016.5
2025-07-14 01:00:00,17.0,59.0,9.4,1019.0
2025-07-14 02:00:00,17.0,59.0,4.0,1019.0
2025-07-14 03:00:00,18.2,63.0,3.6,1017.0
2025-07-14 04:00:00,17.0,63.0,5.4,1019.0
2025-07-14 05:00:00,20.0,52.0,0.0,1019.0
2025-07-14 06:00:00,22.9,50.0,3.6,1016.2
2025-07-14 07:00:00,26.0,39.0,7.6,1019.0
2025-07-14 08:00:00,28.0,32.0,7.6,1018.0
2025-07-14 09:00:00,28.5,37.0,3.6,1014.2
2025-07-14 10:00:00,31.0,26.0,7.6,1017.0
2025-07-14 11:00:00,34.0,22.0,5.4,1017.0
2025-07-14 12:00:00,32.6,26.0,3.6,1011.5
2025-07-14 13:00:00,34.0,19.0,11.2,1015.0
2025-07-14 14:00:00,34.0,19.0,13.0,1015.0
2025-07-14 15:00:00,32.8,28.0,7.2,1009.6
2025-07-14 16:00:00,32.0,24.0,14.8,1014.0
2025-07-14 17:00:00,31.0,24.0,14.8,1014.0
2025-07-14 18:00:00,28.3,43.0,4.0,1010.3
2025-07-14 19:00:00,27.0,37.0,5.4,1014.0
2025-07-14 20:00:00,26.0,39.0,9.4,1015.0
2025-07-14 21:00:00,24.0,44.0,10.8,1011.8
2025-07-14 22:00:00,23.0,50.0,5.4,1015.0
2025-07-14 23:00:00,23.0,47.0,7.6,1016.0
2025-07-15 00:00:00,22.2,54.0,7.2,1012.7
2025-07-15 01:00:00,23.0,41.0,13.0,1015.0
2025-07-15 02:00:00,20.0,52.0,7.6,1015.0
2025-07-15 03:00:00,21.6,47.0,7.2,1012.8
2025-07-15 04:00:00,21.0,49.0,0.0,1015.0
2025-07-15 05:00:00,22.0,50.0,7.6,1015.0
2025-07-15 06:00:00,20.4,65.0,7.2,1013.1
2025-07-15 07:00:00,24.0,47.0,13.0,1016.0
2025-07-15 08:00:00,25.0,41.0,13.0,1016.0
2025-07-15 09:00:00,23.6,55.0,7.2,1013.0
2025-07-15 10:00:00,22.0,69.0,13.0,1016.0
2025-07-15 11:00:00,22.0,73.0,9.4,1016.0
2025-07-15 12:00:00,23.1,70.0,3.6,1013.0
2025-07-15 13:00:00,28.0,37.0,3.6,1014.0
2025-07-15 14:00:00,30.0,29.0,7.6,1013.0
2025-07-15 15:00:00,28.4,41.0,7.2,1008.7
2025-07-15 16:00:00,28.0,40.0,16.6,1013.0
2025-07-15 17:00:00,25.0,54.0,14.8,1013.0
2025-07-15 18:00:00,23.5,62.0,3.6,1010.7
2025-07-15 19:00:00,22.0,64.0,9.4,1014.0
2025-07-15 20:00:00,20.0,73.0,7.6,1014.0
2025-07-15 21:00:00,19.7,76.0,3.6,1012.3
2025-07-15 22:00:00,19.0,78.0,5.4,1014.0
2025-07-15 23:00:00,18.0,78.0,7.6,1014.0
2025-07-16 00:00:00,16.6,88.0,3.6,1013.0
2025-07-16 01:00:00,16.0,88.0,5.4,1014.0
2025-07-16 02:00:00,15.0,88.0,3.6,1014.0
2025-07-16 03:00:00,13.8,92.0,3.6,1013.4
2025-07-16 04:00:00,15.0,88.0,5.4,1014.0
2025-07-16 05:00:00,17.0,82.0,3.6,1014.0
2025-07-16 06:00:00,21.5,66.0,3.6,1011.9
2025-07-16 07:00:00,23.0,57.0,9.4,1014.0
2025-07-16 08:00:00,25.0,50.0,11.2,1014.0
2025-07-16 09:00:00,26.6,48.0,7.2,1010.0
2025-07-16 10:00:00,29.0,37.0,14.8,1013.0
2025-07-16 11:00:00,29.0,33.0,16.6,1012.0
2025-07-16 12:00:00,29.5,35.0,7.2,1008.1
2025-07-16 13:00:00,31.0,26.0,18.4,1011.0
2025-07-16 14:00:00,31.0,29.0,11.2,1011.0
2025-07-16 15:00:00,29.1,36.0,10.8,1006.9
2025-07-16 16:00:00,30.0,31.0,14.8,1011.0
2025-07-16 17:00:00,27.0,42.0,16.6,1011.0
2025-07-16 18:00:00,26.4,49.0,3.6,1007.9
2025-07-16 19:00:00,24.0,54.0,1.8,1012.0
2025-07-16 20:00:00,21.0,60.0,0.0,1013.0
2025-07-16 21:00:00,20.6,70.0,3.6,1010.5
2025-07-16 22:00:00,20.0,64.0,3.6,1013.0
2025-07-16 23:00:00,20.0,64.0,7.6,1013.0
2025-07-17 00:00:00,18.7,77.0,3.6,1010.7
2025-07-17 01:00:00,20.0,64.0,9.4,1012.0
2025-07-17 02:00:00,19.0,68.0,5.4,1012.0
2025-07-17 03:00:00,20.2,69.0,11.2,1009.9
2025-07-17 04:00:00,18.0,78.0,14.8,1012.0
2025-07-17 05:00:00,18.0,83.0,3.6,1012.0
2025-07-17 06:00:00,19.5,77.0,3.6,1010.5
2025-07-17 07:00:00,22.0,64.0,7.6,1012.0
2025-07-17 08:00:00,25.0,54.0,7.6,1012.0
2025-07-17 09:00:00,25.6,54.0,3.6,1008.0
2025-07-17 10:00:00,29.0,40.0,5.4,1010.0
2025-07-17 11:00:00,29.0,40.0,9.4,1009.0
2025-07-17 12:00:00,29.0,45.0,7.2,1004.4
2025-07-17 13:00:00,30.0,38.0,13.0,1008.0
2025-07-17 14:00:00,28.0,48.0,20.5,1008.0
2025-07-17 15:00:00,26.9,52.0,25.2,1006.7
2025-07-17 16:00:00,19.0,78.0,27.7,1013.0
2025-07-17 17:00:00,18.0,83.0,11.2,1014.0
2025-07-17 18:00:00,17.6,87.0,3.6,1011.6
2025-07-17 19:00:00,17.0,82.0,18.4,1014.0
2025-07-17 20:00:00,16.0,82.0,18.4,1015.0
2025-07-17 21:00:00,15.7,88.0,7.2,1013.2
2025-07-17 22:00:00,16.0,77.0,11.2,1015.0
2025-07-17 23:00:00,15.0,82.0,14.8,1015.0
2025-07-18 00:00:00,15.3,72.0,14.4,1013.8
2025-07-18 01:00:00,14.0,82.0,13.0,1015.0
2025-07-18 02:00:00,14.0,82.0,16.6,1016.0
2025-07-18 03:00:00,14.1,73.0,10.8,1014.3
2025-07-18 04:00:00,13.0,88.0,7.6,1015.0
2025-07-18 05:00:00,15.0,77.0,11.2,1016.0
2025-07-18 06:00:00,16.4,65.0,10.8,1014.3
2025-07-18 07:00:00,18.0,64.0,16.6,1016.0
2025-07-18 08:00:00,19.0,60.0,13.0,1015.0
2025-07-18 09:00:00,20.3,55.0,10.8,1012.9
2025-07-18 10:00:00,23.0,44.0,18.4,1015.0
2025-07-18 11:00:00,25.0,34.0,18.4,1014.0
2025-07-18 12:00:00,23.9,40.0,10.8,1011.3
2025-07-18 13:00:00,26.0,36.0,20.5,1013.0
2025-07-18 14:00:00,26.0,34.0,18.4,1013.0
2025-07-18 15:00:00,25.7,40.0,7.2,1010.1
2025-07-18 16:00:00,26.0,32.0,18.4,1013.0
2025-07-18 17:00:00,25.0,34.0,18.4,1013.0
2025-07-18 18:00:00,23.1,41.0,10.8,1011.0
2025-07-18 19:00:00,21.0,43.0,13.0,1014.0
2025-07-18 20:00:00,19.0,49.0,7.6,1015.0
2025-07-18 21:00:00,18.6,57.0,7.2,1013.6
2025-07-18 22:00:00,17.0,55.0,7.6,1016.0
2025-07-18 23:00:00,17.0,55.0,9.4,1015.0
2025-07-19 00:00:00,13.8,78.0,3.6,1014.8
2025-07-19 01:00:00,14.0,72.0,7.6,1015.0
2025-07-19 02:00:00,14.0,72.0,5.4,1016.0
2025-07-19 03:00:00,10.9,88.0,5.4,1015.8
2025-07-19 04:00:00,13.0,82.0,5.4,1016.0
2025-07-19 05:00:00,15.0,72.0,0.0,1016.0
2025-07-19 06:00:00,17.8,62.0,3.6,1014.5
2025-07-19 07:00:00,20.0,52.0,7.6,1016.0
2025-07-19 08:00:00,23.0,38.0,9.4,1016.0
2025-07-19 09:00:00,23.5,39.0,7.2,1012.6
2025-07-19 10:00:00,26.0,30.0,7.6,1015.0
2025-07-19 11:00:00,27.0,28.0,18.4,1014.0
2025-07-19 12:00:00,27.2,33.0,7.2,1010.6
2025-07-19 13:00:00,29.0,25.0,18.4,1013.0
2025-07-19 14:00:00,30.0,24.0,18.4,1013.0
2025-07-19 15:00:00,28.8,30.0,10.8,1009.0
2025-07-19 16:00:00,30.0,24.0,18.4,1012.0
2025-07-19 17:00:00,28.0,26.0,16.6,1013.0
2025-07-19 18:00:00,26.0,35.0,7.2,1010.0
2025-07-19 19:00:00,22.0,46.0,5.4,1014.0
2025-07-19 20:00:00,20.0,52.0,5.4,1014.0
2025-07-19 21:00:00,17.7,65.0,3.6,1012.2
2025-07-19 22:00:00,17.0,59.0,7.6,1014.0
2025-07-19 23:00:00,16.0,68.0,5.4,1014.0
2025-07-20 00:00:00,16.8,61.0,7.2,1012.4
2025-07-20 01:00:00,14.0,77.0,3.6,1014.0
2025-07-20 02:00:00,13.0,82.0,5.4,1014.0
2025-07-20 03:00:00,15.3,68.0,7.2,1012.5
2025-07-20 04:00:00,14.0,77.0,3.6,1014.0
2025-07-20 05:00:00,16.0,72.0,1.8,1013.0
2025-07-20 06:00:00,19.6,61.0,3.6,1011.4
2025-07-20 07:00:00,22.0,46.0,1.8,1013.0
2025-07-20 08:00:00,25.0,39.0,5.4,1013.0
2025-07-20 09:00:00,26.8,40.0,3.6,1009.0
2025-07-20 10:00:00,31.0,29.0,11.2,1012.0
2025-07-20 11:00:00,32.0,26.0,13.0,1011.0
2025-07-20 12:00:00,30.8,34.0,7.2,1006.6
2025-07-20 13:00:00,33.0,24.0,13.0,1010.0
2025-07-20 14:00:00,33.0,23.0,24.1,1010.0
2025-07-20 15:00:00,31.3,32.0,14.4,1005.9
2025-07-20 16:00:00,31.0,31.0,9.4,1010.0
2025-07-20 17:00:00,30.0,33.0,11.2,1011.0
2025-07-20 18:00:00,25.1,54.0,3.6,1007.5
2025-07-20 19:00:00,24.0,50.0,9.4,1011.0
2025-07-20 20:00:00,22.0,57.0,5.4,1012.0
2025-07-20 21:00:00,21.2,65.0,3.6,1009.9
2025-07-20 22:00:00,20.0,64.0,5.4,1012.0
2025-07-20 23:00:00,18.0,68.0,7.6,1012.0
2025-07-21 00:00:00,19.4,68.0,7.2,1010.4
2025-07-21 01:00:00,17.0,77.0,7.6,1012.0
2025-07-21 02:00:00,16.0,77.0,3.6,1012.0
2025-07-21 03:00:00,15.3,84.0,7.6,1011.4
2025-07-21 04:00:00,16.0,82.0,9.4,1013.0
2025-07-21 05:00:00,18.0,73.0,7.6,1013.0
2025-07-21 06:00:00,22.3,59.0,3.6,1010.1
2025-07-21 07:00:00,25.0,47.0,3.6,1013.0
2025-07-21 08:00:00,28.0,40.0,5.4,1013.0
2025-07-21 09:00:00,28.9,42.0,3.6,1008.2
2025-07-21 10:00:00,32.0,28.0,11.2,1012.0
2025-07-21 11:00:00,35.0,23.0,11.2,1011.0
2025-07-21 12:00:00,33.6,28.0,7.2,1005.6
2025-07-21 13:00:00,35.0,23.0,7.6,1010.0
2025-07-21 14:00:00,36.0,21.0,16.6,1009.0
2025-07-21 15:00:00,34.7,28.0,3.6,1003.9
2025-07-21 16:00:00,36.0,19.0,9.4,1009.0
2025-07-21 17:00:00,35.0,20.0,9.4,1009.0
2025-07-21 18:00:00,30.3,37.0,3.6,1005.0
2025-07-21 19:00:00,28.0,32.0,5.4,1010.0
2025-07-21 20:00:00,26.0,39.0,9.4,1010.0
2025-07-21 21:00:00,25.2,47.0,3.6,1006.7
2025-07-21 22:00:00,22.0,50.0,5.4,1011.0
2025-07-21 23:00:00,20.0,56.0,0.0,1011.0
2025-07-22 00:00:00,19.8,65.0,1.8,1008.9
2025-07-22 01:00:00,19.0,64.0,9.4,1011.0
2025-07-22 02:00:00,18.0,68.0,5.4,1011.0
2025-07-22 03:00:00,19.7,63.0,7.2,1009.2
2025-07-22 04:00:00,17.0,72.0,5.4,1012.0
2025-07-22 05:00:00,20.0,60.0,0.0,1013.0
2025-07-22 06:00:00,24.0,53.0,3.6,1009.9
2025-07-22 07:00:00,28.0,35.0,3.6,1013.0
2025-07-22 08:00:00,30.0,33.0,7.6,1012.0
2025-07-22 09:00:00,30.9,37.0,3.6,1007.7
2025-07-22 10:00:00,34.0,22.0,11.2,1011.0
2025-07-22 11:00:00,36.0,19.0,11.2,1011.0
2025-07-22 12:00:00,35.7,21.0,14.4,1005.0
2025-07-22 13:00:00,37.0,16.0,14.8,1009.0
2025-07-22 14:00:00,37.0,17.0,16.6,1009.0
2025-07-22 15:00:00,36.2,22.0,7.2,1003.5
2025-07-22 16:00:00,37.0,17.0,16.6,1009.0
2025-07-22 17:00:00,35.0,19.0,7.6,1009.0
2025-07-22 18:00:00,31.4,34.0,3.6,1004.9
2025-07-22 19:00:00,29.0,33.0,7.6,1010.0
2025-07-22 20:00:00,31.0,33.0,3.6,1011.0
2025-07-22 21:00:00,23.9,55.0,3.6,1007.9
2025-07-22 22:00:00,25.0,44.0,1.8,1012.0
2025-07-22 23:00:00,26.0,51.0,11.2,1012.0
2025-07-23 00:00:00,25.0,57.0,3.6,1008.7
2025-07-23 01:00:00,24.0,57.0,14.8,1012.0
2025-07-23 02:00:00,23.0,57.0,18.4,1012.0
2025-07-23 03:00:00,23.5,58.0,10.8,1009.7
2025-07-23 04:00:00,22.0,60.0,13.0,1013.0
2025-07-23 05:00:00,24.0,50.0,11.2,1013.0
2025-07-23 06:00:00,24.9,54.0,7.2,1009.8
2025-07-23 07:00:00,28.0,40.0,7.6,1013.0
2025-07-23 08:00:00,30.0,35.0,7.6,1013.0
2025-07-23 09:00:00,30.3,38.0,7.2,1008.1
2025-07-23 10:00:00,34.0,30.0,9.4,1012.0
2025-07-23 11:00:00,35.0,27.0,7.6,1011.0
2025-07-23 12:00:00,34.0,33.0,7.2,1005.7
2025-07-23 13:00:00,35.0,28.0,16.6,1010.0
2025-07-23 14:00:00,34.0,32.0,18.4,1010.0
2025-07-23 15:00:00,29.3,60.0,7.2,1005.7
2025-07-23 16:00:00,28.0,62.0,7.6,1010.0
2025-07-23 17:00:00,30.0,46.0,9.4,1010.0
2025-07-23 18:00:00,24.1,83.0,3.6,1007.6
2025-07-23 19:00:00,23.0,88.0,5.4,1011.0
2025-07-23 20:00:00,23.0,88.0,3.6,1012.0
2025-07-23 21:00:00,22.4,81.0,7.2,1009.5
2025-07-23 22:00:00,22.0,83.0,7.6,1012.0
2025-07-23 23:00:00,21.0,88.0,9.4,1012.0
2025-07-24 00:00:00,21.5,79.0,7.2,1009.4
2025-07-24 01:00:00,20.0,88.0,0.0,1012.0
2025-07-24 02:00:00,19.0,94.0,7.6,1013.0
2025-07-24 03:00:00,20.4,79.0,7.2,1010.6
2025-07-24 04:00:00,20.0,83.0,11.2,1013.0
2025-07-24 05:00:00,21.0,78.0,7.6,1013.0
2025-07-24 06:00:00,23.9,69.0,7.2,1010.4
2025-07-24 07:00:00,27.0,48.0,24.1,1014.0
2025-07-24 08:00:00,29.0,40.0,29.5,1014.0
2025-07-24 09:00:00,29.0,43.0,10.8,1009.2
2025-07-24 10:00:00,32.0,34.0,24.1,1013.0
2025-07-24 11:00:00,32.0,36.0,16.6,1013.0
2025-07-24 12:00:00,32.8,38.0,7.2,1007.5
2025-07-24 13:00:00,35.0,28.0,16.6,1011.0
2025-07-24 14:00:00,35.0,28.0,11.2,1011.0
2025-07-24 15:00:00,33.1,36.0,10.8,1006.7
2025-07-24 16:00:00,32.0,34.0,14.8,1012.0
2025-07-24 17:00:00,31.0,43.0,18.4,1012.0
2025-07-24 18:00:00,28.8,52.0,7.2,1008.3
2025-07-24 19:00:00,26.0,58.0,13.0,1013.0
2025-07-24 20:00:00,26.0,58.0,13.0,1014.0
2025-07-24 21:00:00,24.0,64.0,7.2,1010.6
2025-07-24 22:00:00,22.0,73.0,11.2,1014.0
2025-07-24 23:00:00,22.0,69.0,9.4,1014.0
2025-07-25 00:00:00,22.0,69.0,7.2,1011.8
2025-07-25 01:00:00,21.0,69.0,5.4,1015.0
2025-07-25 02:00:00,20.0,73.0,1.8,1015.0
2025-07-25 03:00:00,19.3,80.0,3.6,1012.7
2025-07-25 04:00:00,20.0,73.0,5.4,1015.0
2025-07-25 05:00:00,22.0,64.0,7.6,1015.0
2025-07-25 06:00:00,24.5,63.0,3.6,1012.2
2025-07-25 07:00:00,27.0,45.0,5.4,1016.0
2025-07-25 08:00:00,29.0,40.0,5.4,1016.0
2025-07-25 09:00:00,30.3,45.0,3.6,1011.1
2025-07-25 10:00:00,34.0,32.0,11.2,1015.0
2025-07-25 11:00:00,35.0,28.0,9.4,1015.0
2025-07-25 12:00:00,35.1,29.0,7.2,1009.0
2025-07-25 13:00:00,37.0,22.0,13.0,1014.0
2025-07-25 14:00:00,38.0,20.0,9.4,1014.0
2025-07-25 15:00:00,36.1,27.0,7.2,1008.3
2025-07-25 16:00:00,37.0,20.0,16.6,1014.0
2025-07-25 17:00:00,34.0,32.0,14.8,1014.0
2025-07-25 18:00:00,32.6,41.0,3.6,1009.5
2025-07-25 19:00:00,30.0,43.0,13.0,1015.0
2025-07-25 20:00:00,27.0,45.0,9.4,1015.0
2025-07-25 21:00:00,26.1,53.0,7.2,1012.1
2025-07-25 22:00:00,25.0,54.0,3.6,1016.0
2025-07-25 23:00:00,23.0,61.0,11.2,1016.0
2025-07-26 00:00:00,25.2,52.0,7.2,1012.5
2025-07-26 01:00:00,23.0,53.0,7.6,1016.0
2025-07-26 02:00:00,23.0,53.0,9.4,1016.0
2025-07-26 03:00:00,23.7,54.0,3.6,1013.1
2025-07-26 04:00:00,22.0,57.0,11.2,1016.0
2025-07-26 05:00:00,23.0,53.0,11.2,1016.0
2025-07-26 06:00:00,25.2,52.0,3.6,1012.7
2025-07-26 07:00:00,29.0,35.0,13.0,1016.0
2025-07-26 08:00:00,31.0,33.0,9.4,1016.0
2025-07-26 09:00:00,31.4,38.0,3.6,1010.9
2025-07-26 10:00:00,35.0,27.0,9.4,1015.0
2025-07-26 11:00:00,37.0,22.0,11.2,1014.0
2025-07-26 12:00:00,37.3,24.0,10.8,1007.6
2025-07-26 13:00:00,38.0,20.0,20.5,1012.0
2025-07-26 14:00:00,39.0,18.0,22.3,1011.0
2025-07-26 15:00:00,37.3,22.0,10.8,1005.5
2025-07-26 16:00:00,37.0,21.0,31.7,1011.0
2025-07-26 17:00:00,35.0,23.0,25.9,1011.0
2025-07-26 18:00:00,32.4,30.0,7.2,1006.3
2025-07-26 19:00:00,30.0,33.0,22.3,1012.0
2025-07-26 20:00:00,31.0,31.0,24.1,1012.0
2025-07-26 21:00:00,26.2,47.0,3.6,1008.2
2025-07-26 22:00:00,28.0,35.0,24.1,1011.0
2025-07-26 23:00:00,28.0,35.0,29.5,1011.0
2025-07-27 00:00:00,26.4,43.0,7.2,1007.6
2025-07-27 01:00:00,23.0,50.0,9.4,1010.0
2025-07-27 02:00:00,24.0,44.0,13.0,1010.0
2025-07-27 03:00:00,22.8,55.0,3.6,1007.3
2025-07-27 04:00:00,21.0,53.0,14.8,1009.0
2025-07-27 05:00:00,24.0,47.0,14.8,1009.0
2025-07-27 06:00:00,26.0,45.0,10.8,1005.6
2025-07-27 07:00:00,28.0,35.0,27.7,1008.0
2025-07-27 08:00:00,29.0,33.0,27.7,1008.0
2025-07-27 09:00:00,30.4,34.0,10.8,1002.7
2025-07-27 10:00:00,32.0,28.0,27.7,1006.0
2025-07-27 11:00:00,34.0,23.0,22.3,1005.0
2025-07-27 12:00:00,34.2,24.0,14.4,999.5
2025-07-27 13:00:00,35.0,22.0,33.5,1003.0
2025-07-27 14:00:00,35.0,20.0,35.3,1002.0
2025-07-27 15:00:00,34.5,25.0,14.4,997.1
2025-07-27 16:00:00,33.0,23.0,29.5,1002.0
2025-07-27 17:00:00,27.0,58.0,29.5,1003.0
2025-07-27 18:00:00,26.6,57.0,7.2,1000.0
2025-07-27 19:00:00,25.0,65.0,18.4,1005.0
2025-07-27 20:00:00,24.0,65.0,16.6,1005.0
2025-07-27 21:00:00,24.6,62.0,7.2,1002.1
2025-07-27 22:00:00,23.0,69.0,14.8,1006.0
2025-07-27 23:00:00,22.0,78.0,13.0,1006.0
2025-07-28 00:00:00,21.6,78.0,10.8,1003.7
2025-07-28 01:00:00,21.0,78.0,14.8,1007.0
2025-07-28 02:00:00,20.0,78.0,16.6,1007.0
2025-07-28 03:00:00,19.8,76.0,10.8,1004.3
2025-07-28 04:00:00,20.0,73.0,18.4,1007.0
2025-07-28 05:00:00,20.0,78.0,24.1,1007.0
2025-07-28 06:00:00,20.6,71.0,14.4,1004.7
2025-07-28 07:00:00,23.0,61.0,24.1,1006.0
2025-07-28 08:00:00,25.0,54.0,18.4,1006.0
2025-07-28 09:00:00,24.6,53.0,7.2,1002.9
2025-07-28 10:00:00,28.0,42.0,22.3,1005.0
2025-07-28 11:00:00,28.0,42.0,16.6,1005.0
2025-07-28 12:00:00,28.2,45.0,10.8,1000.9
2025-07-28 13:00:00,29.0,40.0,18.4,1004.0
2025-07-28 14:00:00,29.0,40.0,18.4,1003.0
2025-07-28 15:00:00,27.7,44.0,10.8,1000.1
2025-07-28 16:00:00,27.0,42.0,25.9,1004.0
2025-07-28 17:00:00,26.0,45.0,18.4,1004.0
2025-07-28 18:00:00,24.7,51.0,10.8,1001.2
2025-07-28 19:00:00,24.0,54.0,7.6,1005.0
2025-07-28 20:00:00,23.0,57.0,5.4,1005.0
2025-07-28 21:00:00,22.2,58.0,7.2,1002.3
2025-07-28 22:00:00,21.0,60.0,14.8,1005.0
2025-07-28 23:00:00,19.0,64.0,14.8,1005.0
2025-07-29 00:00:00,20.3,64.0,10.8,1002.9
2025-07-29 01:00:00,20.0,64.0,9.4,1005.0
2025-07-29 02:00:00,20.0,64.0,9.0,1005.0
2025-07-29 03:00:00,19.3,67.0,7.0,1003.2
2025-07-29 04:00:00,17.0,77.0,7.0,1005.0
2025-07-29 05:00:00,18.0,73.0,3.6,1006.0
2025-07-29 06:00:00,20.3,64.0,7.2,1003.3
2025-07-29 07:00:00,21.0,60.0,7.6,1006.0
2025-07-29 08:00:00,22.0,57.0,14.8,1006.0
2025-07-29 09:00:00,23.9,53.0,10.8,1002.7
2025-07-29 10:00:00,27.0,42.0,20.5,1006.0
2025-07-29 11:00:00,26.0,45.0,31.7,1006.0
2025-07-29 12:00:00,25.2,50.0,10.8,1002.9
2025-07-29 13:00:00,28.0,37.0,24.1,1006.0
2025-07-29 14:00:00,28.0,35.0,24.1,1006.0
2025-07-29 15:00:00,26.5,43.0,14.4,1002.5
2025-07-29 16:00:00,26.0,42.0,24.1,1007.0
2025-07-29 17:00:00,25.0,44.0,25.9,1008.0
2025-07-29 18:00:00,22.3,58.0,10.8,1006.4
2025-07-29 19:00:00,21.0,60.0,20.5,1010.0
2025-07-29 20:00:00,20.0,68.0,24.1,1011.0
2025-07-29 21:00:00,19.7,70.0,10.8,1008.7
2025-07-29 22:00:00,19.0,73.0,20.5,1011.0
2025-07-29 23:00:00,19.0,73.0,24.1,1011.0
2025-07-30 00:00:00,18.5,75.0,14.4,1009.5
2025-07-30 01:00:00,18.0,78.0,14.8,1012.0
2025-07-30 02:00:00,17.0,82.0,16.6,1012.0
2025-07-30 03:00:00,17.4,78.0,10.8,1010.6
2025-07-30 04:00:00,18.0,73.0,22.3,1013.0
2025-07-30 05:00:00,18.0,68.0,20.5,1014.0
2025-07-30 06:00:00,18.1,70.0,10.8,1012.0
2025-07-30 07:00:00,21.0,56.0,20.5,1014.0
2025-07-30 08:00:00,22.0,53.0,22.3,1014.0
2025-07-30 09:00:00,22.6,54.0,10.8,1010.9
2025-07-30 10:00:00,24.0,47.0,13.0,1014.0
2025-07-30 11:00:00,26.0,42.0,13.0,1013.0
2025-07-30 12:00:00,25.8,45.0,10.8,1009.9
2025-07-30 13:00:00,28.0,37.0,14.8,1012.0
2025-07-30 14:00:00,29.0,35.0,18.4,1012.0
2025-07-30 15:00:00,27.5,40.0,10.8,1008.5
2025-07-30 16:00:00,28.0,37.0,18.4,1012.0
2025-07-30 17:00:00,26.0,42.0,20.5,1013.0
2025-07-30 18:00:00,23.9,50.0,10.8,1010.2
2025-07-30 19:00:00,22.0,53.0,18.4,1014.0
2025-07-30 20:00:00,21.0,56.0,18.4,1015.0
2025-07-30 21:00:00,20.8,59.0,10.8,1012.3
2025-07-30 22:00:00,19.0,64.0,14.8,1015.0
2025-07-30 23:00:00,19.0,64.0,18.4,1015.0
2025-07-31 00:00:00,18.7,70.0,7.2,1012.9
2025-07-31 01:00:00,18.0,68.0,13.0,1015.0
2025-07-31 02:00:00,18.0,68.0,9.4,1015.0
2025-07-31 03:00:00,17.8,72.0,7.2,1013.0
2025-07-31 04:00:00,18.0,68.0,5.4,1015.0
2025-07-31 05:00:00,18.0,73.0,3.6,1015.0
2025-07-31 06:00:00,17.5,79.0,7.2,1013.6
2025-07-31 07:00:00,17.0,88.0,5.4,1016.0
2025-07-31 08:00:00,17.0,88.0,7.6,1016.0
2025-07-31 09:00:00,17.4,86.0,3.6,1014.1
2025-07-31 10:00:00,19.0,73.0,5.4,1016.0
2025-07-31 11:00:00,20.0,73.0,3.6,1016.0
2025-07-31 12:00:00,20.3,71.0,3.6,1013.2
2025-07-31 13:00:00,21.0,69.0,3.6,1015.0
2025-07-31 14:00:00,21.0,69.0,7.6,1015.0
2025-07-31 15:00:00,20.1,77.0,3.6,1012.9
2025-07-31 16:00:00,21.0,73.0,9.4,1015.0
2025-07-31 17:00:00,20.0,78.0,7.6,1015.0
2025-07-31 18:00:00,19.1,86.0,3.6,1012.8
2025-07-31 19:00:00,19.0,83.0,3.6,1015.0
2025-07-31 20:00:00,17.0,88.0,3.6,1015.0
2025-07-31 21:00:00,17.2,89.0,3.6,1013.5
2025-07-31 22:00:00,18.0,83.0,7.6,1016.0
2025-07-31 23:00:00,17.0,88.0,1.8,1016.0
2025-08-01 00:00:00,15.7,93.0,1.8,1014.0
2025-08-01 01:00:00,17.0,82.0,5.4,1016.0
2025-08-01 02:00:00,16.0,88.0,1.8,1015.0
2025-08-01 03:00:00,14.9,96.0,3.6,1014.4
2025-08-01 04:00:00,16.0,88.0,3.6,1016.0
2025-08-01 05:00:00,17.0,82.0,1.8,1016.0
2025-08-01 06:00:00,19.5,75.0,3.6,1013.7
2025-08-01 07:00:00,21.0,64.0,9.4,1016.0
2025-08-01 08:00:00,24.0,50.0,7.6,1016.0
2025-08-01 09:00:00,23.9,50.0,3.6,1012.4
2025-08-01 10:00:00,26.0,36.0,11.2,1015.0
2025-08-01 11:00:00,27.0,34.0,13.0,1014.0
2025-08-01 12:00:00,25.7,43.0,7.2,1010.9
2025-08-01 13:00:00,27.0,34.0,11.2,1014.0
2025-08-01 14:00:00,28.0,32.0,7.6,1013.0
2025-08-01 15:00:00,27.8,37.0,7.2,1009.3
2025-08-01 16:00:00,27.0,34.0,20.5,1013.0
2025-08-01 17:00:00,27.0,37.0,20.5,1013.0
2025-08-01 18:00:00,24.0,55.0,3.6,1010.2
2025-08-01 19:00:00,21.0,60.0,9.4,1014.0
2025-08-01 20:00:00,21.0,60.0,11.2,1014.0
2025-08-01 21:00:00,19.4,71.0,7.2,1012.3
2025-08-01 22:00:00,19.0,68.0,13.0,1014.0
2025-08-01 23:00:00,18.0,73.0,7.6,1014.0
2025-08-02 00:00:00,18.3,72.0,7.2,1012.6
2025-08-02 01:00:00,16.0,77.0,7.6,1014.0
2025-08-02 02:00:00,15.0,88.0,7.6,1014.0
2025-08-02 03:00:00,16.6,83.0,7.2,1013.1
2025-08-02 04:00:00,15.0,88.0,0.0,1015.0
2025-08-02 05:00:00,18.0,73.0,0.0,1015.0
2025-08-02 06:00:00,20.2,70.0,3.6,1012.5
2025-08-02 07:00:00,23.0,57.0,9.4,1015.0
2025-08-02 08:00:00,26.0,51.0,9.4,1014.0
2025-08-02 09:00:00,26.3,46.0,7.2,1010.6
2025-08-02 10:00:00,29.0,33.0,13.0,1013.0
2025-08-02 11:00:00,29.0,35.0,14.8,1013.0
2025-08-02 12:00:00,28.3,39.0,7.2,1008.9
2025-08-02 13:00:00,26.0,48.0,31.7,1013.0
2025-08-02 14:00:00,27.0,37.0,24.1,1013.0
2025-08-02 15:00:00,27.4,40.0,10.8,1009.2
2025-08-02 16:00:00,28.0,35.0,20.5,1013.0
2025-08-02 17:00:00,27.0,39.0,16.6,1013.0
2025-08-02 18:00:00,24.8,52.0,3.6,1009.8
2025-08-02 19:00:00,21.0,56.0,13.0,1014.0
2025-08-02 20:00:00,19.0,64.0,13.0,1014.0
2025-08-02 21:00:00,19.9,64.0,7.2,1011.9
2025-08-02 22:00:00,18.0,64.0,13.0,1015.0
2025-08-02 23:00:00,18.0,64.0,18.4,1015.0
2025-08-03 00:00:00,20.2,61.0,3.6,1012.4
2025-08-03 01:00:00,16.0,72.0,13.0,1015.0
2025-08-03 02:00:00,16.0,72.0,13.0,1015.0
2025-08-03 03:00:00,18.7,69.0,3.6,1012.7
2025-08-03 04:00:00,16.0,72.0,11.2,1015.0
2025-08-03 05:00:00,17.0,68.0,13.0,1015.0
2025-08-03 06:00:00,20.1,64.0,7.2,1012.9
2025-08-03 07:00:00,24.0,47.0,9.4,1015.0
2025-08-03 08:00:00,26.0,42.0,5.4,1015.0
2025-08-03 09:00:00,26.7,45.0,3.6,1010.8
2025-08-03 10:00:00,30.0,31.0,5.4,1014.0
2025-08-03 11:00:00,30.0,31.0,18.4,1014.0
2025-08-03 12:00:00,30.2,34.0,7.2,1009.1
2025-08-03 13:00:00,31.0,26.0,7.6,1013.0
2025-08-03 14:00:00,28.0,35.0,20.5,1013.0
2025-08-03 15:00:00,27.6,46.0,10.8,1009.1
2025-08-03 16:00:00,30.0,33.0,11.2,1013.0
2025-08-03 17:00:00,28.0,37.0,13.0,1013.0
2025-08-03 18:00:00,24.7,52.0,3.6,1010.0
2025-08-03 19:00:00,24.0,54.0,7.6,1014.0
2025-08-03 20:00:00,25.0,39.0,13.0,1014.0
2025-08-03 21:00:00,21.0,63.0,3.6,1011.5
2025-08-03 22:00:00,21.0,49.0,11.2,1015.0
2025-08-03 23:00:00,19.0,56.0,13.0,1015.0
2025-08-04 00:00:00,19.3,61.0,7.2,1012.8
2025-08-04 01:00:00,18.0,56.0,14.8,1015.0
2025-08-04 02:00:00,19.0,52.0,11.2,1015.0
2025-08-04 03:00:00,19.7,55.0,7.2,1013.4
2025-08-04 04:00:00,19.0,60.0,5.4,1016.0
2025-08-04 05:00:00,20.0,64.0,14.8,1017.0
2025-08-04 06:00:00,20.0,64.0,7.2,1014.9
2025-08-04 07:00:00,19.0,78.0,9.4,1018.0
2025-08-04 08:00:00,19.0,78.0,11.2,1018.0
2025-08-04 09:00:00,18.6,86.0,3.6,1015.6
2025-08-04 10:00:00,21.0,69.0,5.4,1017.0
2025-08-04 11:00:00,22.0,69.0,5.4,1017.0
2025-08-04 12:00:00,23.7,57.0,3.6,1013.7
2025-08-04 13:00:00,24.0,57.0,7.6,1016.0
2025-08-04 14:00:00,23.0,69.0,16.6,1016.0
2025-08-04 15:00:00,22.7,68.0,7.2,1013.0
2025-08-04 16:00:00,22.0,69.0,7.6,1015.0
2025-08-04 17:00:00,21.0,78.0,13.0,1016.0
2025-08-04 18:00:00,18.8,89.0,14.4,1014.7
2025-08-04 19:00:00,18.0,83.0,22.3,1018.0
2025-08-04 20:00:00,17.0,82.0,20.5,1019.0
2025-08-04 21:00:00,16.9,83.0,18.0,1017.0
2025-08-04 22:00:00,16.0,94.0,11.2,1020.0
2025-08-04 23:00:00,16.0,94.0,7.6,1020.0
2025-08-05 00:00:00,15.5,96.0,3.6,1018.1
2025-08-05 01:00:00,16.0,94.0,11.2,1019.0
2025-08-05 02:00:00,16.0,94.0,0.0,1019.0
2025-08-05 03:00:00,15.6,96.0,3.6,1017.9
2025-08-05 04:00:00,16.0,94.0,11.2,1020.0
2025-08-05 05:00:00,16.0,94.0,5.4,1020.0
2025-08-05 06:00:00,16.1,94.0,9.4,1018.1
2025-08-05 07:00:00,18.0,83.0,11.2,1020.0
2025-08-05 08:00:00,20.0,73.0,9.4,1020.0
2025-08-05 09:00:00,19.6,76.0,3.6,1017.3
2025-08-05 10:00:00,25.0,54.0,7.6,1019.0
2025-08-05 11:00:00,26.0,48.0,9.4,1019.0
2025-08-05 12:00:00,25.7,50.0,7.2,1015.2
2025-08-05 13:00:00,26.0,51.0,18.4,1018.0
2025-08-05 14:00:00,24.0,54.0,17.0,1018.0
2025-08-05 15:00:00,25.5,53.0,10.8,1014.4
2025-08-05 16:00:00,26.0,51.0,9.4,1017.0
2025-08-05 17:00:00,25.0,50.0,7.6,1018.0
2025-08-05 18:00:00,22.3,66.0,5.4,1015.3
2025-08-05 19:00:00,22.0,64.0,0.0,1018.0
2025-08-05 20:00:00,21.0,69.0,5.4,1018.0
2025-08-05 21:00:00,18.2,85.0,3.6,1016.5
2025-08-05 22:00:00,18.0,83.0,7.6,1018.0
2025-08-05 23:00:00,18.0,83.0,3.6,1018.0
2025-08-06 00:00:00,15.9,91.0,0.0,1017.2
2025-08-06 01:00:00,17.0,88.0,9.4,1018.0
2025-08-06 02:00:00,16.0,94.0,3.6,1018.0
2025-08-06 03:00:00,15.1,94.0,3.6,1017.3
2025-08-06 04:00:00,15.0,94.0,1.8,1018.0
2025-08-06 05:00:00,18.0,83.0,1.8,1018.0
2025-08-06 06:00:00,20.5,69.0,7.2,1015.7
2025-08-06 07:00:00,23.0,61.0,9.4,1018.0
2025-08-06 08:00:00,25.0,50.0,5.4,1019.0
2025-08-06 09:00:00,25.3,54.0,7.2,1014.9
2025-08-06 10:00:00,28.0,42.0,14.8,1018.0
2025-08-06 11:00:00,29.0,35.0,14.8,1018.0
2025-08-06 12:00:00,28.0,40.0,7.2,1014.2
2025-08-06 13:00:00,29.0,35.0,16.6,1017.0
2025-08-06 14:00:00,30.0,29.0,18.4,1017.0
2025-08-06 15:00:00,28.6,35.0,7.2,1013.0
2025-08-06 16:00:00,29.0,33.0,13.0,1017.0
2025-08-06 17:00:00,28.0,32.0,14.8,1017.0
2025-08-06 18:00:00,26.5,44.0,7.2,1013.3
2025-08-06 19:00:00,25.0,50.0,14.8,1019.0
2025-08-06 20:00:00,23.0,57.0,11.2,1020.0
2025-08-06 21:00:00,22.6,63.0,7.2,1016.6
2025-08-06 22:00:00,21.0,69.0,14.8,1020.0
2025-08-06 23:00:00,20.0,68.0,14.8,1020.0
2025-08-07 00:00:00,20.1,71.0,7.2,1017.6
2025-08-07 01:00:00,20.0,68.0,7.6,1020.0
2025-08-07 02:00:00,19.0,73.0,13.0,1020.0
2025-08-07 03:00:00,19.0,73.0,10.8,1018.3
2025-08-07 04:00:00,18.0,78.0,13.0,1021.0
2025-08-07 05:00:00,19.0,73.0,11.2,1021.0
2025-08-07 06:00:00,20.6,67.0,7.2,1019.1
2025-08-07 07:00:00,23.0,57.0,14.8,1021.0
2025-08-07 08:00:00,24.0,50.0,13.0,1021.0
2025-08-07 09:00:00,25.0,52.0,7.2,1017.8
2025-08-07 10:00:00,27.0,45.0,11.2,1020.0
2025-08-07 11:00:00,29.0,37.0,11.2,1020.0
2025-08-07 12:00:00,27.8,43.0,7.2,1015.4
2025-08-07 13:00:00,29.0,35.0,17.0,1019.0
2025-08-07 14:00:00,29.0,37.0,18.4,1019.0
2025-08-07 15:00:00,28.0,43.0,10.8,1015.6
2025-08-07 16:00:00,27.0,45.0,20.5,1020.0
2025-08-07 17:00:00,27.0,42.0,14.8,1020.0
2025-08-07 18:00:00,24.8,54.0,7.2,1017.0
2025-08-07 19:00:00,24.0,57.0,9.4,1021.0
2025-08-07 20:00:00,22.0,69.0,13.0,1021.0
2025-08-07 21:00:00,20.8,82.0,7.2,1018.8
2025-08-07 22:00:00,20.0,78.0,7.6,1021.0
2025-08-07 23:00:00,19.0,83.0,5.4,1022.0
2025-08-08 00:00:00,19.2,71.0,7.2,1019.6
2025-08-08 01:00:00,18.0,83.0,9.4,1022.0
2025-08-08 02:00:00,17.0,88.0,9.4,1021.0
2025-08-08 03:00:00,17.0,89.0,3.6,1020.0
2025-08-08 04:00:00,16.0,94.0,0.0,1022.0
2025-08-08 05:00:00,18.0,83.0,0.0,1023.0
2025-08-08 06:00:00,20.8,74.0,3.6,1020.2
2025-08-08 07:00:00,23.0,65.0,0.0,1023.0
2025-08-08 08:00:00,26.0,54.0,5.4,1023.0
2025-08-08 09:00:00,26.4,51.0,7.2,1019.1
2025-08-08 10:00:00,29.0,40.0,14.8,1023.0
2025-08-08 11:00:00,30.0,33.0,9.4,1022.0
2025-08-08 12:00:00,29.7,38.0,10.8,1017.7
2025-08-08 13:00:00,31.0,31.0,11.2,1021.0
2025-08-08 14:00:00,31.0,29.0,13.0,1021.0
2025-08-08 15:00:00,30.1,34.0,10.8,1017.2
2025-08-08 16:00:00,30.0,31.0,14.8,1021.0
2025-08-08 17:00:00,28.0,35.0,13.0,1021.0
2025-08-08 18:00:00,26.0,47.0,3.6,1018.4
2025-08-08 19:00:00,25.0,44.0,9.4,1022.0
2025-08-08 20:00:00,22.0,57.0,9.4,1023.0
2025-08-08 21:00:00,21.2,59.0,7.2,1020.5
2025-08-08 22:00:00,19.0,73.0,1.8,1023.0
2025-08-08 23:00:00,18.0,73.0,1.8,1023.0
2025-08-09 00:00:00,19.5,64.0,7.2,1021.1
2025-08-09 01:00:00,16.0,82.0,5.4,1023.0
2025-08-09 02:00:00,15.0,82.0,0.0,1023.0
2025-08-09 03:00:00,17.9,72.0,7.2,1022.0
2025-08-09 04:00:00,15.0,82.0,0.0,1024.0
2025-08-09 05:00:00,17.0,77.0,7.6,1024.0
2025-08-09 06:00:00,21.1,63.0,7.2,1021.6
2025-08-09 07:00:00,24.0,54.0,3.6,1024.0
2025-08-09 08:00:00,25.0,50.0,5.4,1024.0
2025-08-09 09:00:00,27.4,42.0,7.2,1019.8
2025-08-09 10:00:00,30.0,31.0,11.2,1023.0
2025-08-09 11:00:00,31.0,29.0,11.2,1023.0
2025-08-09 12:00:00,31.4,31.0,7.2,1017.9
2025-08-09 13:00:00,33.0,23.0,16.6,1021.0
2025-08-09 14:00:00,33.0,23.0,9.4,1021.0
2025-08-09 15:00:00,32.7,27.0,10.8,1016.3
2025-08-09 16:00:00,33.0,24.0,14.8,1021.0
2025-08-09 17:00:00,31.0,27.0,14.8,1021.0
2025-08-09 18:00:00,28.3,38.0,3.6,1017.5
2025-08-09 19:00:00,27.0,34.0,9.4,1022.0
2025-08-09 20:00:00,23.0,44.0,5.4,1023.0
2025-08-09 21:00:00,22.7,51.0,3.6,1020.2
2025-08-09 22:00:00,19.0,64.0,11.2,1024.0
2025-08-09 23:00:00,19.0,60.0,7.6,1024.0
2025-08-10 00:00:00,21.9,52.0,3.6,1020.7
2025-08-10 01:00:00,20.0,52.0,9.4,1023.0
2025-08-10 02:00:00,17.0,63.0,9.4,1023.0
2025-08-10 03:00:00,19.1,56.0,7.2,1021.5
2025-08-10 04:00:00,18.0,56.0,9.4,1024.0
2025-08-10 05:00:00,19.0,52.0,11.2,1024.0
2025-08-10 06:00:00,22.8,46.0,7.2,1020.8
2025-08-10 07:00:00,26.0,28.0,18.4,1024.0
2025-08-10 08:00:00,28.0,26.0,13.0,1023.0
2025-08-10 09:00:00,29.7,29.0,14.4,1018.9
2025-08-10 10:00:00,32.0,24.0,24.1,1023.0
2025-08-10 11:00:00,32.0,24.0,22.3,1022.0
2025-08-10 12:00:00,32.6,29.0,10.8,1017.0
2025-08-10 13:00:00,34.0,23.0,18.4,1021.0
2025-08-10 14:00:00,34.0,23.0,14.8,1020.0
2025-08-10 15:00:00,33.5,28.0,3.6,1015.1
2025-08-10 16:00:00,33.0,24.0,14.8,1019.0
2025-08-10 17:00:00,32.0,26.0,16.6,1019.0
2025-08-10 18:00:00,28.9,38.0,3.6,1016.0
2025-08-10 19:00:00,25.0,41.0,7.6,1021.0
2025-08-10 20:00:00,24.0,44.0,11.2,1021.0
2025-08-10 21:00:00,23.9,48.0,7.2,1018.1
2025-08-10 22:00:00,20.0,56.0,11.2,1021.0
2025-08-10 23:00:00,21.0,53.0,11.2,1021.0
2025-08-11 00:00:00,19.5,64.0,7.2,1019.4
2025-08-11 01:00:00,18.0,64.0,9.4,1021.0
2025-08-11 02:00:00,17.0,68.0,7.6,1021.0
2025-08-11 03:00:00,19.7,60.0,7.2,1019.1
2025-08-11 04:00:00,17.0,72.0,5.4,1021.0
2025-08-11 05:00:00,19.0,60.0,3.6,1021.0
2025-08-11 06:00:00,22.0,55.0,3.6,1019.1
2025-08-11 07:00:00,24.0,44.0,1.8,1021.0
2025-08-11 08:00:00,27.0,39.0,5.4,1021.0
2025-08-11 09:00:00,29.2,40.0,7.2,1016.7
2025-08-11 10:00:00,33.0,26.0,11.2,1020.0
2025-08-11 11:00:00,34.0,23.0,20.5,1019.0
2025-08-11 12:00:00,33.5,29.0,7.2,1014.1
2025-08-11 13:00:00,35.0,20.0,14.8,1018.0
2025-08-11 14:00:00,36.0,18.0,14.8,1017.0
2025-08-11 15:00:00,34.8,23.0,7.2,1012.4
2025-08-11 16:00:00,34.0,22.0,14.8,1017.0
2025-08-11 17:00:00,33.0,24.0,13.0,1017.0
2025-08-11 18:00:00,30.2,35.0,3.6,1013.0
2025-08-11 19:00:00,27.0,37.0,9.4,1018.0
2025-08-11 20:00:00,29.0,35.0,7.6,1019.0
2025-08-11 21:00:00,24.0,53.0,3.6,1016.1
2025-08-11 22:00:00,25.0,44.0,7.6,1020.0
2025-08-11 23:00:00,22.0,50.0,11.2,1020.0
2025-08-12 00:00:00,24.0,48.0,7.2,1017.2
2025-08-12 01:00:00,24.0,44.0,18.4,1021.0
2025-08-12 02:00:00,22.0,46.0,14.8,1021.0
2025-08-12 03:00:00,22.0,46.0,7.2,1018.4
2025-08-12 04:00:00,19.0,52.0,16.6,1022.0
2025-08-12 05:00:00,21.0,46.0,20.5,1022.0
2025-08-12 06:00:00,23.9,41.0,7.2,1018.5
2025-08-12 07:00:00,26.0,34.0,27.7,1022.0
2025-08-12 08:00:00,27.0,32.0,25.9,1022.0
2025-08-12 09:00:00,27.7,34.0,10.8,1017.3
2025-08-12 10:00:00,30.0,33.0,18.4,1021.0
2025-08-12 11:00:00,31.0,31.0,14.8,1021.0
2025-08-12 12:00:00,31.2,34.0,7.2,1015.8
2025-08-12 13:00:00,33.0,28.0,14.8,1020.0
2025-08-12 14:00:00,33.0,28.0,13.0,1019.0
2025-08-12 15:00:00,31.8,32.0,10.8,1014.7
2025-08-12 16:00:00,32.0,30.0,20.5,1019.0
2025-08-12 17:00:00,30.0,35.0,16.6,1019.0
2025-08-12 18:00:00,27.6,46.0,3.6,1015.9
2025-08-12 19:00:00,25.0,44.0,11.2,1020.0
2025-08-12 20:00:00,23.0,50.0,9.4,1020.0
2025-08-12 21:00:00,23.0,59.0,7.2,1017.9
2025-08-12 22:00:00,23.0,57.0,22.3,1021.0
2025-08-12 23:00:00,23.0,57.0,22.3,1021.0
2025-08-13 00:00:00,21.9,62.0,7.2,1018.7
2025-08-13 01:00:00,21.0,64.0,24.1,1022.0
2025-08-13 02:00:00,19.0,73.0,22.3,1022.0
2025-08-13 03:00:00,19.5,74.0,7.2,1019.6
2025-08-13 04:00:00,18.0,83.0,14.8,1022.0
2025-08-13 05:00:00,20.0,73.0,18.4,1022.0
2025-08-13 06:00:00,21.6,66.0,7.2,1019.2
2025-08-13 07:00:00,24.0,54.0,22.3,1022.0
2025-08-13 08:00:00,27.0,45.0,16.6,1022.0
2025-08-13 09:00:00,27.2,48.0,7.2,1017.9
2025-08-13 10:00:00,29.0,40.0,18.4,1021.0
2025-08-13 11:00:00,30.0,38.0,13.0,1020.0
2025-08-13 12:00:00,30.1,39.0,10.8,1016.2
2025-08-13 13:00:00,32.0,30.0,16.6,1019.0
2025-08-13 14:00:00,32.0,26.0,18.4,1019.0
2025-08-13 15:00:00,31.2,30.0,10.8,1014.4
2025-08-13 16:00:00,31.0,26.0,20.5,1018.0
2025-08-13 17:00:00,29.0,27.0,18.4,1019.0
2025-08-13 18:00:00,27.2,44.0,7.2,1015.5
2025-08-13 19:00:00,24.0,38.0,14.8,1020.0
2025-08-13 20:00:00,21.0,49.0,13.0,1021.0
2025-08-13 21:00:00,21.3,59.0,3.6,1018.0
2025-08-13 22:00:00,20.0,49.0,22.3,1021.0
2025-08-13 23:00:00,20.0,46.0,25.9,1021.0
2025-08-14 00:00:00,19.6,49.0,0.0,1018.6
2025-08-14 01:00:00,18.0,56.0,20.5,1021.0
2025-08-14 02:00:00,17.0,59.0,14.8,1021.0
2025-08-14 03:00:00,16.7,61.0,14.8,1019.1
2025-08-14 04:00:00,16.0,68.0,9.4,1021.0
2025-08-14 05:00:00,17.0,68.0,5.4,1021.0
2025-08-14 06:00:00,19.0,61.0,3.6,1018.9
2025-08-14 07:00:00,22.0,50.0,13.0,1020.0
2025-08-14 08:00:00,25.0,39.0,13.0,1020.0
2025-08-14 09:00:00,26.2,36.0,10.8,1016.9
2025-08-14 10:00:00,29.0,22.0,25.9,1020.0
2025-08-14 11:00:00,29.0,23.0,25.9,1019.0
2025-08-14 12:00:00,28.6,30.0,10.8,1015.2
2025-08-14 13:00:00,31.0,22.0,22.3,1018.0
2025-08-14 14:00:00,30.0,25.0,24.1,1018.0
2025-08-14 15:00:00,28.5,32.0,7.2,1014.5
2025-08-14 16:00:00,29.0,31.0,22.3,1018.0
2025-08-14 17:00:00,27.0,34.0,16.6,1019.0
2025-08-14 18:00:00,24.6,44.0,7.2,1015.7
2025-08-14 19:00:00,23.0,44.0,14.8,1020.0
2025-08-14 20:00:00,22.0,46.0,14.8,1020.0
2025-08-14 21:00:00,22.8,56.0,7.2,1017.3
2025-08-14 22:00:00,22.0,50.0,25.9,1021.0
2025-08-14 23:00:00,21.0,46.0,24.1,1021.0
2025-08-15 00:00:00,18.8,81.0,7.2,1018.6
2025-08-15 01:00:00,19.0,56.0,16.6,1021.0
2025-08-15 02:00:00,18.0,64.0,16.6,1021.0
2025-08-15 03:00:00,17.8,69.0,3.6,1019.0
2025-08-15 04:00:00,16.0,68.0,7.6,1021.0
2025-08-15 05:00:00,18.0,64.0,5.4,1021.0
2025-08-15 06:00:00,20.3,61.0,7.2,1019.0
2025-08-15 07:00:00,23.0,47.0,5.4,1021.0
2025-08-15 08:00:00,25.0,36.0,13.0,1021.0
2025-08-15 09:00:00,26.0,36.0,7.2,1017.4
2025-08-15 10:00:00,28.0,26.0,24.1,1020.0
2025-08-15 11:00:00,28.0,26.0,20.5,1020.0
2025-08-15 12:00:00,26.4,33.0,7.2,1016.7
2025-08-15 13:00:00,26.0,30.0,16.6,1020.0
2025-08-15 14:00:00,27.0,28.0,14.8,1019.0
2025-08-15 15:00:00,25.7,36.0,7.2,1016.2
2025-08-15 16:00:00,26.0,32.0,14.8,1019.0
2025-08-15 17:00:00,25.0,34.0,9.4,1019.0
2025-08-15 18:00:00,23.3,45.0,3.6,1015.9
2025-08-15 19:00:00,23.0,41.0,7.6,1019.0
2025-08-15 20:00:00,22.0,43.0,3.6,1019.0
2025-08-15 21:00:00,20.9,57.0,3.6,1016.6
2025-08-15 22:00:00,20.0,52.0,5.4,1019.0
2025-08-15 23:00:00,19.0,56.0,5.4,1019.0
2025-08-16 00:00:00,18.5,67.0,11.2,1016.8
2025-08-16 01:00:00,19.0,52.0,3.6,1018.0
2025-08-16 02:00:00,19.0,56.0,5.4,1018.0
2025-08-16 03:00:00,17.2,69.0,3.6,1016.9
2025-08-16 04:00:00,17.0,63.0,7.6,1018.0
2025-08-16 05:00:00,19.0,60.0,7.6,1018.0
2025-08-16 06:00:00,21.3,50.0,3.6,1015.9
2025-08-16 07:00:00,25.0,41.0,5.4,1018.0
2025-08-16 08:00:00,27.0,34.0,7.6,1018.0
2025-08-16 09:00:00,27.2,38.0,7.2,1013.9
2025-08-16 10:00:00,29.0,33.0,11.2,1017.0
2025-08-16 11:00:00,30.0,31.0,18.4,1016.0
2025-08-16 12:00:00,30.1,33.0,10.8,1011.3
2025-08-16 13:00:00,31.0,26.0,20.5,1015.0
2025-08-16 14:00:00,31.0,26.0,20.5,1014.0
2025-08-16 15:00:00,29.7,30.0,10.8,1010.0
2025-08-16 16:00:00,30.0,25.0,22.3,1013.0
2025-08-16 17:00:00,28.0,30.0,18.4,1013.0
2025-08-16 18:00:00,26.2,42.0,3.6,1010.3
2025-08-16 19:00:00,23.0,41.0,16.6,1014.0
2025-08-16 20:00:00,20.0,52.0,5.4,1014.0
2025-08-16 21:00:00,20.7,56.0,7.2,1012.0
2025-08-16 22:00:00,18.0,56.0,13.0,1014.0
2025-08-16 23:00:00,19.0,52.0,16.6,1014.0
2025-08-17 00:00:00,18.4,62.0,3.6,1012.8
2025-08-17 01:00:00,17.0,63.0,13.0,1014.0
2025-08-17 02:00:00,14.0,72.0,9.4,1014.0
2025-08-17 03:00:00,16.3,73.0,3.6,1012.6
2025-08-17 04:00:00,14.0,77.0,7.6,1014.0
2025-08-17 05:00:00,17.0,68.0,7.6,1014.0
2025-08-17 06:00:00,19.6,62.0,3.6,1011.6
2025-08-17 07:00:00,21.0,53.0,3.6,1013.0
2025-08-17 08:00:00,24.0,44.0,3.6,1013.0
2025-08-17 09:00:00,26.2,42.0,3.6,1008.5
2025-08-17 10:00:00,29.0,29.0,3.6,1011.0
2025-08-17 11:00:00,30.0,29.0,7.6,1011.0
2025-08-17 12:00:00,29.6,30.0,7.2,1006.5
2025-08-17 13:00:00,31.0,26.0,7.6,1010.0
2025-08-17 14:00:00,30.0,25.0,13.0,1009.0
2025-08-17 15:00:00,29.0,32.0,10.8,1005.7
2025-08-17 16:00:00,29.0,29.0,13.0,1009.0
2025-08-17 17:00:00,27.0,34.0,11.2,1010.0
2025-08-17 18:00:00,24.6,49.0,5.4,1007.0
2025-08-17 19:00:00,24.0,47.0,5.4,1011.0
2025-08-17 20:00:00,23.0,50.0,0.0,1012.0
2025-08-17 21:00:00,19.7,68.0,3.6,1009.7
2025-08-17 22:00:00,21.0,56.0,5.4,1012.0
2025-08-17 23:00:00,20.0,60.0,0.0,1012.0
2025-08-18 00:00:00,19.2,67.0,3.6,1009.9
2025-08-18 01:00:00,21.0,56.0,9.4,1012.0
2025-08-18 02:00:00,19.0,64.0,11.2,1012.0
2025-08-18 03:00:00,18.3,80.0,7.2,1010.6
2025-08-18 04:00:00,19.0,68.0,9.4,1013.0
2025-08-18 05:00:00,19.0,64.0,9.4,1014.0
2025-08-18 06:00:00,21.3,63.0,14.4,1011.5
2025-08-18 07:00:00,21.0,69.0,20.5,1014.0
2025-08-18 08:00:00,21.0,69.0,20.5,1014.0
2025-08-18 09:00:00,22.3,65.0,10.8,1011.7
2025-08-18 10:00:00,26.0,48.0,13.0,1014.0
2025-08-18 11:00:00,28.0,40.0,14.8,1014.0
2025-08-18 12:00:00,27.1,45.0,10.8,1010.0
2025-08-18 13:00:00,27.0,39.0,18.4,1013.0
2025-08-18 14:00:00,28.0,40.0,14.8,1014.0
2025-08-18 15:00:00,24.4,56.0,10.8,1010.8
2025-08-18 16:00:00,24.0,54.0,11.2,1014.0
2025-08-18 17:00:00,23.0,61.0,5.4,1015.0
2025-08-18 18:00:00,20.4,77.0,3.6,1012.6
2025-08-18 19:00:00,23.0,57.0,11.2,1016.0
2025-08-18 20:00:00,22.0,60.0,1.8,1016.0
2025-08-18 21:00:00,21.4,64.0,7.2,1013.5
2025-08-18 22:00:00,20.0,68.0,9.4,1016.0
2025-08-18 23:00:00,20.0,73.0,9.4,1016.0
2025-08-19 00:00:00,19.9,74.0,3.6,1013.9
2025-08-19 01:00:00,19.0,78.0,7.6,1016.0
2025-08-19 02:00:00,19.0,78.0,9.4,1016.0
2025-08-19 03:00:00,18.9,80.0,3.6,1014.1
2025-08-19 04:00:00,18.0,83.0,11.2,1016.0
2025-08-19 05:00:00,19.0,78.0,7.6,1017.0
2025-08-19 06:00:00,18.8,78.0,3.6,1014.7
2025-08-19 07:00:00,20.0,73.0,7.6,1017.0
2025-08-19 08:00:00,20.0,73.0,7.6,1017.0
2025-08-19 09:00:00,19.3,81.0,3.6,1015.0
2025-08-19 10:00:00,21.0,73.0,14.8,1017.0
2025-08-19 11:00:00,22.0,64.0,14.8,1017.0
2025-08-19 12:00:00,22.5,63.0,7.2,1013.7
2025-08-19 13:00:00,21.0,64.0,20.5,1016.0
2025-08-19 14:00:00,19.0,78.0,16.6,1016.0
2025-08-19 15:00:00,19.1,80.0,3.6,1014.2
2025-08-19 16:00:00,20.0,73.0,13.0,1016.0
2025-08-19 17:00:00,19.0,73.0,11.0,1016.0
2025-08-19 18:00:00,17.1,84.0,3.6,1014.9
2025-08-19 19:00:00,16.0,82.0,9.4,1016.0
2025-08-19 20:00:00,15.0,88.0,3.6,1016.0
2025-08-19 21:00:00,15.2,92.0,3.6,1015.5
2025-08-19 22:00:00,14.0,94.0,5.4,1016.0
2025-08-19 23:00:00,13.0,94.0,7.6,1016.0
2025-08-20 00:00:00,13.5,94.0,3.6,1015.4
2025-08-20 01:00:00,13.0,94.0,0.0,1016.0
2025-08-20 02:00:00,12.0,94.0,3.6,1015.0
2025-08-20 03:00:00,11.8,96.0,3.6,1015.2
2025-08-20 04:00:00,12.0,94.0,5.4,1015.0
2025-08-20 05:00:00,13.0,94.0,3.6,1015.0
2025-08-20 06:00:00,15.1,83.0,0.0,1014.3
2025-08-20 07:00:00,18.0,73.0,1.8,1015.0
2025-08-20 08:00:00,20.0,68.0,5.4,1015.0
2025-08-20 09:00:00,21.1,66.0,5.4,1012.1
2025-08-20 10:00:00,25.0,44.0,7.6,1014.0
2025-08-20 11:00:00,27.0,37.0,7.6,1013.0
2025-08-20 12:00:00,26.9,41.0,3.6,1009.5
2025-08-20 13:00:00,29.0,31.0,11.2,1011.0
2025-08-20 14:00:00,30.0,31.0,9.4,1011.0
2025-08-20 15:00:00,28.4,41.0,3.6,1006.2
2025-08-20 16:00:00,30.0,29.0,5.4,1011.0
2025-08-20 17:00:00,27.0,37.0,9.4,1011.0
2025-08-20 18:00:00,23.3,56.0,3.6,1007.9
2025-08-20 19:00:00,22.0,53.0,18.4,1012.0
2025-08-20 20:00:00,21.0,60.0,11.2,1012.0
2025-08-20 21:00:00,20.6,66.0,13.0,1009.8
2025-08-20 22:00:00,20.0,64.0,11.2,1013.0
2025-08-20 23:00:00,19.0,68.0,7.6,1013.0
2025-08-21 00:00:00,19.0,71.0,9.4,1010.9
2025-08-21 01:00:00,17.0,72.0,7.6,1013.0
2025-08-21 02:00:00,15.0,88.0,3.6,1013.0
2025-08-21 03:00:00,14.4,89.0,5.4,1012.2
2025-08-21 04:00:00,15.0,77.0,5.4,1014.0
2025-08-21 05:00:00,17.0,77.0,0.0,1014.0
2025-08-21 06:00:00,18.6,71.0,3.6,1012.2
2025-08-21 07:00:00,22.0,57.0,3.6,1014.0
2025-08-21 08:00:00,25.0,47.0,5.4,1014.0
2025-08-21 09:00:00,25.4,50.0,3.6,1010.0
2025-08-21 10:00:00,29.0,37.0,5.4,1013.0
2025-08-21 11:00:00,31.0,31.0,5.4,1012.0
2025-08-21 12:00:00,30.8,32.0,7.2,1007.1
2025-08-21 13:00:00,33.0,24.0,7.6,1011.0
2025-08-21 14:00:00,34.0,22.0,11.2,1010.0
2025-08-21 15:00:00,33.6,26.0,3.6,1005.0
2025-08-21 16:00:00,33.0,24.0,16.6,1010.0
2025-08-21 17:00:00,31.0,27.0,14.8,1010.0
2025-08-21 18:00:00,27.8,39.0,7.2,1006.2
2025-08-21 19:00:00,26.0,42.0,18.4,1010.0
2025-08-21 20:00:00,24.0,47.0,16.6,1010.0
2025-08-21 21:00:00,25.1,49.0,7.2,1006.9
2025-08-21 22:00:00,21.0,53.0,0.0,1010.0
2025-08-21 23:00:00,21.0,56.0,5.4,1010.0
2025-08-22 00:00:00,20.2,66.0,3.6,1007.9
2025-08-22 01:00:00,19.0,68.0,11.2,1010.0
2025-08-22 02:00:00,19.0,68.0,5.4,1010.0
2025-08-22 03:00:00,20.0,63.0,3.6,1007.9
2025-08-22 04:00:00,21.0,60.0,16.6,1011.0
2025-08-22 05:00:00,21.0,64.0,18.4,1011.0
2025-08-22 06:00:00,21.4,67.0,7.2,1008.7
2025-08-22 07:00:00,22.0,60.0,5.4,1010.0
2025-08-22 08:00:00,25.0,50.0,13.0,1009.0
2025-08-22 09:00:00,24.6,56.0,7.2,1006.1
2025-08-22 10:00:00,26.0,51.0,16.6,1009.0
2025-08-22 11:00:00,28.0,37.0,25.9,1008.0
2025-08-22 12:00:00,27.6,40.0,7.2,1004.2
2025-08-22 13:00:00,30.0,29.0,29.5,1007.0
2025-08-22 14:00:00,19.0,83.0,27.7,1010.0
2025-08-22 15:00:00,24.2,52.0,7.2,1006.4
2025-08-22 16:00:00,23.0,61.0,9.4,1010.0
2025-08-22 17:00:00,23.0,61.0,9.4,1010.0
2025-08-22 18:00:00,22.5,57.0,10.8,1007.9
2025-08-22 19:00:00,19.0,73.0,18.4,1012.0
2025-08-22 20:00:00,19.0,73.0,14.8,1012.0
2025-08-22 21:00:00,18.8,70.0,10.8,1010.3
2025-08-22 22:00:00,19.0,73.0,33.5,1013.0
2025-08-22 23:00:00,18.0,78.0,25.9,1013.0
2025-08-23 00:00:00,18.3,68.0,10.8,1010.8
2025-08-23 01:00:00,18.0,68.0,14.8,1013.0
2025-08-23 02:00:00,16.0,77.0,13.0,1014.0
2025-08-23 03:00:00,16.8,68.0,7.2,1011.9
2025-08-23 04:00:00,15.0,77.0,14.8,1014.0
2025-08-23 05:00:00,16.0,68.0,16.6,1014.0
2025-08-23 06:00:00,17.2,60.0,10.8,1012.6
2025-08-23 07:00:00,19.0,56.0,14.8,1014.0
2025-08-23 08:00:00,20.0,52.0,13.0,1015.0
2025-08-23 09:00:00,21.1,48.0,14.4,1011.8
2025-08-23 10:00:00,22.0,43.0,20.5,1014.0
2025-08-23 11:00:00,23.0,38.0,25.9,1014.0
2025-08-23 12:00:00,22.8,43.0,10.8,1011.2
2025-08-23 13:00:00,23.0,41.0,27.7,1013.0
2025-08-23 14:00:00,23.0,38.0,22.3,1013.0
2025-08-23 15:00:00,22.0,44.0,10.8,1010.7
2025-08-23 16:00:00,23.0,31.0,20.5,1013.0
2025-08-23 17:00:00,21.0,30.0,22.3,1014.0
2025-08-23 18:00:00,19.6,43.0,7.2,1011.9
2025-08-23 19:00:00,18.0,42.0,18.4,1015.0
2025-08-23 20:00:00,18.0,42.0,18.4,1015.0
2025-08-23 21:00:00,17.6,42.0,10.8,1014.0
2025-08-23 22:00:00,16.0,48.0,11.2,1016.0
2025-08-23 23:00:00,13.0,62.0,7.6,1016.0
2025-08-24 00:00:00,15.0,53.0,3.6,1015.0
2025-08-24 01:00:00,10.0,71.0,3.6,1017.0
2025-08-24 02:00:00,9.0,76.0,4.0,1017.0
2025-08-24 03:00:00,8.2,79.0,4.0,1017.4
2025-08-24 04:00:00,9.0,71.0,3.6,1017.0
2025-08-24 05:00:00,10.0,71.0,3.6,1018.0
2025-08-24 06:00:00,14.6,51.0,0.0,1016.6
2025-08-24 07:00:00,17.0,48.0,13.0,1018.0
2025-08-24 08:00:00,21.0,38.0,9.4,1018.0
2025-08-24 09:00:00,21.3,37.0,7.2,1015.4
2025-08-24 10:00:00,23.0,33.0,13.0,1018.0
2025-08-24 11:00:00,24.0,31.0,18.4,1018.0
2025-08-24 12:00:00,23.6,34.0,10.8,1015.0
2025-08-24 13:00:00,24.0,31.0,22.3,1018.0
2025-08-24 14:00:00,24.0,29.0,24.1,1018.0
2025-08-24 15:00:00,23.0,32.0,10.8,1014.9
2025-08-24 16:00:00,23.0,33.0,22.3,1017.0
2025-08-24 17:00:00,21.0,38.0,14.8,1018.0
2025-08-24 18:00:00,19.7,42.0,14.8,1016.0
2025-08-24 19:00:00,18.0,42.0,11.2,1019.0
2025-08-24 20:00:00,18.0,42.0,9.4,1019.0
2025-08-24 21:00:00,17.3,42.0,3.6,1017.4
2025-08-24 22:00:00,15.0,55.0,7.0,1019.0
2025-08-24 23:00:00,14.0,59.0,9.0,1019.0
2025-08-25 00:00:00,16.6,51.0,4.0,1017.8
2025-08-25 01:00:00,15.0,67.0,9.0,1020.0
2025-08-25 02:00:00,15.0,72.0,6.0,1020.0
2025-08-25 03:00:00,13.5,80.0,4.0,1018.6
2025-08-25 04:00:00,13.0,88.0,6.0,1020.0
2025-08-25 05:00:00,13.0,82.0,7.0,1020.0
2025-08-25 06:00:00,14.2,76.0,4.0,1019.0
2025-08-25 07:00:00,15.0,72.0,7.0,1020.0
2025-08-25 08:00:00,16.0,68.0,7.0,1020.0
2025-08-25 09:00:00,17.6,61.0,4.0,1018.5
2025-08-25 10:00:00,18.0,56.0,7.0,1020.0
2025-08-25 11:00:00,20.0,49.0,9.0,1019.0
2025-08-25 12:00:00,19.0,56.0,7.0,1017.6
2025-08-25 13:00:00,21.0,46.0,13.0,1019.0
2025-08-25 14:00:00,22.0,43.0,4.0,1018.0
2025-08-25 15:00:00,22.1,48.0,7.0,1015.6
2025-08-25 16:00:00,22.0,43.0,7.0,1017.0
2025-08-25 17:00:00,20.0,53.0,11.0,1018.0
2025-08-25 18:00:00,18.6,69.0,4.0,1016.0
2025-08-25 19:00:00,16.0,68.0,4.0,1019.0
2025-08-25 20:00:00,13.0,77.0,0.0,1019.0
2025-08-25 21:00:00,11.9,86.0,4.0,1018.4
2025-08-25 22:00:00,12.0,82.0,4.0,1020.0
2025-08-25 23:00:00,11.0,82.0,0.0,1020.0
2025-08-26 00:00:00,8.0,89.0,0.0,1020.1
2025-08-26 01:00:00,8.0,93.0,9.0,1020.0
2025-08-26 02:00:00,8.0,93.0,6.0,1020.0
2025-08-26 03:00:00,8.0,89.0,0.0,1019.9
2025-08-26 04:00:00,7.0,93.0,2.0,1020.0
2025-08-26 05:00:00,9.0,87.0,0.0,1020.0
2025-08-26 06:00:00,13.0,69.0,4.0,1019.6
2025-08-26 07:00:00,15.0,63.0,4.0,1020.0
2025-08-26 08:00:00,18.0,60.0,2.0,1020.0
2025-08-26 09:00:00,19.0,51.0,4.0,1017.9
2025-08-26 10:00:00,22.0,31.0,9.0,1019.0
2025-08-26 11:00:00,23.0,29.0,9.0,1019.0
2025-08-26 12:00:00,23.8,27.0,7.0,1015.4
2025-08-26 13:00:00,26.0,23.0,11.0,1017.0
2025-08-26 14:00:00,26.0,21.0,7.0,1017.0
2025-08-26 15:00:00,25.5,22.0,7.0,1014.5
2025-08-26 16:00:00,26.0,20.0,9.0,1017.0
2025-08-26 17:00:00,24.0,24.0,7.0,1017.0
2025-08-26 18:00:00,19.2,41.0,7.0,1015.4
2025-08-26 19:00:00,17.0,42.0,9.0,1018.0
2025-08-26 20:00:00,15.0,51.0,2.0,1018.0
2025-08-26 21:00:00,13.2,62.0,4.0,1017.9
2025-08-26 22:00:00,12.0,58.0,6.0,1019.0
2025-08-26 23:00:00,11.0,62.0,6.0,1019.0
2025-08-27 00:00:00,13.7,71.0,7.0,1018.2
2025-08-27 01:00:00,11.0,67.0,6.0,1019.0
2025-08-27 02:00:00,11.0,67.0,7.0,1019.0
2025-08-27 03:00:00,9.0,86.0,0.0,1019.7
2025-08-27 04:00:00,7.0,81.0,3.7,1020.0
2025-08-27 05:00:00,11.0,71.0,2.0,1020.0
2025-08-27 06:00:00,14.0,62.0,4.0,1019.0
2025-08-27 07:00:00,18.0,49.0,6.0,1020.0
2025-08-27 08:00:00,20.0,43.0,4.0,1020.0
2025-08-27 09:00:00,22.0,37.0,4.0,1017.1
2025-08-27 10:00:00,26.0,21.0,7.0,1019.0
2025-08-27 11:00:00,27.0,21.0,7.0,1019.0
2025-08-27 12:00:00,27.8,21.0,7.0,1015.1
2025-08-27 13:00:00,29.0,18.0,6.0,1017.0
2025-08-27 14:00:00,29.0,18.0,11.0,1017.0
2025-08-27 15:00:00,28.6,17.0,4.0,1013.2
2025-08-27 16:00:00,28.0,20.0,15.0,1016.0
2025-08-27 17:00:00,26.0,23.0,15.0,1017.0
2025-08-27 18:00:00,21.8,35.0,4.0,1015.0
2025-08-27 19:00:00,21.0,31.0,13.0,1018.0
2025-08-27 20:00:00,18.0,37.0,7.0,1018.0
2025-08-27 21:00:00,18.4,41.0,7.0,1017.0
2025-08-27 22:00:00,14.0,55.0,15.0,1019.0
2025-08-27 23:00:00,17.0,52.0,24.0,1019.0
2025-08-28 00:00:00,17.2,55.0,4.0,1017.8
2025-08-28 01:00:00,17.0,63.0,22.0,1019.0
2025-08-28 02:00:00,16.0,68.0,17.0,1020.0
2025-08-28 03:00:00,14.8,71.0,7.0,1018.5
2025-08-28 04:00:00,12.0,82.0,7.0,1020.0
2025-08-28 05:00:00,15.0,72.0,9.0,1020.0
2025-08-28 06:00:00,17.3,63.0,7.0,1018.8
2025-08-28 07:00:00,20.0,49.0,17.0,1020.0
2025-08-28 08:00:00,22.0,47.0,9.0,1020.0
2025-08-28 09:00:00,23.6,43.0,4.0,1017.0
2025-08-28 10:00:00,28.0,28.0,4.0,1019.0
2025-08-28 11:00:00,29.0,23.0,6.0,1018.0
2025-08-28 12:00:00,28.4,21.0,4.0,1014.4
2025-08-28 13:00:00,30.0,18.0,7.0,1017.0
2025-08-28 14:00:00,31.0,16.0,17.0,1016.0
2025-08-28 15:00:00,29.8,25.0,4.0,1011.9
2025-08-28 16:00:00,28.0,25.0,24.0,1016.0
2025-08-28 17:00:00,26.0,30.0,22.0,1016.0
2025-08-28 18:00:00,24.0,35.0,7.0,1013.6
2025-08-28 19:00:00,20.0,40.0,19.0,1018.0
2025-08-28 20:00:00,19.0,40.0,20.0,1018.0
2025-08-28 21:00:00,18.5,43.0,4.0,1016.2
2025-08-28 22:00:00,19.0,46.0,24.0,1018.0
2025-08-28 23:00:00,17.0,55.0,22.0,1018.0
2025-08-29 00:00:00,18.2,51.0,7.0,1016.5
2025-08-29 01:00:00,16.0,63.0,11.0,1018.0
2025-08-29 02:00:00,16.0,63.0,13.0,1018.0
2025-08-29 03:00:00,15.0,71.0,4.0,1017.1
2025-08-29 04:00:00,13.0,77.0,6.0,1018.0
2025-08-29 05:00:00,15.0,72.0,7.0,1018.0
2025-08-29 06:00:00,17.7,63.0,4.0,1016.3
2025-08-29 07:00:00,21.0,53.0,15.0,1017.0
2025-08-29 08:00:00,23.0,47.0,11.0,1017.0
2025-08-29 09:00:00,23.9,44.0,7.0,1014.1
2025-08-29 10:00:00,28.0,33.0,9.0,1016.0
2025-08-29 11:00:00,29.0,29.0,6.0,1015.0
2025-08-29 12:00:00,28.2,35.0,4.0,1010.8
2025-08-29 13:00:00,31.0,24.0,9.0,1014.0
2025-08-29 14:00:00,32.0,23.0,11.0,1013.0
2025-08-29 15:00:00,31.0,26.0,7.0,1008.3
2025-08-29 16:00:00,30.0,24.0,20.0,1012.0
2025-08-29 17:00:00,27.0,28.0,20.0,1012.0
2025-08-29 18:00:00,24.3,37.0,7.0,1009.8
2025-08-29 19:00:00,21.0,43.0,20.0,1014.0
2025-08-29 20:00:00,19.0,46.0,20.0,1014.0
2025-08-29 21:00:00,21.5,42.0,4.0,1011.4
2025-08-29 22:00:00,18.0,42.0,13.0,1014.0
2025-08-29 23:00:00,17.0,42.0,9.0,1014.0
2025-08-30 00:00:00,16.8,50.0,4.0,1012.5
2025-08-30 01:00:00,15.0,51.0,6.0,1014.0
2025-08-30 02:00:00,16.0,52.0,4.0,1014.0
2025-08-30 03:00:00,14.6,62.0,0.0,1013.3
2025-08-30 04:00:00,14.0,59.0,9.0,1014.0
2025-08-30 05:00:00,16.0,55.0,0.0,1014.0
2025-08-30 06:00:00,18.8,52.0,4.0,1012.0
2025-08-30 07:00:00,21.0,46.0,9.0,1013.0
2025-08-30 08:00:00,24.0,39.0,7.0,1013.0
2025-08-30 09:00:00,26.4,34.0,7.0,1009.5
2025-08-30 10:00:00,29.0,29.0,6.0,1012.0
2025-08-30 11:00:00,30.0,29.0,7.0,1011.0
2025-08-30 12:00:00,31.2,28.0,7.0,1005.7
2025-08-30 13:00:00,33.0,24.0,11.0,1009.0
2025-08-30 14:00:00,33.0,24.0,13.0,1010.0
2025-08-30 15:00:00,31.0,28.0,7.0,1005.7
2025-08-30 16:00:00,31.0,27.0,6.0,1010.0
2025-08-30 17:00:00,26.0,42.0,33.0,1012.0
2025-08-30 18:00:00,23.2,45.0,14.0,1009.9
2025-08-30 19:00:00,21.0,53.0,7.0,1012.0
2025-08-30 20:00:00,21.0,53.0,11.0,1011.0
2025-08-30 21:00:00,18.7,64.0,4.0,1009.7
2025-08-30 22:00:00,19.0,60.0,9.0,1012.0
2025-08-30 23:00:00,19.0,60.0,4.0,1011.0
2025-08-31 00:00:00,18.9,63.0,4.0,1009.1
2025-08-31 01:00:00,17.0,68.0,6.0,1011.0
2025-08-31 02:00:00,18.0,64.0,13.0,1011.0
2025-08-31 03:00:00,17.3,73.0,4.0,1009.1
2025-08-31 04:00:00,17.0,77.0,19.0,1011.0
2025-08-31 05:00:00,15.0,94.0,13.0,1011.0
2025-08-31 06:00:00,15.7,91.0,4.0,1010.3
2025-08-31 07:00:00,17.0,83.0,6.0,1012.0
2025-08-31 08:00:00,19.0,73.0,9.0,1011.0
2025-08-31 09:00:00,19.8,68.0,7.0,1009.3
2025-08-31 10:00:00,19.0,56.0,30.0,1011.0
2025-08-31 11:00:00,18.0,78.0,7.0,1012.0
2025-08-31 12:00:00,18.4,73.0,7.0,1010.3
2025-08-31 13:00:00,21.0,64.0,9.0,1012.0
2025-08-31 14:00:00,22.0,53.0,11.0,1012.0
2025-08-31 15:00:00,20.8,57.0,4.0,1009.9
2025-08-31 16:00:00,22.0,50.0,17.0,1012.0
2025-08-31 17:00:00,20.0,56.0,9.0,1012.0
2025-08-31 18:00:00,19.0,61.0,4.0,1010.7
2025-08-31 19:00:00,18.0,68.0,9.0,1014.0
2025-08-31 20:00:00,18.0,68.0,11.0,1014.0
2025-08-31 21:00:00,18.2,66.0,7.0,1012.2
2025-08-31 22:00:00,17.0,72.0,11.0,1014.0
2025-08-31 23:00:00,18.0,68.0,19.0,1014.0
2025-09-01 00:00:00,17.1,68.0,7.0,1012.5
2025-09-01 01:00:00,18.0,64.0,6.0,1014.0
2025-09-01 02:00:00,16.0,77.0,9.0,1013.0
2025-09-01 03:00:00,16.2,76.0,4.0,1012.2
2025-09-01 04:00:00,17.0,72.0,9.0,1014.0
2025-09-01 05:00:00,17.0,72.0,13.0,1014.0
2025-09-01 06:00:00,19.5,57.0,7.0,1011.7
2025-09-01 07:00:00,21.0,53.0,22.0,1014.0
2025-09-01 08:00:00,21.0,53.0,30.0,1014.0
2025-09-01 09:00:00,22.4,46.0,14.0,1011.5
2025-09-01 10:00:00,24.0,44.0,26.0,1014.0
2025-09-01 11:00:00,24.0,41.0,26.0,1014.0
2025-09-01 12:00:00,24.6,41.0,7.0,1010.9
2025-09-01 13:00:00,26.0,37.0,22.0,1013.0
2025-09-01 14:00:00,26.0,37.0,28.0,1013.0
2025-09-01 15:00:00,25.4,39.0,14.0,1010.9
2025-09-01 16:00:00,25.0,41.0,22.0,1013.0
2025-09-01 17:00:00,24.0,44.0,15.0,1014.0
2025-09-01 18:00:00,22.5,49.0,4.0,1011.4
2025-09-01 19:00:00,20.0,60.0,13.0,1014.0
2025-09-01 20:00:00,20.0,60.0,6.0,1015.0
2025-09-01 21:00:00,16.7,72.0,0.0,1013.4
2025-09-01 22:00:00,15.0,82.0,6.0,1015.0
2025-09-01 23:00:00,14.0,88.0,2.0,1015.0
2025-09-02 00:00:00,14.0,82.0,0.0,1014.4
2025-09-02 01:00:00,14.0,82.0,7.0,1015.0
2025-09-02 02:00:00,12.0,94.0,4.0,1015.0
2025-09-02 03:00:00,13.6,89.0,0.0,1013.9
2025-09-02 04:00:00,11.0,94.0,0.0,1015.0
2025-09-02 05:00:00,13.0,88.0,0.0,1015.0
2025-09-02 06:00:00,16.9,70.0,0.0,1013.8
2025-09-02 07:00:00,19.0,64.0,6.0,1015.0
2025-09-02 08:00:00,22.0,53.0,6.0,1015.0
2025-09-02 09:00:00,24.4,47.0,0.0,1011.9
2025-09-02 10:00:00,27.0,37.0,9.0,1015.0
2025-09-02 11:00:00,28.0,33.0,7.0,1014.0
2025-09-02 12:00:00,28.5,34.0,4.0,1010.1
2025-09-02 13:00:00,30.0,29.0,4.0,1013.0
2025-09-02 14:00:00,31.0,27.0,7.0,1013.0
2025-09-02 15:00:00,30.2,32.0,0.0,1008.6
2025-09-02 16:00:00,31.0,24.0,6.0,1013.0
2025-09-02 17:00:00,27.0,32.0,1.8,1013.0
2025-09-02 18:00:00,24.8,48.0,0.0,1009.8
2025-09-02 19:00:00,22.0,53.0,9.0,1014.0
2025-09-02 20:00:00,21.0,56.0,9.0,1014.0
2025-09-02 21:00:00,20.6,54.0,7.0,1011.7
2025-09-02 22:00:00,19.0,52.0,13.0,1014.0
2025-09-02 23:00:00,18.0,60.0,13.0,1014.0
2025-09-03 00:00:00,18.6,57.0,7.0,1012.6
2025-09-03 01:00:00,16.0,68.0,6.0,1014.0
2025-09-03 02:00:00,16.0,72.0,7.0,1014.0
2025-09-03 03:00:00,18.0,63.0,0.0,1012.7
2025-09-03 04:00:00,14.0,82.0,4.0,1015.0
2025-09-03 05:00:00,16.0,72.0,4.0,1015.0
2025-09-03 06:00:00,19.5,64.0,0.0,1014.1
2025-09-03 07:00:00,22.0,53.0,6.0,1015.0
2025-09-03 08:00:00,25.0,44.0,4.0,1015.0
2025-09-03 09:00:00,26.6,41.0,4.0,1011.3
2025-09-03 10:00:00,29.0,33.0,7.0,1014.0
2025-09-03 11:00:00,31.0,27.0,6.0,1014.0
2025-09-03 12:00:00,31.5,28.0,7.0,1008.8
2025-09-03 13:00:00,33.0,23.0,13.0,1012.0
2025-09-03 14:00:00,33.0,23.0,4.0,1012.0
2025-09-03 15:00:00,32.0,27.0,11.0,1006.7
2025-09-03 16:00:00,31.0,31.0,22.0,1012.0
2025-09-03 17:00:00,27.0,39.0,13.0,1012.0
2025-09-03 18:00:00,28.2,35.0,4.0,1008.2
2025-09-03 19:00:00,24.0,57.0,28.0,1014.0
2025-09-03 20:00:00,22.0,65.0,17.0,1014.0
2025-09-03 21:00:00,22.2,60.0,4.0,1011.3
2025-09-03 22:00:00,21.0,69.0,19.0,1015.0
2025-09-03 23:00:00,20.0,73.0,26.0,1016.0
2025-09-04 00:00:00,19.1,77.0,11.0,1013.5
2025-09-04 01:00:00,18.0,83.0,9.0,1016.0
2025-09-04 02:00:00,17.0,88.0,7.0,1016.0
2025-09-04 03:00:00,15.2,93.0,0.0,1014.8
2025-09-04 04:00:00,15.0,94.0,6.0,1016.0
2025-09-04 05:00:00,15.0,94.0,1.8,1017.0
2025-09-04 06:00:00,18.0,80.0,0.0,1014.7
2025-09-04 07:00:00,20.0,73.0,7.0,1017.0
2025-09-04 08:00:00,22.0,65.0,6.0,1016.0
2025-09-04 09:00:00,24.0,54.0,4.0,1013.1
2025-09-04 10:00:00,28.0,35.0,9.0,1015.0
2025-09-04 11:00:00,29.0,31.0,15.0,1015.0
2025-09-04 12:00:00,28.5,26.0,11.0,1011.0
2025-09-04 13:00:00,29.0,29.0,19.0,1014.0
2025-09-04 14:00:00,30.0,24.0,22.0,1014.0
2025-09-04 15:00:00,28.8,24.0,14.0,1010.3
2025-09-04 16:00:00,28.0,25.0,19.0,1015.0
2025-09-04 17:00:00,26.0,24.0,20.0,1015.0
2025-09-04 18:00:00,25.2,28.0,4.0,1012.3
2025-09-04 19:00:00,23.0,33.0,11.0,1016.0
2025-09-04 20:00:00,21.0,38.0,4.0,1016.0
2025-09-04 21:00:00,19.5,48.0,0.0,1014.1
2025-09-04 22:00:00,18.0,52.0,9.0,1017.0
2025-09-04 23:00:00,18.0,60.0,11.0,1017.0
2025-09-05 00:00:00,19.3,58.0,7.0,1014.9
2025-09-05 01:00:00,16.0,72.0,7.0,1017.0
2025-09-05 02:00:00,15.0,77.0,4.0,1017.0
2025-09-05 03:00:00,15.5,85.0,0.0,1015.6
2025-09-05 04:00:00,15.0,77.0,6.0,1017.0
2025-09-05 05:00:00,15.0,67.0,4.0,1018.0
2025-09-05 06:00:00,18.0,65.0,0.0,1016.2
2025-09-05 07:00:00,21.0,53.0,4.0,1018.0
2025-09-05 08:00:00,24.0,36.0,6.0,1018.0
2025-09-05 09:00:00,25.3,33.0,7.0,1014.5
2025-09-05 10:00:00,27.0,21.0,20.0,1017.0
2025-09-05 11:00:00,28.0,22.0,19.0,1017.0
2025-09-05 12:00:00,27.3,25.0,11.0,1013.2
2025-09-05 13:00:00,29.0,19.0,17.0,1016.0
2025-09-05 14:00:00,29.0,20.0,17.0,1016.0
2025-09-05 15:00:00,27.7,26.0,7.0,1012.5
2025-09-05 16:00:00,27.0,23.0,17.0,1016.0
2025-09-05 17:00:00,24.0,25.0,11.0,1017.0
2025-09-05 18:00:00,20.9,41.0,0.0,1015.3
2025-09-05 19:00:00,22.0,29.0,6.0,1018.0
2025-09-05 20:00:00,19.0,40.0,6.0,1019.0
2025-09-05 21:00:00,15.7,57.0,0.0,1017.6
2025-09-05 22:00:00,15.0,55.0,7.0,1019.0
2025-09-05 23:00:00,14.0,55.0,7.0,1019.0
2025-09-06 00:00:00,15.6,62.0,0.0,1017.9
2025-09-06 01:00:00,13.0,63.0,3.7,1019.0
2025-09-06 02:00:00,12.0,72.0,3.7,1019.0
2025-09-06 03:00:00,14.8,68.0,0.0,1018.1
2025-09-06 04:00:00,11.0,71.0,3.7,1020.0
2025-09-06 05:00:00,12.0,72.0,3.7,1020.0
2025-09-06 06:00:00,15.0,61.0,0.0,1018.7
2025-09-06 07:00:00,19.0,49.0,6.0,1020.0
2025-09-06 08:00:00,22.0,43.0,6.0,1020.0
2025-09-06 09:00:00,24.8,35.0,4.0,1016.4
2025-09-06 10:00:00,27.0,23.0,20.0,1020.0
2025-09-06 11:00:00,28.0,22.0,13.0,1020.0
2025-09-06 12:00:00,27.2,26.0,7.0,1015.6
2025-09-06 13:00:00,28.0,22.0,13.0,1019.0
2025-09-06 14:00:00,28.0,17.0,17.0,1019.0
2025-09-06 15:00:00,27.8,19.0,7.0,1015.2
2025-09-06 16:00:00,27.0,25.0,19.0,1019.0
2025-09-06 17:00:00,24.0,29.0,13.0,1019.0
2025-09-06 18:00:00,21.5,47.0,0.0,1017.5
2025-09-06 19:00:00,19.0,40.0,3.7,1020.0
2025-09-06 20:00:00,20.0,40.0,7.0,1021.0
2025-09-06 21:00:00,14.2,62.0,0.0,1019.9
2025-09-06 22:00:00,14.0,59.0,9.0,1021.0
2025-09-06 23:00:00,13.0,63.0,7.0,1021.0
2025-09-07 00:00:00,11.7,69.0,4.0,1021.2
2025-09-07 01:00:00,11.0,71.0,7.0,1021.0
2025-09-07 02:00:00,10.0,76.0,2.0,1021.0
2025-09-07 03:00:00,10.0,75.0,0.0,1021.4
2025-09-07 04:00:00,10.0,76.0,0.0,1021.0
2025-09-07 05:00:00,10.0,76.0,6.0,1021.0
2025-09-07 06:00:00,16.2,60.0,0.0,1020.4
2025-09-07 07:00:00,18.0,52.0,4.0,1021.0
2025-09-07 08:00:00,21.0,43.0,6.0,1021.0
2025-09-07 09:00:00,23.8,41.0,4.0,1017.8
2025-09-07 10:00:00,27.0,30.0,7.0,1020.0
2025-09-07 11:00:00,28.0,28.0,13.0,1019.0
2025-09-07 12:00:00,27.5,33.0,4.0,1015.5
2025-09-07 13:00:00,29.0,25.0,9.0,1018.0
2025-09-07 14:00:00,29.0,27.0,17.0,1018.0
2025-09-07 15:00:00,27.7,30.0,4.0,1014.2
2025-09-07 16:00:00,27.0,28.0,17.0,1017.0
2025-09-07 17:00:00,24.0,34.0,11.0,1018.0
2025-09-07 18:00:00,23.0,39.0,0.0,1015.1
2025-09-07 19:00:00,20.0,43.0,11.0,1019.0
2025-09-07 20:00:00,18.0,52.0,7.0,1019.0
2025-09-07 21:00:00,18.8,55.0,4.0,1017.0
2025-09-07 22:00:00,16.0,55.0,11.0,1019.0
2025-09-07 23:00:00,16.0,55.0,7.0,1019.0
2025-09-08 00:00:00,17.0,58.0,0.0,1017.8
2025-09-08 01:00:00,15.0,59.0,3.7,1019.0
2025-09-08 02:00:00,12.0,72.0,3.7,1019.0
2025-09-08 03:00:00,15.4,63.0,4.0,1017.7
2025-09-08 04:00:00,11.0,76.0,3.7,1018.0
2025-09-08 05:00:00,12.0,72.0,3.7,1019.0
2025-09-08 06:00:00,16.8,63.0,0.0,1017.4
2025-09-08 07:00:00,19.0,49.0,3.7,1019.0
2025-09-08 08:00:00,22.0,43.0,7.0,1019.0
2025-09-08 09:00:00,24.2,42.0,0.0,1015.5
2025-09-08 10:00:00,27.0,32.0,7.0,1017.0
2025-09-08 11:00:00,28.0,30.0,7.0,1017.0
2025-09-08 12:00:00,28.2,33.0,7.0,1013.0
2025-09-08 13:00:00,28.0,28.0,11.0,1016.0
2025-09-08 14:00:00,29.0,25.0,9.0,1016.0
2025-09-08 15:00:00,27.8,33.0,7.0,1011.9
2025-09-08 16:00:00,26.0,32.0,15.0,1016.0
2025-09-08 17:00:00,24.0,36.0,9.0,1016.0
2025-09-08 18:00:00,22.0,49.0,4.0,1013.4
2025-09-08 19:00:00,19.0,49.0,13.0,1017.0
2025-09-08 20:00:00,19.0,49.0,13.0,1017.0
2025-09-08 21:00:00,18.6,60.0,7.0,1015.0
2025-09-08 22:00:00,17.0,55.0,13.0,1017.0
2025-09-08 23:00:00,16.0,59.0,11.0,1017.0
2025-09-09 00:00:00,18.0,54.0,0.0,1015.2
2025-09-09 01:00:00,18.0,52.0,19.0,1016.0
2025-09-09 02:00:00,15.0,63.0,6.0,1017.0
2025-09-09 03:00:00,15.8,67.0,4.0,1015.7
2025-09-09 04:00:00,15.0,63.0,9.0,1017.0
2025-09-09 05:00:00,15.0,67.0,7.0,1017.0
2025-09-09 06:00:00,16.9,63.0,0.0,1015.7
2025-09-09 07:00:00,19.0,52.0,3.7,1017.0
2025-09-09 08:00:00,20.0,49.0,7.0,1017.0
2025-09-09 09:00:00,22.5,48.0,4.0,1014.4
2025-09-09 10:00:00,26.0,37.0,11.0,1016.0
2025-09-09 11:00:00,27.0,34.0,6.0,1016.0
2025-09-09 12:00:00,27.6,36.0,4.0,1011.7
2025-09-09 13:00:00,30.0,27.0,7.0,1014.0
2025-09-09 14:00:00,29.0,29.0,9.0,1014.0
2025-09-09 15:00:00,26.9,36.0,7.0,1011.2
2025-09-09 16:00:00,27.0,34.0,9.0,1014.0
2025-09-09 17:00:00,24.0,39.0,13.0,1015.0
2025-09-09 18:00:00,23.1,51.0,0.0,1012.5
2025-09-09 19:00:00,22.0,50.0,11.0,1016.0
2025-09-09 20:00:00,20.0,56.0,11.0,1016.0
2025-09-09 21:00:00,19.8,60.0,7.0,1014.3
2025-09-09 22:00:00,18.0,60.0,11.0,1017.0
2025-09-09 23:00:00,18.0,60.0,7.0,1018.0
2025-09-10 00:00:00,15.9,78.0,7.0,1015.7
2025-09-10 01:00:00,14.0,77.0,4.0,1018.0
2025-09-10 02:00:00,14.0,77.0,3.7,1018.0
2025-09-10 03:00:00,14.3,82.0,4.0,1017.1
2025-09-10 04:00:00,13.0,82.0,6.0,1018.0
2025-09-10 05:00:00,14.0,82.0,3.7,1019.0
2025-09-10 06:00:00,17.8,64.0,4.0,1017.2
2025-09-10 07:00:00,19.0,52.0,4.0,1019.0
2025-09-10 08:00:00,22.0,43.0,3.7,1019.0
2025-09-10 09:00:00,24.3,40.0,4.0,1015.5
2025-09-10 10:00:00,27.0,34.0,6.0,1018.0
2025-09-10 11:00:00,29.0,31.0,7.0,1017.0
2025-09-10 12:00:00,29.6,34.0,4.0,1012.8
2025-09-10 13:00:00,31.0,27.0,6.0,1016.0
2025-09-10 14:00:00,31.0,26.0,7.0,1016.0
2025-09-10 15:00:00,30.4,33.0,4.0,1011.2
2025-09-10 16:00:00,29.0,33.0,11.0,1016.0
2025-09-10 17:00:00,27.0,34.0,15.0,1016.0
2025-09-10 18:00:00,25.6,45.0,0.0,1013.1
2025-09-10 19:00:00,22.0,47.0,13.0,1017.0
2025-09-10 20:00:00,22.0,47.0,7.0,1017.0
2025-09-10 21:00:00,22.3,51.0,0.0,1014.3
2025-09-10 22:00:00,22.0,47.0,15.0,1017.0
2025-09-10 23:00:00,23.0,50.0,28.0,1017.0
2025-09-11 00:00:00,22.1,56.0,0.0,1014.7
2025-09-11 01:00:00,21.0,64.0,22.0,1017.0
2025-09-11 02:00:00,19.0,73.0,20.0,1017.0
2025-09-11 03:00:00,19.3,74.0,0.0,1015.2
2025-09-11 04:00:00,18.0,83.0,20.0,1017.0
2025-09-11 05:00:00,19.0,73.0,26.0,1017.0
2025-09-11 06:00:00,19.5,74.0,4.0,1014.9
2025-09-11 07:00:00,20.0,68.0,24.0,1018.0
2025-09-11 08:00:00,21.0,64.0,20.0,1018.0
2025-09-11 09:00:00,20.9,67.0,4.0,1016.3
2025-09-11 10:00:00,19.0,83.0,0.0,1019.0
2025-09-11 11:00:00,19.0,83.0,15.0,1018.0
2025-09-11 12:00:00,19.4,83.0,4.0,1016.6
2025-09-11 13:00:00,19.0,88.0,11.0,1017.0
2025-09-11 14:00:00,20.0,83.0,7.0,1017.0
2025-09-11 15:00:00,20.3,76.0,0.0,1014.6
2025-09-11 16:00:00,21.0,73.0,9.0,1017.0
2025-09-11 17:00:00,20.0,78.0,2.0,1017.0
2025-09-11 18:00:00,18.3,88.0,4.0,1015.5
2025-09-11 19:00:00,18.0,94.0,0.0,1017.0
2025-09-11 20:00:00,18.0,94.0,6.0,1017.0
2025-09-11 21:00:00,17.5,90.0,4.0,1015.9
2025-09-11 22:00:00,16.0,100.0,6.0,1017.0
2025-09-11 23:00:00,16.0,94.0,13.0,1018.0
2025-09-12 00:00:00,17.4,88.0,4.0,1016.1
2025-09-12 01:00:00,17.0,88.0,9.0,1018.0
2025-09-12 02:00:00,15.0,94.0,4.0,1018.0
2025-09-12 03:00:00,13.8,96.0,0.0,1017.1
2025-09-12 04:00:00,14.0,94.0,7.0,1018.0
2025-09-12 05:00:00,14.0,100.0,0.0,1019.0
2025-09-12 06:00:00,17.0,81.0,0.0,1016.9
2025-09-12 07:00:00,17.0,94.0,6.0,1019.0
2025-09-12 08:00:00,19.0,78.0,4.0,1019.0
2025-09-12 09:00:00,22.2,58.0,7.0,1016.0
2025-09-12 10:00:00,24.0,54.0,13.0,1019.0
2025-09-12 11:00:00,26.0,45.0,11.0,1018.0
2025-09-12 12:00:00,26.4,41.0,11.0,1014.5
2025-09-12 13:00:00,28.0,33.0,19.0,1018.0
2025-09-12 14:00:00,27.0,45.0,22.0,1018.0
2025-09-12 15:00:00,25.3,49.0,7.0,1014.7
2025-09-12 16:00:00,25.0,51.0,13.0,1019.0
2025-09-12 17:00:00,23.0,57.0,7.0,1020.0
2025-09-12 18:00:00,22.4,61.0,4.0,1016.8
2025-09-12 19:00:00,19.0,73.0,6.0,1021.0
2025-09-12 20:00:00,18.0,78.0,6.0,1021.0
2025-09-12 21:00:00,19.0,72.0,4.0,1020.4
2025-09-12 22:00:00,16.0,88.0,2.0,1022.0
2025-09-12 23:00:00,16.0,82.0,0.0,1022.0
2025-09-13 00:00:00,17.2,82.0,4.0,1020.5
2025-09-13 01:00:00,15.0,88.0,6.0,1022.0
2025-09-13 02:00:00,14.0,94.0,0.0,1023.0
2025-09-13 03:00:00,14.2,92.0,0.0,1021.5
2025-09-13 04:00:00,13.0,94.0,6.0,1023.0
2025-09-13 05:00:00,14.0,94.0,1.0,1023.0
2025-09-13 06:00:00,17.4,84.0,0.0,1021.9
2025-09-13 07:00:00,20.0,73.0,9.0,1024.0
2025-09-13 08:00:00,22.0,69.0,9.0,1024.0
2025-09-13 09:00:00,23.7,58.0,7.0,1020.3
2025-09-13 10:00:00,26.0,45.0,13.0,1023.0
2025-09-13 11:00:00,27.0,39.0,15.0,1022.0
2025-09-13 12:00:00,27.7,39.0,7.0,1018.2
2025-09-13 13:00:00,29.0,33.0,15.0,1021.0
2025-09-13 14:00:00,28.0,37.0,22.0,1021.0
2025-09-13 15:00:00,27.3,42.0,11.0,1017.3
2025-09-13 16:00:00,26.0,45.0,26.0,1021.0
2025-09-13 17:00:00,24.0,50.0,20.0,1021.0
2025-09-13 18:00:00,22.2,60.0,0.0,1018.7
2025-09-13 19:00:00,21.0,64.0,19.0,1022.0
2025-09-13 20:00:00,21.0,64.0,22.0,1023.0
2025-09-13 21:00:00,21.1,59.0,7.0,1020.3
2025-09-13 22:00:00,20.0,64.0,28.0,1023.0
2025-09-13 23:00:00,19.0,64.0,28.0,1023.0
2025-09-14 00:00:00,18.6,73.0,0.0,1020.8
2025-09-14 01:00:00,18.0,64.0,26.0,1023.0
2025-09-14 02:00:00,17.0,72.0,26.0,1023.0
2025-09-14 03:00:00,17.0,71.0,0.0,1020.8
2025-09-14 04:00:00,16.0,77.0,22.0,1022.0
2025-09-14 05:00:00,17.0,77.0,22.0,1022.0
2025-09-14 06:00:00,17.0,76.0,4.0,1021.0
2025-09-14 07:00:00,20.0,64.0,28.0,1022.0
2025-09-14 08:00:00,21.0,60.0,26.0,1022.0
2025-09-14 09:00:00,21.2,61.0,14.0,1019.4
2025-09-14 10:00:00,23.0,53.0,28.0,1021.0
2025-09-14 11:00:00,24.0,50.0,26.0,1020.0
2025-09-14 12:00:00,24.1,51.0,11.0,1016.7
2025-09-14 13:00:00,26.0,45.0,22.0,1019.0
2025-09-14 14:00:00,26.0,45.0,19.0,1018.0
2025-09-14 15:00:00,24.6,50.0,7.0,1014.8
2025-09-14 16:00:00,24.0,47.0,17.0,1018.0
2025-09-14 17:00:00,22.0,57.0,13.0,1018.0
2025-09-14 18:00:00,20.9,62.0,7.0,1016.4
2025-09-14 19:00:00,19.0,68.0,20.0,1019.0
2025-09-14 20:00:00,19.0,64.0,20.0,1019.0
2025-09-14 21:00:00,18.9,70.0,4.0,1017.2
2025-09-14 22:00:00,19.0,60.0,13.0,1020.0
2025-09-14 23:00:00,19.0,60.0,19.0,1021.0
2025-09-15 00:00:00,16.5,84.0,4.0,1019.4
2025-09-15 01:00:00,18.0,68.0,13.0,1020.0
2025-09-15 02:00:00,17.0,72.0,2.0,1020.0
2025-09-15 03:00:00,15.3,84.0,4.0,1019.2
2025-09-15 04:00:00,14.0,88.0,6.0,1021.0
2025-09-15 05:00:00,15.0,88.0,6.0,1021.0
2025-09-15 06:00:00,16.5,82.0,7.0,1019.6
2025-09-15 07:00:00,18.0,78.0,9.0,1022.0
2025-09-15 08:00:00,20.0,68.0,17.0,1022.0
2025-09-15 09:00:00,20.6,64.0,11.0,1019.4
2025-09-15 10:00:00,23.0,50.0,9.0,1022.0
2025-09-15 11:00:00,24.0,44.0,11.0,1021.0
2025-09-15 12:00:00,24.4,44.0,11.0,1017.9
2025-09-15 13:00:00,26.0,30.0,13.0,1020.0
2025-09-15 14:00:00,26.0,32.0,17.0,1020.0
2025-09-15 15:00:00,25.9,39.0,7.0,1017.0
2025-09-15 16:00:00,24.0,41.0,17.0,1020.0
2025-09-15 17:00:00,22.0,41.0,7.0,1021.0
2025-09-15 18:00:00,17.8,61.0,4.0,1019.8
2025-09-15 19:00:00,19.0,52.0,13.0,1022.0
2025-09-15 20:00:00,17.0,59.0,9.0,1022.0
2025-09-15 21:00:00,13.4,76.0,0.0,1021.5
2025-09-15 22:00:00,14.0,67.0,0.0,1022.0
2025-09-15 23:00:00,12.0,77.0,2.0,1022.0
2025-09-16 00:00:00,14.4,69.0,7.0,1020.9
2025-09-16 01:00:00,11.0,76.0,7.0,1022.0
2025-09-16 02:00:00,11.0,76.0,6.0,1022.0
2025-09-16 03:00:00,11.6,79.0,0.0,1021.5
2025-09-16 04:00:00,9.0,82.0,6.0,1022.0
2025-09-16 05:00:00,9.0,87.0,7.0,1022.0
2025-09-16 06:00:00,13.6,68.0,4.0,1021.2
2025-09-16 07:00:00,16.0,63.0,4.0,1022.0
2025-09-16 08:00:00,19.0,52.0,4.0,1022.0
2025-09-16 09:00:00,21.2,49.0,4.0,1019.3
2025-09-16 10:00:00,25.0,34.0,6.0,1020.0
2025-09-16 11:00:00,27.0,28.0,6.0,1019.0
2025-09-16 12:00:00,27.0,30.0,4.0,1016.3
2025-09-16 13:00:00,29.0,25.0,9.0,1017.0
2025-09-16 14:00:00,30.0,22.0,6.0,1017.0
2025-09-16 15:00:00,29.2,29.0,0.0,1012.7
2025-09-16 16:00:00,28.0,23.0,4.0,1016.0
2025-09-16 17:00:00,23.0,38.0,6.0,1016.0
2025-09-16 18:00:00,20.4,51.0,0.0,1014.4
2025-09-16 19:00:00,21.0,40.0,2.0,1017.0
2025-09-16 20:00:00,18.0,49.0,2.0,1018.0
2025-09-16 21:00:00,18.3,53.0,7.0,1015.8
2025-09-16 22:00:00,15.0,59.0,13.0,1017.0
2025-09-16 23:00:00,16.0,52.0,9.0,1016.0
2025-09-17 00:00:00,16.6,61.0,0.0,1015.5
2025-09-17 01:00:00,14.0,63.0,7.0,1017.0
2025-09-17 02:00:00,14.0,67.0,4.0,1017.0
2025-09-17 03:00:00,16.9,66.0,11.0,1015.7
2025-09-17 04:00:00,16.0,72.0,28.0,1018.0
2025-09-17 05:00:00,16.0,68.0,24.0,1018.0
2025-09-17 06:00:00,15.8,69.0,14.0,1016.8
2025-09-17 07:00:00,16.0,68.0,22.0,1020.0
2025-09-17 08:00:00,16.0,68.0,20.0,1019.0
2025-09-17 09:00:00,15.0,79.0,11.0,1018.5
2025-09-17 10:00:00,17.0,63.0,28.0,1020.0
2025-09-17 11:00:00,17.0,59.0,32.0,1020.0
2025-09-17 12:00:00,16.6,62.0,14.0,1018.7
2025-09-17 13:00:00,15.0,77.0,20.0,1020.0
2025-09-17 14:00:00,18.0,64.0,17.0,1020.0
2025-09-17 15:00:00,17.8,56.0,11.0,1018.5
2025-09-17 16:00:00,17.0,55.0,13.0,1020.0
2025-09-17 17:00:00,16.0,55.0,20.0,1021.0
2025-09-17 18:00:00,15.3,58.0,14.0,1020.6
2025-09-17 19:00:00,14.0,59.0,13.0,1022.0
2025-09-17 20:00:00,13.0,63.0,13.0,1022.0
2025-09-17 21:00:00,13.5,61.0,7.0,1022.4
2025-09-17 22:00:00,12.0,67.0,15.0,1023.0
2025-09-17 23:00:00,11.0,67.0,17.0,1024.0
2025-09-18 00:00:00,12.6,59.0,7.0,1023.2
2025-09-18 01:00:00,9.0,76.0,6.0,1024.0
2025-09-18 02:00:00,8.0,76.0,11.0,1024.0
2025-09-18 03:00:00,11.4,67.0,4.0,1023.6
2025-09-18 04:00:00,6.0,87.0,4.0,1024.0
2025-09-18 05:00:00,6.0,87.0,4.0,1025.0
2025-09-18 06:00:00,13.1,56.0,11.0,1024.5
2025-09-18 07:00:00,15.0,55.0,15.0,1026.0
2025-09-18 08:00:00,17.0,45.0,17.0,1026.0
2025-09-18 09:00:00,18.1,38.0,11.0,1023.8
2025-09-18 10:00:00,19.0,35.0,15.0,1025.0
2025-09-18 11:00:00,20.0,33.0,13.0,1024.0
2025-09-18 12:00:00,20.7,29.0,7.0,1022.4
2025-09-18 13:00:00,22.0,29.0,13.0,1024.0
2025-09-18 14:00:00,22.0,31.0,17.0,1024.0
2025-09-18 15:00:00,21.2,30.0,7.0,1022.0
2025-09-18 16:00:00,20.0,37.0,22.0,1024.0
2025-09-18 17:00:00,18.0,40.0,15.0,1025.0
2025-09-18 18:00:00,17.5,45.0,4.0,1024.2
2025-09-18 19:00:00,15.0,51.0,15.0,1027.0
2025-09-18 20:00:00,14.0,55.0,15.0,1027.0
2025-09-18 21:00:00,14.2,57.0,11.0,1026.4
2025-09-18 22:00:00,12.0,62.0,13.0,1028.0
2025-09-18 23:00:00,11.0,62.0,6.0,1028.0
2025-09-19 00:00:00,10.8,69.0,4.0,1027.4
2025-09-19 01:00:00,9.0,71.0,6.0,1028.0
2025-09-19 02:00:00,7.0,81.0,4.0,1028.0
2025-09-19 03:00:00,6.3,87.0,0.0,1028.8
2025-09-19 04:00:00,5.0,81.0,9.0,1028.0
2025-09-19 05:00:00,6.0,81.0,4.0,1029.0
2025-09-19 06:00:00,12.0,58.0,7.0,1028.5
2025-09-19 07:00:00,14.0,55.0,4.0,1029.0
2025-09-19 08:00:00,17.0,48.0,7.0,1029.0
2025-09-19 09:00:00,19.1,39.0,14.0,1026.8
2025-09-19 10:00:00,20.0,40.0,7.0,1028.0
2025-09-19 11:00:00,22.0,35.0,7.0,1028.0
2025-09-19 12:00:00,22.7,38.0,4.0,1024.8
2025-09-19 13:00:00,24.0,31.0,7.0,1027.0
2025-09-19 14:00:00,25.0,30.0,17.0,1026.0
2025-09-19 15:00:00,24.6,36.0,4.0,1023.5
2025-09-19 16:00:00,23.0,38.0,11.0,1027.0
2025-09-19 17:00:00,21.0,43.0,7.0,1027.0
2025-09-19 18:00:00,18.4,55.0,0.0,1026.1
2025-09-19 19:00:00,19.0,46.0,7.0,1029.0
2025-09-19 20:00:00,15.0,63.0,6.0,1029.0
2025-09-19 21:00:00,15.0,69.0,0.0,1027.7
2025-09-19 22:00:00,13.0,72.0,0.0,1029.0
2025-09-19 23:00:00,12.0,77.0,0.0,1029.0
2025-09-20 00:00:00,10.8,84.0,0.0,1028.7
2025-09-20 01:00:00,11.0,76.0,7.0,1029.0
2025-09-20 02:00:00,10.0,76.0,9.0,1029.0
2025-09-20 03:00:00,11.4,76.0,4.0,1028.5
2025-09-20 04:00:00,10.0,76.0,4.0,1029.0
2025-09-20 05:00:00,10.0,76.0,4.0,1029.0
2025-09-20 06:00:00,15.1,68.0,0.0,1027.4
2025-09-20 07:00:00,16.0,59.0,6.0,1029.0
2025-09-20 08:00:00,19.0,52.0,7.0,1029.0
2025-09-20 09:00:00,22.2,44.0,4.0,1025.9
2025-09-20 10:00:00,25.0,39.0,7.0,1028.0
2025-09-20 11:00:00,26.0,34.0,6.0,1027.0
2025-09-20 12:00:00,26.2,39.0,7.0,1022.8
2025-09-20 13:00:00,27.0,30.0,11.0,1025.0
2025-09-20 14:00:00,27.0,30.0,13.0,1025.0
2025-09-20 15:00:00,26.1,35.0,0.0,1021.6
2025-09-20 16:00:00,25.0,34.0,17.0,1025.0
2025-09-20 17:00:00,22.0,41.0,11.0,1025.0
2025-09-20 18:00:00,18.3,56.0,4.0,1023.8
2025-09-20 19:00:00,17.0,55.0,9.0,1026.0
2025-09-20 20:00:00,16.0,59.0,7.0,1026.0
2025-09-20 21:00:00,16.4,57.0,7.0,1024.6
2025-09-20 22:00:00,14.0,67.0,13.0,1026.0
2025-09-20 23:00:00,13.0,72.0,13.0,1026.0
2025-09-21 00:00:00,13.5,71.0,4.0,1025.3
2025-09-21 01:00:00,11.0,76.0,11.0,1026.0
2025-09-21 02:00:00,11.0,76.0,11.0,1025.0
2025-09-21 03:00:00,13.3,77.0,4.0,1024.8
2025-09-21 04:00:00,12.0,77.0,7.0,1025.0
2025-09-21 05:00:00,12.0,82.0,6.0,1025.0
2025-09-21 06:00:00,16.2,64.0,7.0,1024.0
2025-09-21 07:00:00,20.0,56.0,15.0,1025.0
2025-09-21 08:00:00,23.0,44.0,13.0,1024.0
2025-09-21 09:00:00,24.0,42.0,14.0,1020.9
2025-09-21 10:00:00,25.0,36.0,24.0,1024.0
2025-09-21 11:00:00,26.0,34.0,17.0,1023.0
2025-09-21 12:00:00,26.5,34.0,11.0,1018.9
2025-09-21 13:00:00,27.0,32.0,20.0,1022.0
2025-09-21 14:00:00,27.0,28.0,20.0,1021.0
2025-09-21 15:00:00,26.2,32.0,11.0,1017.6
2025-09-21 16:00:00,25.0,30.0,20.0,1020.0
2025-09-21 17:00:00,22.0,35.0,13.0,1021.0
2025-09-21 18:00:00,20.0,50.0,7.0,1018.9
2025-09-21 19:00:00,18.0,52.0,15.0,1021.0
2025-09-21 20:00:00,16.0,59.0,15.0,1022.0
2025-09-21 21:00:00,16.6,64.0,7.0,1020.0
2025-09-21 22:00:00,16.0,59.0,19.0,1022.0
2025-09-21 23:00:00,17.0,59.0,22.0,1022.0
2025-09-22 00:00:00,16.0,65.0,7.0,1020.3
2025-09-22 01:00:00,15.0,77.0,13.0,1021.0
2025-09-22 02:00:00,14.0,77.0,10.0,1021.0
2025-09-22 03:00:00,12.1,89.0,0.0,1020.8
2025-09-22 04:00:00,13.0,88.0,13.0,1021.0
2025-09-22 05:00:00,13.0,82.0,13.0,1021.0
2025-09-22 06:00:00,15.3,76.0,7.0,1020.0
2025-09-22 07:00:00,18.0,64.0,22.0,1021.0
2025-09-22 08:00:00,19.0,60.0,19.0,1021.0
2025-09-22 09:00:00,21.0,55.0,11.0,1018.1
2025-09-22 10:00:00,24.0,44.0,15.0,1020.0
2025-09-22 11:00:00,26.0,37.0,17.0,1019.0
2025-09-22 12:00:00,26.1,34.0,14.0,1015.7
2025-09-22 13:00:00,27.0,28.0,17.0,1018.0
2025-09-22 14:00:00,28.0,22.0,19.0,1018.0
2025-09-22 15:00:00,26.4,23.0,11.0,1014.2
2025-09-22 16:00:00,25.0,30.0,15.0,1018.0
2025-09-22 17:00:00,21.0,43.0,15.0,1018.0
2025-09-22 18:00:00,20.6,38.0,14.0,1016.5
2025-09-22 19:00:00,17.0,59.0,19.0,1019.0
2025-09-22 20:00:00,15.0,63.0,13.0,1019.0
2025-09-22 21:00:00,16.0,61.0,4.0,1018.0
2025-09-22 22:00:00,15.0,59.0,15.0,1019.0
2025-09-22 23:00:00,14.0,67.0,11.0,1019.0
2025-09-23 00:00:00,14.2,66.0,4.0,1018.7
2025-09-23 01:00:00,12.0,77.0,9.0,1019.0
2025-09-23 02:00:00,11.0,82.0,6.0,1019.0
2025-09-23 03:00:00,10.1,85.0,0.0,1019.4
2025-09-23 04:00:00,10.0,87.0,6.0,1019.0
2025-09-23 05:00:00,10.0,87.0,0.0,1019.0
2025-09-23 06:00:00,14.5,66.0,0.0,1018.6
2025-09-23 07:00:00,16.0,63.0,2.0,1020.0
2025-09-23 08:00:00,20.0,49.0,4.0,1020.0
2025-09-23 09:00:00,22.0,46.0,4.0,1016.3
2025-09-23 10:00:00,25.0,34.0,6.0,1018.0
2025-09-23 11:00:00,27.0,30.0,7.0,1017.0
2025-09-23 12:00:00,27.5,33.0,4.0,1013.2
2025-09-23 13:00:00,30.0,24.0,4.0,1016.0
2025-09-23 14:00:00,30.0,22.0,6.0,1015.0
2025-09-23 15:00:00,28.9,30.0,0.0,1011.5
2025-09-23 16:00:00,26.0,32.0,11.0,1015.0
2025-09-23 17:00:00,22.0,41.0,11.0,1016.0
2025-09-23 18:00:00,20.7,50.0,4.0,1014.2
2025-09-23 19:00:00,19.0,49.0,13.0,1017.0
2025-09-23 20:00:00,18.0,52.0,11.0,1017.0
2025-09-23 21:00:00,18.3,52.0,4.0,1016.0
2025-09-23 22:00:00,15.0,63.0,9.0,1018.0
2025-09-23 23:00:00,15.0,63.0,9.0,1018.0
2025-09-24 00:00:00,15.8,65.0,0.0,1016.6
2025-09-24 01:00:00,13.0,72.0,0.0,1018.0
2025-09-24 02:00:00,11.0,76.0,0.0,1018.0
2025-09-24 03:00:00,11.9,84.0,0.0,1017.8
2025-09-24 04:00:00,12.0,77.0,0.0,1018.0
2025-09-24 05:00:00,10.0,82.0,0.0,1018.0
2025-09-24 06:00:00,14.0,71.0,0.0,1017.2
2025-09-24 07:00:00,18.0,52.0,0.0,1018.0
2025-09-24 08:00:00,21.0,46.0,2.0,1018.0
2025-09-24 09:00:00,22.4,45.0,4.0,1015.1
2025-09-24 10:00:00,26.0,34.0,6.0,1016.0
2025-09-24 11:00:00,28.0,30.0,6.0,1016.0
2025-09-24 12:00:00,28.2,28.0,7.0,1012.5
2025-09-24 13:00:00,30.0,25.0,7.0,1014.0
2025-09-24 14:00:00,30.0,25.0,7.0,1014.0
2025-09-24 15:00:00,27.7,37.0,0.0,1010.3
2025-09-24 16:00:00,26.0,30.0,17.0,1014.0
2025-09-24 17:00:00,23.0,36.0,13.0,1015.0
2025-09-24 18:00:00,22.3,39.0,4.0,1012.9
2025-09-24 19:00:00,20.0,43.0,13.0,1016.0
2025-09-24 20:00:00,17.0,52.0,15.0,1016.0
2025-09-24 21:00:00,18.6,53.0,4.0,1014.7
2025-09-24 22:00:00,19.0,52.0,26.0,1017.0
2025-09-24 23:00:00,19.0,56.0,24.0,1017.0
2025-09-25 00:00:00,17.3,62.0,4.0,1015.8
2025-09-25 01:00:00,17.0,68.0,24.0,1017.0
2025-09-25 02:00:00,16.0,72.0,17.0,1018.0
2025-09-25 03:00:00,15.7,74.0,11.0,1016.3
2025-09-25 04:00:00,14.0,77.0,13.0,1018.0
2025-09-25 05:00:00,15.0,77.0,17.0,1018.0
2025-09-25 06:00:00,15.4,77.0,4.0,1017.2
2025-09-25 07:00:00,19.0,60.0,28.0,1019.0
2025-09-25 08:00:00,21.0,49.0,32.0,1019.0
2025-09-25 09:00:00,20.6,57.0,11.0,1016.1
2025-09-25 10:00:00,22.0,50.0,28.0,1019.0
2025-09-25 11:00:00,21.0,49.0,26.0,1019.0
2025-09-25 12:00:00,20.4,55.0,14.0,1016.8
2025-09-25 13:00:00,21.0,53.0,22.0,1019.0
2025-09-25 14:00:00,20.0,56.0,22.0,1019.0
2025-09-25 15:00:00,19.6,60.0,11.0,1017.6
2025-09-25 16:00:00,19.0,60.0,20.0,1020.0
2025-09-25 17:00:00,18.0,64.0,19.0,1021.0
2025-09-25 18:00:00,17.4,69.0,7.0,1018.8
2025-09-25 19:00:00,17.0,68.0,13.0,1021.0
2025-09-25 20:00:00,16.0,72.0,15.0,1022.0
2025-09-25 21:00:00,16.4,72.0,4.0,1020.6
2025-09-25 22:00:00,17.0,63.0,30.0,1023.0
2025-09-25 23:00:00,15.0,77.0,30.0,1023.0
2025-09-26 00:00:00,16.0,72.0,7.0,1021.6
2025-09-26 01:00:00,15.0,77.0,26.0,1024.0
2025-09-26 02:00:00,15.0,72.0,28.0,1024.0
2025-09-26 03:00:00,15.0,71.0,4.0,1022.4
2025-09-26 04:00:00,14.0,77.0,30.0,1024.0
2025-09-26 05:00:00,14.0,77.0,30.0,1024.0
2025-09-26 06:00:00,14.0,76.0,7.0,1023.4
2025-09-26 07:00:00,15.0,72.0,26.0,1025.0
2025-09-26 08:00:00,15.0,72.0,26.0,1025.0
2025-09-26 09:00:00,15.4,70.0,11.0,1023.6
2025-09-26 10:00:00,17.0,63.0,30.0,1025.0
2025-09-26 11:00:00,18.0,60.0,32.0,1025.0
2025-09-26 12:00:00,17.3,61.0,11.0,1023.2
2025-09-26 13:00:00,18.0,56.0,26.0,1025.0
2025-09-26 14:00:00,17.0,59.0,28.0,1025.0
2025-09-26 15:00:00,16.2,63.0,11.0,1023.7
2025-09-26 16:00:00,15.0,67.0,19.0,1025.0
2025-09-26 17:00:00,15.0,67.0,17.0,1025.0
2025-09-26 18:00:00,14.0,70.0,4.0,1024.6
2025-09-26 19:00:00,15.0,67.0,13.0,1026.0
2025-09-26 20:00:00,14.0,72.0,17.0,1026.0
2025-09-26 21:00:00,13.1,72.0,7.0,1024.7
2025-09-26 22:00:00,14.0,63.0,32.0,1025.0
2025-09-26 23:00:00,14.0,59.0,28.0,1026.0
2025-09-27 00:00:00,12.4,63.0,18.0,1025.0
2025-09-27 01:00:00,12.0,62.0,26.0,1026.0
2025-09-27 02:00:00,11.0,67.0,24.0,1025.0
2025-09-27 03:00:00,11.0,71.0,11.0,1025.1
2025-09-27 04:00:00,11.0,67.0,22.0,1025.0
2025-09-27 05:00:00,10.0,82.0,19.0,1025.0
2025-09-27 06:00:00,11.4,69.0,11.0,1025.1
2025-09-27 07:00:00,13.0,63.0,24.0,1025.0
2025-09-27 08:00:00,14.0,59.0,28.0,1025.0
2025-09-27 09:00:00,13.7,59.0,14.0,1024.5
2025-09-27 10:00:00,15.0,51.0,20.0,1025.0
2025-09-27 11:00:00,14.0,63.0,13.0,1025.0
2025-09-27 12:00:00,14.3,61.0,7.0,1023.3
2025-09-27 13:00:00,17.0,55.0,13.0,1023.0
2025-09-27 14:00:00,15.0,59.0,11.0,1023.0
2025-09-27 15:00:00,15.3,58.0,7.0,1021.6
2025-09-27 16:00:00,14.0,63.0,6.0,1022.0
2025-09-27 17:00:00,14.0,63.0,6.0,1022.0
2025-09-27 18:00:00,13.6,65.0,4.0,1021.6
2025-09-27 19:00:00,14.0,63.0,13.0,1022.0
2025-09-27 20:00:00,13.0,67.0,13.0,1022.0
2025-09-27 21:00:00,13.2,64.0,0.0,1021.3
2025-09-27 22:00:00,14.0,59.0,24.0,1022.0
2025-09-27 23:00:00,14.0,59.0,24.0,1022.0
2025-09-28 00:00:00,12.3,71.0,0.0,1021.3
2025-09-28 01:00:00,13.0,63.0,24.0,1021.0
2025-09-28 02:00:00,12.0,72.0,20.0,1021.0
2025-09-28 03:00:00,11.5,74.0,0.0,1020.6
2025-09-28 04:00:00,10.0,87.0,17.0,1020.0
2025-09-28 05:00:00,11.0,82.0,19.0,1020.0
2025-09-28 06:00:00,10.8,81.0,0.0,1020.2
2025-09-28 07:00:00,12.0,77.0,22.0,1019.0
2025-09-28 08:00:00,14.0,67.0,22.0,1019.0
2025-09-28 09:00:00,14.1,66.0,4.0,1018.2
2025-09-28 10:00:00,16.0,59.0,15.0,1018.0
2025-09-28 11:00:00,16.0,55.0,15.0,1018.0
2025-09-28 12:00:00,16.4,54.0,4.0,1016.8
2025-09-28 13:00:00,18.0,49.0,19.0,1017.0
2025-09-28 14:00:00,17.0,48.0,19.0,1016.0
2025-09-28 15:00:00,16.6,51.0,7.0,1014.6
2025-09-28 16:00:00,16.0,48.0,17.0,1016.0
2025-09-28 17:00:00,16.0,48.0,11.0,1016.0
2025-09-28 18:00:00,14.6,60.0,7.0,1015.2
2025-09-28 19:00:00,13.0,72.0,11.0,1016.0
2025-09-28 20:00:00,12.0,72.0,9.0,1017.0
2025-09-28 21:00:00,11.8,79.0,0.0,1016.4
2025-09-28 22:00:00,11.0,88.0,9.0,1017.0
2025-09-28 23:00:00,10.0,94.0,9.0,1016.0
2025-09-29 00:00:00,10.2,94.0,4.0,1016.5
2025-09-29 01:00:00,10.0,94.0,11.0,1016.0
2025-09-29 02:00:00,10.0,94.0,11.0,1015.0
2025-09-29 03:00:00,9.4,97.0,0.0,1015.9
2025-09-29 04:00:00,10.0,94.0,6.0,1015.0
2025-09-29 05:00:00,10.0,100.0,6.0,1016.0
2025-09-29 06:00:00,10.6,91.0,4.0,1015.8
2025-09-29 07:00:00,11.0,94.0,4.0,1016.0
2025-09-29 08:00:00,12.0,82.0,6.0,1016.0
2025-09-29 09:00:00,11.9,85.0,4.0,1015.9
2025-09-29 10:00:00,14.0,72.0,4.0,1016.0
2025-09-29 11:00:00,15.0,67.0,4.0,1016.0
2025-09-29 12:00:00,13.8,76.0,4.0,1015.4
2025-09-29 13:00:00,15.0,67.0,9.0,1016.0
2025-09-29 14:00:00,15.0,67.0,19.0,1016.0
2025-09-29 15:00:00,13.8,71.0,11.0,1015.9
2025-09-29 16:00:00,13.0,77.0,13.0,1018.0
2025-09-29 17:00:00,13.0,77.0,6.0,1018.0
2025-09-29 18:00:00,11.8,78.0,4.0,1017.9
2025-09-29 19:00:00,12.0,77.0,9.0,1019.0
2025-09-29 20:00:00,11.0,88.0,7.0,1019.0
2025-09-29 21:00:00,11.0,84.0,0.0,1019.1
2025-09-29 22:00:00,11.0,82.0,11.0,1020.0
2025-09-29 23:00:00,10.0,87.0,9.0,1020.0
2025-09-30 00:00:00,8.6,92.0,0.0,1020.2
2025-09-30 01:00:00,8.0,93.0,6.0,1020.0
2025-09-30 02:00:00,8.0,93.0,9.0,1020.0
2025-09-30 03:00:00,9.3,87.0,7.0,1020.2
2025-09-30 04:00:00,7.0,93.0,7.0,1020.0
2025-09-30 05:00:00,8.0,93.0,7.0,1021.0
2025-09-30 06:00:00,9.5,84.0,7.0,1021.0
2025-09-30 07:00:00,11.0,76.0,9.0,1021.0
2025-09-30 08:00:00,12.0,67.0,11.0,1021.0
2025-09-30 09:00:00,13.9,54.0,7.0,1020.1
2025-09-30 10:00:00,15.0,45.0,13.0,1021.0
2025-09-30 11:00:00,16.0,36.0,13.0,1021.0
2025-09-30 12:00:00,16.4,42.0,0.0,1018.9
2025-09-30 13:00:00,17.0,37.0,13.0,1020.0
2025-09-30 14:00:00,17.0,39.0,13.0,1019.0
2025-09-30 15:00:00,16.1,45.0,7.0,1018.5
2025-09-30 16:00:00,16.0,42.0,15.0,1020.0
2025-09-30 17:00:00,15.0,45.0,13.0,1021.0
2025-09-30 18:00:00,13.3,55.0,7.0,1020.4
2025-09-30 19:00:00,12.0,62.0,15.0,1021.0
2025-09-30 20:00:00,11.0,67.0,13.0,1022.0
2025-09-30 21:00:00,10.5,67.0,7.0,1021.7
2025-09-30 22:00:00,9.0,76.0,15.0,1021.0
2025-09-30 23:00:00,11.0,67.0,9.0,1021.0
2025-10-01 00:00:00,9.7,73.0,4.0,1021.5
2025-10-01 01:00:00,9.0,71.0,11.0,1021.0
2025-10-01 02:00:00,8.0,76.0,11.0,1021.0
2025-10-01 03:00:00,6.2,85.0,0.0,1022.3
2025-10-01 04:00:00,8.0,76.0,7.0,1021.0
2025-10-01 05:00:00,9.0,71.0,9.0,1021.0
2025-10-01 06:00:00,7.6,84.0,4.0,1021.9
2025-10-01 07:00:00,11.0,62.0,15.0,1021.0
2025-10-01 08:00:00,11.0,62.0,19.0,1021.0
2025-10-01 09:00:00,11.6,51.0,11.0,1020.9
2025-10-01 10:00:00,14.0,44.0,13.0,1020.0
2025-10-01 11:00:00,14.0,44.0,9.0,1020.0
2025-10-01 12:00:00,14.2,43.0,7.0,1019.6
2025-10-01 13:00:00,16.0,36.0,4.0,1019.0
2025-10-01 14:00:00,16.0,36.0,7.0,1019.0
2025-10-01 15:00:00,14.8,45.0,0.0,1018.0
2025-10-01 16:00:00,14.0,41.0,13.0,1019.0
2025-10-01 17:00:00,13.0,44.0,7.0,1019.0
2025-10-01 18:00:00,11.7,56.0,0.0,1018.9
2025-10-01 19:00:00,12.0,47.0,4.0,1019.0
2025-10-01 20:00:00,12.0,54.0,2.0,1019.0
2025-10-01 21:00:00,9.4,77.0,0.0,1019.4
2025-10-01 22:00:00,10.0,71.0,7.0,1019.0
2025-10-01 23:00:00,10.0,71.0,2.0,1019.0
2025-10-02 00:00:00,8.7,84.0,0.0,1019.2
2025-10-02 01:00:00,9.0,82.0,9.0,1018.0
2025-10-02 02:00:00,8.0,87.0,9.0,1017.0
2025-10-02 03:00:00,7.5,91.0,0.0,1018.0
2025-10-02 04:00:00,8.0,93.0,4.0,1017.0
2025-10-02 05:00:00,8.0,87.0,4.0,1017.0
2025-10-02 06:00:00,7.2,96.0,0.0,1018.0
2025-10-02 07:00:00,8.0,87.0,2.0,1017.0
2025-10-02 08:00:00,8.0,87.0,4.0,1017.0
2025-10-02 09:00:00,6.7,96.0,0.0,1017.6
2025-10-02 10:00:00,7.0,87.0,7.0,1016.0
2025-10-02 11:00:00,7.0,87.0,9.0,1015.0
2025-10-02 12:00:00,6.1,95.0,0.0,1016.4
2025-10-02 13:00:00,6.0,87.0,11.0,1015.0
2025-10-02 14:00:00,6.0,87.0,11.0,1014.0
2025-10-02 15:00:00,4.7,95.0,4.0,1016.2
2025-10-02 16:00:00,5.0,87.0,9.0,1014.0
2025-10-02 17:00:00,5.0,87.0,9.0,1014.0
2025-10-02 18:00:00,4.1,97.0,4.0,1016.2
2025-10-02 19:00:00,5.0,93.0,6.0,1013.0
2025-10-02 20:00:00,5.0,87.0,11.0,1013.0
2025-10-02 21:00:00,4.3,97.0,0.0,1014.8
2025-10-02 22:00:00,5.0,93.0,7.0,1012.0
2025-10-02 23:00:00,6.0,87.0,11.0,1011.0
2025-10-03 00:00:00,4.6,95.0,0.0,1012.4
2025-10-03 01:00:00,5.0,81.0,17.0,1009.0
2025-10-03 02:00:00,4.0,87.0,15.0,1009.0
2025-10-03 03:00:00,3.5,100.0,0.0,1011.3
2025-10-03 04:00:00,4.0,81.0,11.0,1010.0
2025-10-03 05:00:00,3.0,87.0,7.0,1010.0
2025-10-03 06:00:00,0.9,98.0,4.0,1011.9
2025-10-03 07:00:00,3.0,87.0,11.0,1009.0
2025-10-03 08:00:00,3.0,93.0,20.0,1009.0
2025-10-03 09:00:00,3.2,95.0,4.0,1011.1
2025-10-03 10:00:00,5.0,75.0,20.0,1009.0
2025-10-03 11:00:00,5.0,75.0,19.0,1009.0
2025-10-03 12:00:00,4.3,84.0,7.0,1010.7
2025-10-03 13:00:00,5.0,75.0,13.0,1009.0
2025-10-03 14:00:00,5.0,75.0,11.0,1010.0
2025-10-03 15:00:00,4.7,80.0,7.0,1011.6
2025-10-03 16:00:00,5.0,75.0,13.0,1010.0
2025-10-03 17:00:00,5.0,81.0,11.0,1011.0
2025-10-03 18:00:00,3.8,91.0,4.0,1013.0
2025-10-03 19:00:00,4.0,87.0,17.0,1012.0
2025-10-03 20:00:00,4.0,87.0,17.0,1012.0
2025-10-03 21:00:00,3.0,92.0,7.0,1014.4
2025-10-03 22:00:00,4.0,81.0,17.0,1013.0
2025-10-03 23:00:00,4.0,81.0,15.0,1013.0
2025-10-04 00:00:00,3.3,89.0,7.0,1014.8
2025-10-04 01:00:00,4.0,87.0,15.0,1013.0
2025-10-04 02:00:00,4.0,81.0,13.0,1013.0
2025-10-04 03:00:00,3.5,87.0,11.0,1015.1
2025-10-04 04:00:00,4.0,81.0,17.0,1014.0
2025-10-04 05:00:00,4.0,81.0,17.0,1014.0
2025-10-04 06:00:00,4.7,79.0,4.0,1015.9
2025-10-04 07:00:00,5.0,81.0,15.0,1015.0
2025-10-04 08:00:00,6.0,76.0,20.0,1015.0
2025-10-04 09:00:00,7.2,72.0,11.0,1016.2
2025-10-04 10:00:00,8.0,71.0,19.0,1016.0
2025-10-04 11:00:00,8.0,71.0,20.0,1016.0
2025-10-04 12:00:00,9.6,64.0,14.0,1015.9
2025-10-04 13:00:00,8.0,71.0,26.0,1016.0
2025-10-04 14:00:00,8.0,66.0,17.0,1016.0
2025-10-04 15:00:00,7.9,74.0,0.0,1016.3
2025-10-04 16:00:00,8.0,71.0,17.0,1016.0
2025-10-04 17:00:00,7.0,76.0,19.0,1016.0
2025-10-04 18:00:00,6.0,84.0,0.0,1017.5
2025-10-04 19:00:00,5.0,87.0,6.0,1016.0
2025-10-04 20:00:00,4.0,87.0,0.0,1016.0
2025-10-04 21:00:00,2.2,94.0,0.0,1018.1
2025-10-04 22:00:00,3.0,93.0,7.0,1015.0
2025-10-04 23:00:00,2.0,93.0,11.0,1015.0
2025-10-05 00:00:00,0.9,96.0,0.0,1018.0
2025-10-05 01:00:00,1.0,93.0,6.0,1015.0
2025-10-05 02:00:00,1.0,100.0,7.0,1015.0
2025-10-05 03:00:00,1.7,98.0,0.0,1017.4
2025-10-05 04:00:00,2.0,87.0,6.0,1016.0
2025-10-05 05:00:00,1.0,93.0,4.0,1016.0
2025-10-05 06:00:00,3.7,92.0,0.0,1017.8
2025-10-05 07:00:00,5.0,87.0,11.0,1017.0
2025-10-05 08:00:00,9.0,66.0,4.0,1017.0
2025-10-05 09:00:00,9.6,66.0,0.0,1016.5
2025-10-05 10:00:00,13.0,54.0,6.0,1016.0
2025-10-05 11:00:00,15.0,48.0,7.0,1015.0
2025-10-05 12:00:00,15.5,48.0,4.0,1014.0
2025-10-05 13:00:00,17.0,37.0,9.0,1014.0
2025-10-05 14:00:00,18.0,34.0,7.0,1013.0
2025-10-05 15:00:00,16.5,45.0,4.0,1012.0
2025-10-05 16:00:00,13.0,54.0,9.0,1013.0
2025-10-05 17:00:00,12.0,62.0,6.0,1013.0
2025-10-05 18:00:00,11.1,74.0,0.0,1013.0
2025-10-05 19:00:00,11.0,67.0,4.0,1013.0
2025-10-05 20:00:00,10.0,71.0,6.0,1013.0
2025-10-05 21:00:00,9.9,80.0,0.0,1013.0
2025-10-05 22:00:00,11.0,71.0,7.0,1012.0
2025-10-05 23:00:00,11.0,71.0,7.0,1012.0
2025-10-06 00:00:00,10.3,75.0,4.0,1012.1
2025-10-06 01:00:00,12.0,62.0,4.0,1011.0
2025-10-06 02:00:00,10.0,87.0,7.0,1012.0
2025-10-06 03:00:00,9.4,95.0,0.0,1011.5
2025-10-06 04:00:00,9.0,94.0,9.0,1012.0
2025-10-06 05:00:00,9.0,94.0,6.0,1012.0
2025-10-06 06:00:00,9.0,93.0,0.0,1012.8
2025-10-06 07:00:00,10.0,94.0,7.0,1013.0
2025-10-06 08:00:00,10.0,94.0,6.0,1013.0
2025-10-06 09:00:00,9.5,95.0,4.0,1013.6
2025-10-06 10:00:00,10.0,87.0,20.0,1013.0
2025-10-06 11:00:00,9.0,94.0,24.0,1014.0
2025-10-06 12:00:00,8.7,91.0,7.0,1014.2
2025-10-06 13:00:00,8.0,93.0,28.0,1014.0
2025-10-06 14:00:00,8.0,93.0,22.0,1015.0
2025-10-06 15:00:00,7.3,93.0,7.0,1015.5
2025-10-06 16:00:00,8.0,93.0,19.0,1015.0
2025-10-06 17:00:00,8.0,93.0,19.0,1015.0
2025-10-06 18:00:00,7.2,94.0,7.0,1015.9
2025-10-06 19:00:00,8.0,87.0,13.0,1016.0
2025-10-06 20:00:00,8.0,87.0,15.0,1015.0
2025-10-06 21:00:00,7.1,93.0,0.0,1015.9
2025-10-06 22:00:00,7.0,93.0,17.0,1015.0
2025-10-06 23:00:00,8.0,87.0,15.0,1015.0
2025-10-07 00:00:00,6.9,90.0,7.0,1015.7
2025-10-07 01:00:00,7.0,87.0,13.0,1014.0
2025-10-07 02:00:00,7.0,87.0,13.0,1014.0
2025-10-07 03:00:00,6.7,90.0,7.0,1015.2
2025-10-07 04:00:00,7.0,87.0,19.0,1013.0
2025-10-07 05:00:00,7.0,87.0,19.0,1013.0
2025-10-07 06:00:00,6.6,88.0,11.0,1014.5
2025-10-07 07:00:00,8.0,81.0,17.0,1013.0
2025-10-07 08:00:00,8.0,81.0,15.0,1013.0
2025-10-07 09:00:00,7.2,86.0,7.0,1014.4
2025-10-07 10:00:00,8.0,87.0,15.0,1013.0
2025-10-07 11:00:00,8.0,93.0,15.0,1013.0
2025-10-07 12:00:00,7.6,95.0,7.0,1014.1
2025-10-07 13:00:00,8.0,87.0,7.0,1013.0
2025-10-07 14:00:00,8.0,87.0,15.0,1013.0
2025-10-07 15:00:00,7.5,95.0,4.0,1013.8
2025-10-07 16:00:00,8.0,81.0,15.0,1013.0
2025-10-07 17:00:00,8.0,81.0,13.0,1013.0
2025-10-07 18:00:00,6.8,91.0,7.0,1014.0
2025-10-07 19:00:00,7.0,93.0,13.0,1013.0
2025-10-07 20:00:00,7.0,93.0,11.0,1013.0
2025-10-07 21:00:00,6.6,96.0,7.0,1013.6
2025-10-07 22:00:00,8.0,87.0,15.0,1012.0
2025-10-07 23:00:00,7.0,100.0,11.0,1012.0
2025-10-08 00:00:00,7.0,96.0,11.0,1012.4
2025-10-08 01:00:00,8.0,93.0,9.0,1010.0
2025-10-08 02:00:00,8.0,93.0,10.0,1010.0
2025-10-08 03:00:00,7.2,95.0,11.0,1011.4
2025-10-08 04:00:00,8.0,93.0,8.0,1010.0
2025-10-08 05:00:00,8.0,93.0,8.0,1010.0
2025-10-08 06:00:00,7.5,93.0,11.0,1011.0
2025-10-08 07:00:00,9.0,87.0,11.0,1010.0
2025-10-08 08:00:00,9.0,87.0,10.0,1011.0
2025-10-08 09:00:00,8.2,89.0,14.0,1011.2
2025-10-08 10:00:00,9.0,87.0,10.0,1011.0
2025-10-08 11:00:00,10.0,82.0,11.0,1011.0
2025-10-08 12:00:00,8.3,90.0,14.0,1011.5
2025-10-08 13:00:00,9.0,87.0,14.0,1012.0
2025-10-08 14:00:00,9.0,81.0,12.0,1012.0
2025-10-08 15:00:00,8.1,88.0,22.0,1013.0
2025-10-08 16:00:00,9.0,81.0,11.0,1013.0
2025-10-08 17:00:00,9.0,81.0,13.0,1014.0
2025-10-08 18:00:00,8.2,87.0,11.0,1014.0
2025-10-08 19:00:00,9.0,87.0,11.0,1015.0
2025-10-08 20:00:00,9.0,87.0,10.0,1015.0
2025-10-08 21:00:00,8.8,87.0,4.0,1015.8
2025-10-08 22:00:00,10.0,82.0,7.0,1015.0
2025-10-08 23:00:00,10.0,82.0,8.0,1015.0
2025-10-09 00:00:00,9.2,60.0,4.0,1016.1
2025-10-09 01:00:00,10.0,82.0,10.0,1015.0
2025-10-09 02:00:00,10.0,76.0,11.0,1015.0
2025-10-09 03:00:00,9.4,81.0,14.0,1016.0
2025-10-09 04:00:00,9.0,76.0,11.0,1016.0
2025-10-09 05:00:00,9.0,76.0,10.0,1017.0
2025-10-09 06:00:00,10.0,73.0,14.0,1017.2
2025-10-09 07:00:00,11.0,67.0,13.0,1017.0
2025-10-09 08:00:00,12.0,62.0,16.0,1017.0
2025-10-09 09:00:00,12.1,61.0,22.0,1017.4
2025-10-09 10:00:00,15.0,51.0,19.0,1017.0
2025-10-09 11:00:00,15.0,48.0,17.0,1017.0
2025-10-09 12:00:00,15.4,50.0,22.0,1016.5
2025-10-09 13:00:00,16.0,45.0,18.0,1018.0
2025-10-09 14:00:00,15.0,48.0,17.0,1018.0
2025-10-09 15:00:00,14.2,51.0,18.0,1017.9
2025-10-09 16:00:00,13.0,58.0,9.0,1020.0
2025-10-09 17:00:00,11.0,67.0,8.0,1020.0
2025-10-09 18:00:00,11.9,64.0,7.0,1020.1
2025-10-09 19:00:00,11.0,67.0,9.0,1021.0
2025-10-09 20:00:00,11.0,71.0,7.0,1022.0
2025-10-09 21:00:00,11.1,69.0,7.0,1022.1
2025-10-09 22:00:00,8.0,81.0,4.0,1023.0
2025-10-09 23:00:00,7.0,87.0,1.0,1023.0
2025-10-10 00:00:00,9.0,84.0,0.0,1023.5
2025-10-10 01:00:00,9.0,81.0,4.0,1023.0
2025-10-10 02:00:00,10.0,82.0,7.0,1023.0
2025-10-10 03:00:00,9.7,87.0,0.0,1023.5
2025-10-10 04:00:00,10.0,87.0,4.0,1024.0
2025-10-10 05:00:00,10.0,87.0,2.0,1024.0
2025-10-10 06:00:00,12.6,77.0,7.0,1023.3
2025-10-10 07:00:00,13.0,77.0,6.0,1025.0
2025-10-10 08:00:00,15.0,67.0,7.0,1025.0
2025-10-10 09:00:00,15.0,69.0,11.0,1023.8
2025-10-10 10:00:00,17.0,59.0,12.0,1025.0
2025-10-10 11:00:00,19.0,49.0,14.0,1024.0
2025-10-10 12:00:00,18.0,52.0,14.0,1022.5
2025-10-10 13:00:00,16.0,63.0,11.0,1024.0
2025-10-10 14:00:00,17.0,55.0,15.0,1024.0
2025-10-10 15:00:00,15.0,65.0,11.0,1023.4
2025-10-10 16:00:00,15.0,63.0,13.0,1024.0
2025-10-10 17:00:00,14.0,67.0,11.0,1024.0
2025-10-10 18:00:00,13.3,70.0,11.0,1024.2
2025-10-10 19:00:00,12.0,77.0,9.0,1025.0
2025-10-10 20:00:00,12.0,71.0,10.0,1025.0
2025-10-10 21:00:00,12.6,71.0,14.0,1024.4
2025-10-10 22:00:00,13.0,67.0,11.0,1024.0
2025-10-10 23:00:00,13.0,67.0,8.0,1024.0
2025-10-11 00:00:00,12.9,68.0,14.0,1023.9
2025-10-11 01:00:00,13.0,72.0,15.0,1023.0
2025-10-11 02:00:00,13.0,67.0,14.0,1023.0
2025-10-11 03:00:00,12.5,71.0,14.0,1023.1
2025-10-11 04:00:00,13.0,67.0,15.0,1023.0
2025-10-11 05:00:00,11.0,82.0,28.0,1023.0
2025-10-11 06:00:00,10.5,86.0,18.0,1023.7
2025-10-11 07:00:00,11.0,76.0,26.0,1024.0
2025-10-11 08:00:00,12.0,72.0,24.0,1024.0
2025-10-11 09:00:00,12.3,64.0,14.0,1023.7
2025-10-11 10:00:00,13.0,58.0,28.0,1024.0
2025-10-11 11:00:00,14.0,55.0,28.0,1024.0
2025-10-11 12:00:00,14.1,56.0,18.0,1023.0
2025-10-11 13:00:00,15.0,48.0,17.0,1024.0
2025-10-11 14:00:00,15.0,48.0,15.0,1024.0
2025-10-11 15:00:00,14.3,55.0,4.0,1023.1
2025-10-11 16:00:00,13.0,63.0,19.0,1024.0
2025-10-11 17:00:00,13.0,63.0,20.0,1025.0
2025-10-11 18:00:00,12.0,70.0,11.0,1024.3
2025-10-11 19:00:00,12.0,72.0,17.0,1026.0
2025-10-11 20:00:00,11.0,76.0,15.0,1026.0
2025-10-11 21:00:00,11.4,76.0,7.0,1025.4
2025-10-11 22:00:00,12.0,77.0,15.0,1026.0
2025-10-11 23:00:00,11.0,82.0,15.0,1026.0
2025-10-12 00:00:00,11.3,80.0,11.0,1025.4
2025-10-12 01:00:00,12.0,77.0,17.0,1025.0
2025-10-12 02:00:00,12.0,77.0,15.0,1025.0
2025-10-12 03:00:00,11.3,79.0,11.0,1024.9
2025-10-12 04:00:00,11.0,82.0,15.0,1025.0
2025-10-12 05:00:00,11.0,82.0,17.0,1025.0
2025-10-12 06:00:00,11.4,77.0,7.0,1025.0
2025-10-12 07:00:00,12.0,77.0,15.0,1025.0
2025-10-12 08:00:00,13.0,72.0,20.0,1025.0
2025-10-12 09:00:00,13.4,63.0,11.0,1024.8
2025-10-12 10:00:00,16.0,55.0,19.0,1025.0
2025-10-12 11:00:00,15.0,59.0,24.0,1025.0
2025-10-12 12:00:00,13.7,61.0,7.0,1024.1
2025-10-12 13:00:00,15.0,59.0,24.0,1024.0
2025-10-12 14:00:00,14.0,63.0,17.0,1024.0
2025-10-12 15:00:00,13.4,63.0,7.0,1023.4
2025-10-12 16:00:00,14.0,63.0,11.0,1024.0
2025-10-12 17:00:00,13.0,67.0,13.0,1024.0
2025-10-12 18:00:00,12.8,67.0,7.0,1023.5
2025-10-12 19:00:00,13.0,67.0,7.0,1024.0
2025-10-12 20:00:00,12.0,72.0,9.0,1023.0
2025-10-12 21:00:00,11.8,73.0,7.0,1023.2
2025-10-12 22:00:00,10.0,82.0,7.0,1023.0
2025-10-12 23:00:00,10.0,82.0,6.0,1023.0
2025-10-13 00:00:00,11.5,75.0,7.0,1022.4
2025-10-13 01:00:00,12.0,67.0,15.0,1022.0
2025-10-13 02:00:00,12.0,62.0,15.0,1022.0
2025-10-13 03:00:00,11.0,78.0,7.0,1021.8
2025-10-13 04:00:00,11.0,71.0,6.0,1022.0
2025-10-13 05:00:00,10.0,76.0,6.0,1022.0
2025-10-13 06:00:00,11.4,68.0,4.0,1021.8
2025-10-13 07:00:00,11.0,76.0,11.0,1022.0
2025-10-13 08:00:00,13.0,67.0,17.0,1022.0
2025-10-13 09:00:00,12.9,63.0,11.0,1021.3
2025-10-13 10:00:00,14.0,55.0,20.0,1022.0
2025-10-13 11:00:00,15.0,48.0,22.0,1021.0
2025-10-13 12:00:00,14.6,53.0,14.0,1020.8
2025-10-13 13:00:00,15.0,51.0,24.0,1021.0
2025-10-13 14:00:00,14.0,55.0,22.0,1021.0
2025-10-13 15:00:00,14.3,52.0,11.0,1021.8
2025-10-13 16:00:00,13.0,58.0,17.0,1022.0
2025-10-13 17:00:00,13.0,54.0,13.0,1022.0
2025-10-13 18:00:00,12.2,58.0,11.0,1021.6
2025-10-13 19:00:00,12.0,62.0,15.0,1022.0
2025-10-13 20:00:00,12.0,62.0,17.0,1022.0
2025-10-13 21:00:00,11.4,64.0,7.0,1022.0
2025-10-13 22:00:00,12.0,67.0,9.0,1022.0
2025-10-13 23:00:00,12.0,67.0,11.0,1022.0
2025-10-14 00:00:00,11.0,75.0,7.0,1022.2
2025-10-14 01:00:00,11.0,71.0,13.0,1022.0
2025-10-14 02:00:00,11.0,76.0,9.0,1022.0
2025-10-14 03:00:00,10.6,76.0,4.0,1021.9
2025-10-14 04:00:00,10.0,82.0,6.0,1021.0
2025-10-14 05:00:00,10.0,82.0,4.0,1021.0
2025-10-14 06:00:00,10.8,76.0,0.0,1021.9
2025-10-14 07:00:00,11.0,76.0,6.0,1022.0
2025-10-14 08:00:00,12.0,72.0,13.0,1022.0
2025-10-14 09:00:00,13.6,61.0,0.0,1021.1
2025-10-14 10:00:00,15.0,51.0,7.0,1021.0
2025-10-14 11:00:00,14.0,55.0,9.0,1021.0
2025-10-14 12:00:00,13.8,60.0,0.0,1020.2
2025-10-14 13:00:00,15.0,55.0,15.0,1020.0
2025-10-14 14:00:00,13.0,63.0,20.0,1021.0
2025-10-14 15:00:00,12.4,67.0,0.0,1020.3
2025-10-14 16:00:00,12.0,67.0,15.0,1021.0
2025-10-14 17:00:00,12.0,67.0,9.0,1021.0
2025-10-14 18:00:00,11.2,79.0,4.0,1020.9
2025-10-14 19:00:00,11.0,76.0,7.0,1022.0
2025-10-14 20:00:00,11.0,76.0,6.0,1022.0
2025-10-14 21:00:00,11.1,74.0,4.0,1021.8
2025-10-14 22:00:00,10.0,82.0,6.0,1022.0
2025-10-14 23:00:00,10.0,82.0,4.0,1022.0
2025-10-15 00:00:00,10.4,80.0,4.0,1022.1
2025-10-15 01:00:00,6.0,93.0,7.0,1022.0
2025-10-15 02:00:00,6.0,93.0,4.0,1022.0
2025-10-15 03:00:00,5.9,94.0,4.0,1023.5
2025-10-15 04:00:00,3.0,93.0,0.0,1022.0
2025-10-15 05:00:00,3.0,100.0,6.0,1022.0
2025-10-15 06:00:00,6.0,89.0,4.0,1023.9
2025-10-15 07:00:00,7.0,93.0,4.0,1023.0
2025-10-15 08:00:00,10.0,76.0,4.0,1023.0
2025-10-15 09:00:00,11.8,68.0,4.0,1022.5
2025-10-15 10:00:00,14.0,51.0,7.0,1022.0
2025-10-15 11:00:00,15.0,39.0,7.0,1022.0
2025-10-15 12:00:00,15.5,43.0,4.0,1020.5
2025-10-15 13:00:00,17.0,25.0,11.0,1021.0
2025-10-15 14:00:00,16.0,23.0,7.0,1021.0
2025-10-15 15:00:00,14.4,48.0,4.0,1020.7
2025-10-15 16:00:00,14.0,51.0,11.0,1022.0
2025-10-15 17:00:00,11.0,62.0,7.0,1022.0
2025-10-15 18:00:00,9.5,72.0,0.0,1022.5
2025-10-15 19:00:00,9.0,71.0,2.0,1023.0
2025-10-15 20:00:00,7.0,81.0,4.0,1023.0
2025-10-15 21:00:00,7.0,80.0,0.0,1024.2
2025-10-15 22:00:00,6.0,81.0,4.0,1024.0
2025-10-15 23:00:00,7.0,81.0,2.0,1024.0
2025-10-16 00:00:00,6.7,87.0,0.0,1024.5
2025-10-16 01:00:00,4.0,93.0,0.0,1024.0
2025-10-16 02:00:00,4.0,93.0,4.0,1024.0
2025-10-16 03:00:00,4.1,95.0,0.0,1025.1
2025-10-16 04:00:00,6.0,87.0,4.0,1023.0
2025-10-16 05:00:00,6.0,87.0,4.0,1023.0
2025-10-16 06:00:00,7.5,87.0,0.0,1024.1
2025-10-16 07:00:00,7.0,81.0,6.0,1024.0
2025-10-16 08:00:00,11.0,76.0,4.0,1024.0
2025-10-16 09:00:00,12.5,66.0,7.0,1023.2
2025-10-16 10:00:00,15.0,55.0,17.0,1024.0
2025-10-16 11:00:00,16.0,52.0,19.0,1023.0
2025-10-16 12:00:00,16.2,53.0,11.0,1021.4
2025-10-16 13:00:00,17.0,48.0,22.0,1022.0
2025-10-16 14:00:00,16.0,48.0,20.0,1022.0
2025-10-16 15:00:00,14.0,60.0,7.0,1021.7
2025-10-16 16:00:00,13.0,63.0,19.0,1022.0
2025-10-16 17:00:00,10.0,76.0,15.0,1023.0
2025-10-16 18:00:00,10.6,76.0,4.0,1023.1
2025-10-16 19:00:00,10.0,82.0,15.0,1023.0
2025-10-16 20:00:00,9.0,82.0,15.0,1023.0
2025-10-16 21:00:00,8.8,84.0,4.0,1024.1
2025-10-16 22:00:00,10.0,82.0,22.0,1023.0
2025-10-16 23:00:00,10.0,82.0,19.0,1023.0
2025-10-17 00:00:00,10.7,81.0,7.0,1023.2
2025-10-17 01:00:00,11.0,82.0,20.0,1023.0
2025-10-17 02:00:00,11.0,82.0,22.0,1022.0
2025-10-17 03:00:00,10.1,87.0,7.0,1022.4
2025-10-17 04:00:00,10.0,87.0,19.0,1022.0
2025-10-17 05:00:00,10.0,87.0,19.0,1022.0
2025-10-17 06:00:00,10.0,87.0,4.0,1022.2
2025-10-17 07:00:00,11.0,82.0,19.0,1022.0
2025-10-17 08:00:00,12.0,72.0,24.0,1023.0
2025-10-17 09:00:00,10.8,80.0,7.0,1022.5
2025-10-17 10:00:00,13.0,67.0,24.0,1022.0
2025-10-17 11:00:00,13.0,67.0,22.0,1021.0
2025-10-17 12:00:00,12.5,72.0,11.0,1021.0
2025-10-17 13:00:00,13.0,67.0,19.0,1021.0
2025-10-17 14:00:00,13.0,67.0,17.0,1021.0
2025-10-17 15:00:00,11.4,79.0,7.0,1020.7
2025-10-17 16:00:00,11.0,82.0,9.0,1021.0
2025-10-17 17:00:00,10.0,94.0,4.0,1022.0
2025-10-17 18:00:00,9.9,93.0,4.0,1021.5
2025-10-17 19:00:00,10.0,94.0,15.0,1021.0
2025-10-17 20:00:00,10.0,94.0,11.0,1021.0
2025-10-17 21:00:00,9.8,95.0,4.0,1021.4
2025-10-17 22:00:00,10.0,94.0,13.0,1021.0
2025-10-17 23:00:00,10.0,94.0,11.0,1021.0
2025-10-18 00:00:00,9.8,95.0,4.0,1021.1
2025-10-18 01:00:00,10.0,94.0,15.0,1020.0
2025-10-18 02:00:00,11.0,88.0,15.0,1020.0
2025-10-18 03:00:00,9.9,95.0,0.0,1020.3
2025-10-18 04:00:00,10.0,94.0,11.0,1020.0
2025-10-18 05:00:00,10.0,94.0,9.0,1020.0
2025-10-18 06:00:00,10.1,96.0,0.0,1020.5
2025-10-18 07:00:00,11.0,94.0,4.0,1021.0
2025-10-18 08:00:00,11.0,94.0,4.0,1021.0
2025-10-18 09:00:00,10.9,94.0,4.0,1020.7
2025-10-18 10:00:00,12.0,88.0,6.0,1021.0
2025-10-18 11:00:00,12.0,88.0,0.0,1020.0
2025-10-18 12:00:00,11.5,93.0,4.0,1019.9
2025-10-18 13:00:00,13.0,82.0,4.0,1020.0
2025-10-18 14:00:00,13.0,82.0,4.0,1020.0
2025-10-18 15:00:00,12.2,93.0,0.0,1019.5
2025-10-18 16:00:00,12.0,94.0,7.0,1020.0
2025-10-18 17:00:00,12.0,88.0,15.0,1020.0
2025-10-18 18:00:00,11.0,92.0,7.0,1021.3
2025-10-18 19:00:00,11.0,88.0,20.0,1021.0
2025-10-18 20:00:00,11.0,88.0,17.0,1022.0
2025-10-18 21:00:00,10.4,90.0,11.0,1021.9
2025-10-18 22:00:00,9.0,87.0,13.0,1022.0
2025-10-18 23:00:00,10.0,87.0,11.0,1022.0
2025-10-19 00:00:00,8.9,89.0,7.0,1022.7
2025-10-19 01:00:00,7.0,93.0,13.0,1023.0
2025-10-19 02:00:00,8.0,87.0,9.0,1023.0
2025-10-19 03:00:00,7.9,86.0,7.0,1023.3
2025-10-19 04:00:00,7.0,93.0,6.0,1023.0
2025-10-19 05:00:00,6.0,93.0,11.0,1023.0
2025-10-19 06:00:00,7.8,81.0,7.0,1023.6
2025-10-19 07:00:00,9.0,82.0,13.0,1023.0
2025-10-19 08:00:00,10.0,66.0,19.0,1023.0
2025-10-19 09:00:00,10.8,52.0,14.0,1023.0
2025-10-19 10:00:00,12.0,44.0,24.0,1023.0
2025-10-19 11:00:00,13.0,35.0,24.0,1022.0
2025-10-19 12:00:00,13.1,38.0,11.0,1021.5
2025-10-19 13:00:00,14.0,29.0,20.0,1021.0
2025-10-19 14:00:00,13.0,28.0,20.0,1020.0
2025-10-19 15:00:00,11.7,38.0,7.0,1020.7
2025-10-19 16:00:00,11.0,35.0,11.0,1020.0
2025-10-19 17:00:00,8.0,49.0,9.0,1021.0
2025-10-19 18:00:00,6.6,63.0,4.0,1022.5
2025-10-19 19:00:00,5.0,65.0,7.0,1021.0
2025-10-19 20:00:00,2.0,75.0,0.0,1021.0
2025-10-19 21:00:00,1.5,85.0,4.0,1023.9
2025-10-19 22:00:00,1.0,87.0,6.0,1021.0
2025-10-19 23:00:00,0.0,93.0,6.0,1021.0
2025-10-20 00:00:00,0.5,88.0,4.0,1023.8
2025-10-20 01:00:00,-1.0,93.0,0.0,1020.0
2025-10-20 02:00:00,-2.0,100.0,0.0,1020.0
2025-10-20 03:00:00,0.0,88.0,4.0,1022.9
2025-10-20 04:00:00,-1.0,93.0,4.0,1019.0
2025-10-20 05:00:00,-2.0,93.0,7.0,1019.0
2025-10-20 06:00:00,-1.0,96.0,0.0,1022.7
2025-10-20 07:00:00,3.0,81.0,0.0,1020.0
2025-10-20 08:00:00,5.0,70.0,0.0,1019.0
2025-10-20 09:00:00,7.2,59.0,4.0,1020.4
2025-10-20 10:00:00,11.0,50.0,4.0,1018.0
2025-10-20 11:00:00,13.0,41.0,4.0,1017.0
2025-10-20 12:00:00,13.2,49.0,4.0,1017.0
2025-10-20 13:00:00,16.0,39.0,2.0,1016.0
2025-10-20 14:00:00,16.0,39.0,6.0,1015.0
2025-10-20 15:00:00,14.3,52.0,4.0,1014.4
2025-10-20 16:00:00,10.0,66.0,6.0,1015.0
2025-10-20 17:00:00,9.0,66.0,11.0,1016.0
2025-10-20 18:00:00,8.0,71.0,4.0,1016.5
2025-10-20 19:00:00,7.0,76.0,13.0,1016.0
2025-10-20 20:00:00,8.0,71.0,7.0,1017.0
2025-10-20 21:00:00,4.4,89.0,4.0,1018.3
2025-10-20 22:00:00,5.0,81.0,4.0,1017.0
2025-10-20 23:00:00,4.0,81.0,2.0,1016.0
2025-10-21 00:00:00,3.3,93.0,4.0,1018.7
2025-10-21 01:00:00,4.0,87.0,6.0,1016.0
2025-10-21 02:00:00,4.0,87.0,2.0,1016.0
2025-10-21 03:00:00,3.0,97.0,4.0,1018.2
2025-10-21 04:00:00,3.0,93.0,0.0,1016.0
2025-10-21 05:00:00,2.0,93.0,0.0,1015.0
2025-10-21 06:00:00,5.7,85.0,0.0,1017.1
2025-10-21 07:00:00,7.0,76.0,6.0,1016.0
2025-10-21 08:00:00,10.0,66.0,6.0,1016.0
2025-10-21 09:00:00,11.7,65.0,4.0,1015.2
2025-10-21 10:00:00,15.0,55.0,22.0,1015.0
2025-10-21 11:00:00,15.0,55.0,20.0,1015.0
2025-10-21 12:00:00,15.0,55.0,4.0,1013.2
2025-10-21 13:00:00,15.0,55.0,19.0,1014.0
2025-10-21 14:00:00,15.0,55.0,20.0,1013.0
2025-10-21 15:00:00,14.2,60.0,4.0,1012.7
2025-10-21 16:00:00,12.0,67.0,17.0,1014.0
2025-10-21 17:00:00,11.0,76.0,22.0,1014.0
2025-10-21 18:00:00,11.6,70.0,7.0,1013.6
2025-10-21 19:00:00,11.0,76.0,19.0,1014.0
2025-10-21 20:00:00,9.0,82.0,11.0,1014.0
2025-10-21 21:00:00,9.2,93.0,0.0,1014.7
2025-10-21 22:00:00,9.0,87.0,4.0,1014.0
2025-10-21 23:00:00,9.0,87.0,6.0,1014.0
2025-10-22 00:00:00,9.0,95.0,4.0,1014.5
2025-10-22 01:00:00,8.0,93.0,4.0,1014.0
2025-10-22 02:00:00,9.0,87.0,4.0,1013.0
2025-10-22 03:00:00,8.4,92.0,0.0,1014.2
2025-10-22 04:00:00,9.0,87.0,7.0,1013.0
2025-10-22 05:00:00,9.0,87.0,4.0,1013.0
2025-10-22 06:00:00,8.8,95.0,0.0,1013.6
2025-10-22 07:00:00,11.0,82.0,4.0,1013.0
2025-10-22 08:00:00,12.0,77.0,6.0,1013.0
2025-10-22 09:00:00,12.3,76.0,4.0,1013.0
2025-10-22 10:00:00,16.0,59.0,2.0,1013.0
2025-10-22 11:00:00,16.0,59.0,4.0,1012.0
2025-10-22 12:00:00,15.5,65.0,4.0,1011.4
2025-10-22 13:00:00,17.0,59.0,7.0,1012.0
2025-10-22 14:00:00,18.0,56.0,9.0,1012.0
2025-10-22 15:00:00,15.6,72.0,0.0,1010.7
2025-10-22 16:00:00,15.0,72.0,7.0,1012.0
2025-10-22 17:00:00,14.0,77.0,4.0,1012.0
2025-10-22 18:00:00,13.7,81.0,0.0,1011.5
2025-10-22 19:00:00,12.0,88.0,6.0,1013.0
2025-10-22 20:00:00,12.0,88.0,6.0,1013.0
2025-10-22 21:00:00,11.9,92.0,0.0,1012.8
2025-10-22 22:00:00,12.0,88.0,0.0,1014.0
2025-10-22 23:00:00,11.0,94.0,2.0,1013.0
2025-10-23 00:00:00,11.4,92.0,0.0,1013.1
2025-10-23 01:00:00,11.0,94.0,6.0,1013.0
2025-10-23 02:00:00,9.0,100.0,4.0,1013.0
2025-10-23 03:00:00,9.4,95.0,0.0,1013.2
2025-10-23 04:00:00,8.0,93.0,4.0,1012.0
2025-10-23 05:00:00,6.0,100.0,6.0,1012.0
2025-10-23 06:00:00,9.1,97.0,4.0,1012.8
2025-10-23 07:00:00,13.0,88.0,0.0,1013.0
2025-10-23 08:00:00,15.0,77.0,6.0,1012.0
2025-10-23 09:00:00,14.9,76.0,4.0,1011.1
2025-10-23 10:00:00,17.0,68.0,4.0,1011.0
2025-10-23 11:00:00,19.0,60.0,6.0,1010.0
2025-10-23 12:00:00,19.1,62.0,7.0,1007.7
2025-10-23 13:00:00,21.0,49.0,0.0,1009.0
2025-10-23 14:00:00,21.0,49.0,4.0,1008.0
2025-10-23 15:00:00,19.5,52.0,7.0,1005.8
2025-10-23 16:00:00,16.0,63.0,6.0,1007.0
2025-10-23 17:00:00,16.0,63.0,9.0,1007.0
2025-10-23 18:00:00,14.8,72.0,4.0,1006.5
2025-10-23 19:00:00,15.0,67.0,7.0,1007.0
2025-10-23 20:00:00,14.0,72.0,17.0,1007.0
2025-10-23 21:00:00,12.1,84.0,0.0,1007.1
2025-10-23 22:00:00,13.0,82.0,4.0,1006.0
2025-10-23 23:00:00,14.0,77.0,11.0,1006.0
2025-10-24 00:00:00,12.9,81.0,4.0,1005.2
2025-10-24 01:00:00,14.0,77.0,13.0,1005.0
2025-10-24 02:00:00,14.0,77.0,7.0,1004.0
2025-10-24 03:00:00,12.2,86.0,4.0,1003.5
2025-10-24 04:00:00,14.0,77.0,11.0,1002.0
2025-10-24 05:00:00,14.0,77.0,7.0,1003.0
2025-10-24 06:00:00,12.9,91.0,4.0,1001.7
2025-10-24 07:00:00,16.0,72.0,13.0,1003.0
2025-10-24 08:00:00,14.0,88.0,7.0,1004.0
2025-10-24 09:00:00,12.6,75.0,7.0,1005.3
2025-10-24 10:00:00,14.0,67.0,9.0,1006.0
2025-10-24 11:00:00,17.0,59.0,6.0,1006.0
2025-10-24 12:00:00,17.2,59.0,7.0,1004.2
2025-10-24 13:00:00,19.0,49.0,19.0,1006.0
2025-10-24 14:00:00,18.0,49.0,15.0,1006.0
2025-10-24 15:00:00,16.8,58.0,7.0,1005.3
2025-10-24 16:00:00,14.0,67.0,22.0,1008.0
2025-10-24 17:00:00,12.0,72.0,26.0,1009.0
2025-10-24 18:00:00,12.1,68.0,11.0,1009.5
2025-10-24 19:00:00,11.0,71.0,15.0,1011.0
2025-10-24 20:00:00,10.0,76.0,7.0,1012.0
2025-10-24 21:00:00,10.4,73.0,4.0,1011.8
2025-10-24 22:00:00,8.0,81.0,2.0,1012.0
2025-10-24 23:00:00,7.0,87.0,2.0,1013.0
2025-10-25 00:00:00,6.0,91.0,0.0,1013.5
2025-10-25 01:00:00,4.0,93.0,7.0,1013.0
2025-10-25 02:00:00,4.0,93.0,6.0,1013.0
2025-10-25 03:00:00,4.5,95.0,4.0,1014.7
2025-10-25 04:00:00,4.0,100.0,6.0,1014.0
2025-10-25 05:00:00,3.0,93.0,4.0,1014.0
2025-10-25 06:00:00,4.0,95.0,0.0,1016.3
2025-10-25 07:00:00,7.0,87.0,6.0,1015.0
2025-10-25 08:00:00,9.0,82.0,4.0,1015.0
2025-10-25 09:00:00,10.8,72.0,7.0,1014.5
2025-10-25 10:00:00,13.0,58.0,6.0,1015.0
2025-10-25 11:00:00,14.0,59.0,4.0,1014.0
2025-10-25 12:00:00,15.1,53.0,7.0,1012.3
2025-10-25 13:00:00,18.0,40.0,4.0,1013.0
2025-10-25 14:00:00,17.0,37.0,13.0,1012.0
2025-10-25 15:00:00,16.6,47.0,4.0,1011.3
2025-10-25 16:00:00,13.0,51.0,7.0,1013.0
2025-10-25 17:00:00,11.0,67.0,0.0,1013.0
2025-10-25 18:00:00,11.6,62.0,0.0,1013.0
2025-10-25 19:00:00,10.0,71.0,9.0,1013.0
2025-10-25 20:00:00,9.0,76.0,6.0,1013.0
2025-10-25 21:00:00,9.5,70.0,7.0,1013.2
2025-10-25 22:00:00,8.0,76.0,6.0,1013.0
2025-10-25 23:00:00,8.0,81.0,6.0,1012.0
2025-10-26 00:00:00,9.0,73.0,4.0,1012.5
2025-10-26 01:00:00,8.0,76.0,11.0,1011.0
2025-10-26 02:00:00,8.0,81.0,9.0,1011.0
2025-10-26 03:00:00,8.3,87.0,7.0,1012.0
2025-10-26 04:00:00,8.0,87.0,4.0,1011.0
2025-10-26 05:00:00,9.0,87.0,7.0,1011.0
2025-10-26 06:00:00,8.5,89.0,4.0,1011.6
2025-10-26 07:00:00,9.0,94.0,4.0,1012.0
2025-10-26 08:00:00,9.0,94.0,7.0,1011.0
2025-10-26 09:00:00,9.4,93.0,4.0,1011.5
2025-10-26 10:00:00,11.0,88.0,4.0,1011.0
2025-10-26 11:00:00,11.0,88.0,2.0,1010.0
2025-10-26 12:00:00,10.9,93.0,0.0,1010.0
2025-10-26 13:00:00,11.0,94.0,13.0,1009.0
2025-10-26 14:00:00,11.0,94.0,11.0,1008.0
2025-10-26 15:00:00,10.6,95.0,0.0,1008.5
2025-10-26 16:00:00,11.0,94.0,11.0,1008.0
2025-10-26 17:00:00,11.0,94.0,11.0,1008.0
2025-10-26 18:00:00,10.5,97.0,4.0,1007.7
2025-10-26 19:00:00,11.0,94.0,11.0,1007.0
2025-10-26 20:00:00,10.0,100.0,6.0,1007.0
2025-10-26 21:00:00,10.1,97.0,4.0,1007.3
2025-10-26 22:00:00,10.0,100.0,6.0,1005.0
2025-10-26 23:00:00,10.0,94.0,11.0,1005.0
2025-10-27 00:00:00,9.7,97.0,4.0,1005.2
2025-10-27 01:00:00,10.0,100.0,11.0,1005.0
2025-10-27 02:00:00,11.0,94.0,9.0,1005.0
2025-10-27 03:00:00,9.7,96.0,11.0,1006.1
2025-10-27 04:00:00,10.0,94.0,15.0,1007.0
2025-10-27 05:00:00,10.0,94.0,9.0,1007.0
2025-10-27 06:00:00,9.4,96.0,4.0,1007.4
2025-10-27 07:00:00,10.0,94.0,15.0,1008.0
2025-10-27 08:00:00,10.0,94.0,11.0,1008.0
2025-10-27 09:00:00,10.0,90.0,0.0,1007.6
2025-10-27 10:00:00,10.0,87.0,20.0,1008.0
2025-10-27 11:00:00,10.0,82.0,24.0,1007.0
2025-10-27 12:00:00,10.7,82.0,11.0,1007.2
2025-10-27 13:00:00,11.0,71.0,22.0,1008.0
2025-10-27 14:00:00,11.0,71.0,20.0,1008.0
2025-10-27 15:00:00,9.6,78.0,7.0,1008.2
2025-10-27 16:00:00,7.0,87.0,6.0,1009.0
2025-10-27 17:00:00,8.0,81.0,6.0,1010.0
2025-10-27 18:00:00,6.1,94.0,4.0,1010.7
2025-10-27 19:00:00,5.0,93.0,6.0,1010.0
2025-10-27 20:00:00,5.0,93.0,7.0,1010.0
2025-10-27 21:00:00,3.8,99.0,4.0,1011.4
2025-10-27 22:00:00,5.0,93.0,7.0,1010.0
2025-10-27 23:00:00,5.0,93.0,7.0,1010.0
2025-10-28 00:00:00,4.6,97.0,4.0,1011.1
2025-10-28 01:00:00,6.0,93.0,6.0,1010.0
2025-10-28 02:00:00,5.0,100.0,6.0,1011.0
2025-10-28 03:00:00,5.9,97.0,4.0,1012.2
2025-10-28 04:00:00,6.0,93.0,4.0,1012.0
2025-10-28 05:00:00,6.0,93.0,9.0,1012.0
2025-10-28 06:00:00,6.8,96.0,4.0,1012.7
2025-10-28 07:00:00,8.0,87.0,9.0,1014.0
2025-10-28 08:00:00,9.0,87.0,11.0,1015.0
2025-10-28 09:00:00,9.7,77.0,7.0,1014.9
2025-10-28 10:00:00,11.0,71.0,13.0,1016.0
2025-10-28 11:00:00,13.0,54.0,17.0,1015.0
2025-10-28 12:00:00,13.0,50.0,14.0,1014.7
2025-10-28 13:00:00,14.0,48.0,19.0,1016.0
2025-10-28 14:00:00,13.0,54.0,20.0,1016.0
2025-10-28 15:00:00,11.2,56.0,11.0,1016.2
2025-10-28 16:00:00,9.0,66.0,6.0,1018.0
2025-10-28 17:00:00,7.0,76.0,7.0,1019.0
2025-10-28 18:00:00,5.4,85.0,4.0,1020.3
2025-10-28 19:00:00,5.0,81.0,4.0,1020.0
2025-10-28 20:00:00,5.0,81.0,6.0,1020.0
2025-10-28 21:00:00,2.9,90.0,4.0,1022.4
2025-10-28 22:00:00,3.0,87.0,6.0,1021.0
2025-10-28 23:00:00,2.0,93.0,6.0,1021.0
2025-10-29 00:00:00,1.6,94.0,0.0,1023.2
2025-10-29 01:00:00,0.0,100.0,4.0,1021.0
2025-10-29 02:00:00,0.0,93.0,2.0,1022.0
2025-10-29 03:00:00,1.2,94.0,0.0,1024.0
2025-10-29 04:00:00,0.0,93.0,4.0,1022.0
2025-10-29 05:00:00,0.0,93.0,1.8,1023.0
2025-10-29 06:00:00,1.5,94.0,4.0,1025.2
2025-10-29 07:00:00,5.0,81.0,4.0,1024.0
2025-10-29 08:00:00,7.0,76.0,4.0,1024.0
2025-10-29 09:00:00,9.4,67.0,4.0,1023.6
2025-10-29 10:00:00,11.0,58.0,4.0,1023.0
2025-10-29 11:00:00,13.0,54.0,4.0,1023.0
2025-10-29 12:00:00,14.6,48.0,4.0,1021.4
2025-10-29 13:00:00,17.0,39.0,2.0,1021.0
2025-10-29 14:00:00,17.0,39.0,6.0,1021.0
2025-10-29 15:00:00,14.4,51.0,4.0,1020.2
2025-10-29 16:00:00,10.0,66.0,6.0,1021.0
2025-10-29 17:00:00,8.0,76.0,2.0,1022.0
2025-10-29 18:00:00,6.6,77.0,0.0,1022.8
2025-10-29 19:00:00,8.0,66.0,7.0,1022.0
2025-10-29 20:00:00,5.0,81.0,2.0,1022.0
2025-10-29 21:00:00,7.2,70.0,7.0,1022.7
2025-10-29 22:00:00,2.0,93.0,4.0,1022.0
2025-10-29 23:00:00,2.0,93.0,2.0,1022.0
2025-10-30 00:00:00,6.2,74.0,11.0,1022.9
2025-10-30 01:00:00,1.0,93.0,4.0,1022.0
2025-10-30 02:00:00,0.0,100.0,0.0,1021.0
2025-10-30 03:00:00,4.5,78.0,7.0,1022.8
2025-10-30 04:00:00,0.0,93.0,4.0,1022.0
2025-10-30 05:00:00,-1.0,100.0,4.0,1021.0
2025-10-30 06:00:00,2.4,91.0,0.0,1023.9
2025-10-30 07:00:00,5.0,81.0,4.0,1022.0
2025-10-30 08:00:00,7.0,81.0,4.0,1021.0
2025-10-30 09:00:00,9.5,67.0,4.0,1021.6
2025-10-30 10:00:00,12.0,54.0,4.0,1020.0
2025-10-30 11:00:00,15.0,45.0,4.0,1019.0
2025-10-30 12:00:00,15.9,44.0,4.0,1017.8
2025-10-30 13:00:00,18.0,34.0,2.0,1018.0
2025-10-30 14:00:00,18.0,34.0,2.0,1018.0
2025-10-30 15:00:00,14.1,54.0,0.0,1017.2
2025-10-30 16:00:00,10.0,71.0,0.0,1018.0
2025-10-30 17:00:00,9.0,71.0,6.0,1019.0
2025-10-30 18:00:00,7.7,70.0,0.0,1019.9
2025-10-30 19:00:00,6.0,81.0,7.0,1020.0
2025-10-30 20:00:00,5.0,81.0,6.0,1020.0
2025-10-30 21:00:00,9.1,61.0,7.0,1020.6
2025-10-30 22:00:00,4.0,87.0,6.0,1021.0
2025-10-30 23:00:00,3.0,93.0,4.0,1021.0
2025-10-31 00:00:00,5.1,82.0,0.0,1021.9
2025-10-31 01:00:00,2.0,93.0,6.0,1021.0
2025-10-31 02:00:00,2.0,100.0,6.0,1021.0
2025-10-31 03:00:00,6.0,77.0,4.0,1021.6
2025-10-31 04:00:00,3.0,93.0,0.0,1021.0
2025-10-31 05:00:00,4.0,87.0,2.0,1021.0
2025-10-31 06:00:00,4.9,88.0,0.0,1022.6
2025-10-31 07:00:00,5.0,87.0,7.0,1022.0
2025-10-31 08:00:00,8.0,76.0,6.0,1022.0
2025-10-31 09:00:00,11.4,65.0,4.0,1021.4
2025-10-31 10:00:00,13.0,58.0,4.0,1021.0
2025-10-31 11:00:00,15.0,55.0,0.0,1020.0
2025-10-31 12:00:00,17.9,51.0,4.0,1018.1
2025-10-31 13:00:00,19.0,46.0,4.0,1019.0
2025-10-31 14:00:00,20.0,40.0,3.0,1019.0
2025-10-31 15:00:00,15.3,61.0,0.0,1018.5
2025-10-31 16:00:00,14.0,63.0,6.0,1020.0
2025-10-31 17:00:00,11.0,71.0,5.0,1021.0
2025-10-31 18:00:00,12.1,64.0,4.0,1020.5
2025-10-31 19:00:00,9.0,82.0,6.0,1021.0
2025-10-31 20:00:00,9.0,82.0,6.0,1022.0
2025-10-31 21:00:00,8.0,81.0,4.0,1021.9
2025-10-31 22:00:00,6.0,93.0,0.0,1022.0
2025-10-31 23:00:00,5.0,93.0,0.0,1022.0
2025-11-01 00:00:00,8.9,78.0,7.0,1022.3
2025-11-01 01:00:00,3.0,100.0,4.0,1023.0
2025-11-01 02:00:00,3.0,100.0,4.0,1023.0
2025-11-01 03:00:00,6.7,83.0,7.0,1023.2
2025-11-01 04:00:00,3.0,93.0,4.0,1023.0
2025-11-01 05:00:00,4.0,93.0,0.0,1023.0
2025-11-01 06:00:00,6.1,79.0,4.0,1023.9
2025-11-01 07:00:00,7.0,87.0,2.0,1024.0
2025-11-01 08:00:00,10.0,71.0,4.0,1024.0
2025-11-01 09:00:00,11.9,68.0,4.0,1023.4
2025-11-01 10:00:00,14.0,63.0,4.0,1023.0
2025-11-01 11:00:00,17.0,52.0,6.0,1022.0
2025-11-01 12:00:00,18.6,48.0,0.0,1021.0
2025-11-01 13:00:00,21.0,38.0,6.0,1022.0
2025-11-01 14:00:00,21.0,40.0,4.0,1022.0
2025-11-01 15:00:00,17.9,56.0,0.0,1020.6
2025-11-01 16:00:00,15.0,59.0,11.0,1022.0
2025-11-01 17:00:00,12.0,67.0,17.0,1023.0
2025-11-01 18:00:00,14.0,58.0,7.0,1022.6
2025-11-01 19:00:00,11.0,71.0,11.0,1023.0
2025-11-01 20:00:00,9.0,76.0,7.0,1024.0
2025-11-01 21:00:00,10.7,69.0,7.0,1023.9
2025-11-01 22:00:00,7.0,81.0,9.0,1024.0
2025-11-01 23:00:00,7.0,81.0,7.0,1024.0
2025-11-02 00:00:00,9.5,75.0,7.0,1024.2
2025-11-02 01:00:00,5.0,87.0,0.0,1024.0
2025-11-02 02:00:00,4.0,93.0,0.0,1023.0
2025-11-02 03:00:00,7.4,82.0,7.0,1024.6
2025-11-02 04:00:00,3.0,93.0,4.0,1023.0
2025-11-02 05:00:00,3.0,100.0,6.0,1023.0
2025-11-02 06:00:00,7.1,82.0,4.0,1024.6
2025-11-02 07:00:00,7.0,87.0,4.0,1024.0
2025-11-02 08:00:00,10.0,76.0,6.0,1024.0
2025-11-02 09:00:00,12.7,64.0,4.0,1023.0
2025-11-02 10:00:00,16.0,55.0,2.0,1022.0
2025-11-02 11:00:00,18.0,52.0,2.0,1021.0
2025-11-02 12:00:00,17.8,54.0,4.0,1019.5
2025-11-02 13:00:00,20.0,46.0,7.0,1020.0
2025-11-02 14:00:00,20.0,43.0,13.0,1020.0
2025-11-02 15:00:00,18.0,52.0,7.0,1018.0
2025-11-02 16:00:00,13.0,67.0,13.0,1020.0
2025-11-02 17:00:00,12.0,72.0,15.0,1020.0
2025-11-02 18:00:00,11.8,72.0,4.0,1020.0
2025-11-02 19:00:00,11.0,71.0,9.0,1020.0
2025-11-02 20:00:00,9.0,82.0,9.0,1020.0
2025-11-02 21:00:00,10.0,73.0,7.0,1020.6
2025-11-02 22:00:00,8.0,81.0,6.0,1020.0
2025-11-02 23:00:00,7.0,87.0,4.0,1020.0
2025-11-03 00:00:00,7.9,87.0,4.0,1020.8
2025-11-03 01:00:00,7.0,87.0,0.0,1019.0
2025-11-03 02:00:00,7.0,87.0,4.0,1019.0
2025-11-03 03:00:00,7.4,90.0,0.0,1020.3
2025-11-03 04:00:00,5.0,93.0,2.0,1019.0
2025-11-03 05:00:00,5.0,93.0,0.0,1019.0
2025-11-03 06:00:00,7.7,88.0,4.0,1020.3
2025-11-03 07:00:00,7.0,93.0,4.0,1020.0
2025-11-03 08:00:00,9.0,82.0,2.0,1019.0
2025-11-03 09:00:00,11.1,78.0,4.0,1019.3
2025-11-03 10:00:00,13.0,72.0,4.0,1019.0
2025-11-03 11:00:00,16.0,59.0,2.0,1018.0
2025-11-03 12:00:00,16.4,59.0,4.0,1016.9
2025-11-03 13:00:00,17.0,52.0,6.0,1017.0
2025-11-03 14:00:00,18.0,52.0,4.0,1017.0
2025-11-03 15:00:00,16.4,59.0,4.0,1016.2
2025-11-03 16:00:00,14.0,67.0,4.0,1018.0
2025-11-03 17:00:00,13.0,77.0,4.0,1018.0
2025-11-03 18:00:00,13.1,76.0,4.0,1017.5
2025-11-03 19:00:00,12.0,77.0,6.0,1019.0
2025-11-03 20:00:00,13.0,82.0,15.0,1020.0
2025-11-03 21:00:00,13.7,80.0,11.0,1018.9
2025-11-03 22:00:00,12.0,82.0,26.0,1020.0
2025-11-03 23:00:00,11.0,82.0,26.0,1021.0
2025-11-04 00:00:00,10.2,82.0,18.0,1021.3
2025-11-04 01:00:00,9.0,87.0,26.0,1021.0
2025-11-04 02:00:00,9.0,87.0,26.0,1021.0
2025-11-04 03:00:00,8.4,89.0,14.0,1022.3
2025-11-04 04:00:00,8.0,87.0,28.0,1022.0
2025-11-04 05:00:00,8.0,87.0,26.0,1022.0
2025-11-04 06:00:00,7.4,89.0,14.0,1023.3
2025-11-04 07:00:00,8.0,87.0,22.0,1023.0
2025-11-04 08:00:00,8.0,87.0,22.0,1024.0
2025-11-04 09:00:00,7.1,90.0,14.0,1024.7
2025-11-04 10:00:00,9.0,87.0,22.0,1024.0
2025-11-04 11:00:00,9.0,82.0,24.0,1023.0
2025-11-04 12:00:00,8.4,80.0,14.0,1024.0
2025-11-04 13:00:00,9.0,76.0,20.0,1023.0
2025-11-04 14:00:00,9.0,76.0,20.0,1023.0
2025-11-04 15:00:00,8.0,79.0,11.0,1024.3
2025-11-04 16:00:00,8.0,76.0,19.0,1024.0
2025-11-04 17:00:00,8.0,81.0,19.0,1025.0
2025-11-04 18:00:00,7.5,81.0,11.0,1025.1
2025-11-04 19:00:00,8.0,81.0,17.0,1025.0
2025-11-04 20:00:00,8.0,81.0,15.0,1025.0
2025-11-04 21:00:00,7.4,83.0,7.0,1025.9
2025-11-04 22:00:00,8.0,81.0,15.0,1026.0
2025-11-04 23:00:00,8.0,81.0,13.0,1026.0
2025-11-05 00:00:00,7.5,84.0,7.0,1026.0
2025-11-05 01:00:00,8.0,81.0,15.0,1025.0
2025-11-05 02:00:00,8.0,81.0,13.0,1025.0
2025-11-05 03:00:00,7.5,86.0,4.0,1025.7
2025-11-05 04:00:00,8.0,81.0,6.0,1025.0
2025-11-05 05:00:00,8.0,81.0,6.0,1025.0
2025-11-05 06:00:00,7.9,86.0,4.0,1026.1
2025-11-05 07:00:00,8.0,87.0,9.0,1026.0
2025-11-05 08:00:00,9.0,82.0,6.0,1026.0
2025-11-05 09:00:00,9.1,81.0,4.0,1026.4
2025-11-05 10:00:00,10.0,76.0,4.0,1026.0
2025-11-05 11:00:00,11.0,71.0,4.0,1025.0
2025-11-05 12:00:00,11.2,74.0,4.0,1024.6
2025-11-05 13:00:00,12.0,72.0,6.0,1024.0
2025-11-05 14:00:00,11.0,76.0,7.0,1024.0
2025-11-05 15:00:00,10.7,78.0,4.0,1023.9
2025-11-05 16:00:00,10.0,82.0,0.0,1024.0
2025-11-05 17:00:00,10.0,82.0,0.0,1024.0
2025-11-05 18:00:00,9.7,84.0,4.0,1024.1
2025-11-05 19:00:00,9.0,94.0,11.0,1024.0
2025-11-05 20:00:00,9.0,94.0,6.0,1023.0
2025-11-05 21:00:00,8.9,93.0,4.0,1023.9
2025-11-05 22:00:00,9.0,94.0,4.0,1023.0
2025-11-05 23:00:00,9.0,94.0,9.0,1023.0
2025-11-06 00:00:00,8.7,93.0,4.0,1023.0
2025-11-06 01:00:00,9.0,87.0,17.0,1022.0
2025-11-06 02:00:00,9.0,82.0,15.0,1021.0
2025-11-06 03:00:00,8.4,85.0,7.0,1021.8
2025-11-06 04:00:00,9.0,82.0,15.0,1021.0
2025-11-06 05:00:00,9.0,82.0,15.0,1021.0
2025-11-06 06:00:00,8.1,85.0,7.0,1021.5
2025-11-06 07:00:00,9.0,82.0,19.0,1021.0
2025-11-06 08:00:00,10.0,76.0,22.0,1020.0
2025-11-06 09:00:00,9.9,74.0,11.0,1020.8
2025-11-06 10:00:00,12.0,67.0,15.0,1020.0
2025-11-06 11:00:00,12.0,67.0,19.0,1019.0
2025-11-06 12:00:00,12.0,64.0,7.0,1018.8
2025-11-06 13:00:00,13.0,54.0,19.0,1018.0
2025-11-06 14:00:00,12.0,58.0,15.0,1018.0
2025-11-06 15:00:00,11.4,65.0,7.0,1017.9
2025-11-06 16:00:00,10.0,76.0,19.0,1018.0
2025-11-06 17:00:00,9.0,82.0,17.0,1018.0
2025-11-06 18:00:00,9.2,76.0,7.0,1018.6
2025-11-06 19:00:00,9.0,82.0,19.0,1018.0
2025-11-06 20:00:00,9.0,82.0,17.0,1018.0
2025-11-06 21:00:00,8.6,78.0,7.0,1018.7
2025-11-06 22:00:00,9.0,82.0,15.0,1018.0
2025-11-06 23:00:00,9.0,82.0,13.0,1018.0
2025-11-07 00:00:00,8.7,81.0,7.0,1018.4
2025-11-07 01:00:00,9.0,82.0,15.0,1017.0
2025-11-07 02:00:00,9.0,82.0,15.0,1017.0
2025-11-07 03:00:00,8.5,85.0,7.0,1017.4
2025-11-07 04:00:00,9.0,87.0,19.0,1016.0
2025-11-07 05:00:00,9.0,87.0,17.0,1016.0
2025-11-07 06:00:00,8.4,87.0,7.0,1016.9
2025-11-07 07:00:00,9.0,87.0,22.0,1017.0
2025-11-07 08:00:00,11.0,76.0,20.0,1016.0
2025-11-07 09:00:00,10.5,80.0,7.0,1016.6
2025-11-07 10:00:00,12.0,72.0,13.0,1017.0
2025-11-07 11:00:00,12.0,72.0,13.0,1016.0
2025-11-07 12:00:00,12.1,72.0,11.0,1016.0
2025-11-07 13:00:00,12.0,77.0,20.0,1016.0
2025-11-07 14:00:00,11.0,82.0,20.0,1016.0
2025-11-07 15:00:00,10.7,83.0,7.0,1016.0
2025-11-07 16:00:00,11.0,82.0,24.0,1016.0
2025-11-07 17:00:00,10.0,87.0,19.0,1017.0
2025-11-07 18:00:00,9.6,89.0,4.0,1017.0
2025-11-07 19:00:00,10.0,87.0,17.0,1017.0
2025-11-07 20:00:00,9.0,94.0,9.0,1017.0
2025-11-07 21:00:00,8.4,93.0,4.0,1017.7
2025-11-07 22:00:00,8.0,93.0,9.0,1017.0
2025-11-07 23:00:00,7.0,93.0,6.0,1017.0
2025-11-08 00:00:00,7.1,96.0,4.0,1018.1
2025-11-08 01:00:00,6.0,93.0,6.0,1017.0
2025-11-08 02:00:00,6.0,100.0,7.0,1016.0
2025-11-08 03:00:00,8.3,89.0,4.0,1017.1
2025-11-08 04:00:00,10.0,87.0,19.0,1016.0
2025-11-08 05:00:00,10.0,87.0,20.0,1015.0
2025-11-08 06:00:00,10.1,86.0,7.0,1016.0
2025-11-08 07:00:00,11.0,82.0,26.0,1016.0
2025-11-08 08:00:00,11.0,88.0,19.0,1016.0
2025-11-08 09:00:00,11.0,84.0,7.0,1015.6
2025-11-08 10:00:00,13.0,77.0,20.0,1016.0
2025-11-08 11:00:00,13.0,72.0,11.0,1015.0
2025-11-08 12:00:00,12.1,86.0,4.0,1015.0
2025-11-08 13:00:00,12.0,94.0,15.0,1015.0
2025-11-08 14:00:00,13.0,82.0,11.0,1015.0
2025-11-08 15:00:00,12.0,84.0,7.0,1014.8
2025-11-08 16:00:00,12.0,88.0,17.0,1015.0
2025-11-08 17:00:00,11.0,88.0,7.0,1016.0
2025-11-08 18:00:00,11.0,88.0,4.0,1015.6
2025-11-08 19:00:00,10.0,94.0,2.0,1016.0
2025-11-08 20:00:00,9.0,100.0,9.0,1017.0
2025-11-08 21:00:00,9.4,96.0,7.0,1017.3
2025-11-08 22:00:00,7.0,93.0,2.0,1017.0
2025-11-08 23:00:00,8.0,100.0,4.0,1017.0
2025-11-09 00:00:00,9.0,95.0,4.0,1017.6
2025-11-09 01:00:00,7.0,93.0,6.0,1017.0
2025-11-09 02:00:00,7.0,100.0,9.0,1018.0
2025-11-09 03:00:00,8.1,99.0,4.0,1018.3
2025-11-09 04:00:00,7.0,100.0,4.0,1018.0
2025-11-09 05:00:00,7.0,100.0,0.0,1018.0
2025-11-09 06:00:00,7.3,97.0,4.0,1019.3
2025-11-09 07:00:00,7.0,100.0,2.0,1019.0
2025-11-09 08:00:00,9.0,94.0,4.0,1019.0
2025-11-09 09:00:00,10.9,91.0,7.0,1019.1
2025-11-09 10:00:00,11.0,94.0,4.0,1019.0
2025-11-09 11:00:00,14.0,77.0,0.0,1018.0
2025-11-09 12:00:00,13.5,80.0,4.0,1017.7
2025-11-09 13:00:00,15.0,72.0,6.0,1018.0
2025-11-09 14:00:00,14.0,77.0,4.0,1018.0
2025-11-09 15:00:00,13.2,83.0,0.0,1017.3
2025-11-09 16:00:00,12.0,88.0,6.0,1018.0
2025-11-09 17:00:00,11.0,88.0,11.0,1018.0
2025-11-09 18:00:00,10.4,92.0,7.0,1017.8
2025-11-09 19:00:00,12.0,88.0,17.0,1018.0
2025-11-09 20:00:00,13.0,82.0,17.0,1018.0
2025-11-09 21:00:00,11.6,89.0,4.0,1017.6
2025-11-09 22:00:00,13.0,82.0,15.0,1018.0
2025-11-09 23:00:00,12.0,94.0,6.0,1017.0
2025-11-10 00:00:00,11.2,94.0,4.0,1016.6
2025-11-10 01:00:00,12.0,94.0,13.0,1016.0
2025-11-10 02:00:00,12.0,94.0,9.0,1016.0
2025-11-10 03:00:00,11.4,95.0,4.0,1015.7
2025-11-10 04:00:00,12.0,94.0,24.0,1014.0
2025-11-10 05:00:00,11.0,94.0,9.0,1015.0
2025-11-10 06:00:00,11.2,86.0,11.0,1014.2
2025-11-10 07:00:00,12.0,88.0,22.0,1014.0
2025-11-10 08:00:00,13.0,82.0,4.0,1015.0
2025-11-10 09:00:00,13.1,82.0,4.0,1013.8
2025-11-10 10:00:00,15.0,72.0,11.0,1014.0
2025-11-10 11:00:00,15.0,77.0,13.0,1013.0
2025-11-10 12:00:00,14.9,77.0,4.0,1011.9
2025-11-10 13:00:00,16.0,72.0,15.0,1012.0
2025-11-10 14:00:00,15.0,72.0,17.0,1012.0
2025-11-10 15:00:00,14.5,80.0,4.0,1011.4
2025-11-10 16:00:00,14.0,82.0,15.0,1012.0
2025-11-10 17:00:00,13.0,82.0,19.0,1012.0
2025-11-10 18:00:00,12.6,89.0,4.0,1011.7
2025-11-10 19:00:00,12.0,94.0,11.0,1012.0
2025-11-10 20:00:00,12.0,94.0,4.0,1012.0
2025-11-10 21:00:00,11.6,96.0,4.0,1011.6
2025-11-10 22:00:00,11.0,100.0,6.0,1012.0
2025-11-10 23:00:00,11.0,100.0,6.0,1012.0
2025-11-11 00:00:00,10.8,95.0,11.0,1012.0
2025-11-11 01:00:00,10.0,94.0,22.0,1013.0
2025-11-11 02:00:00,9.0,94.0,24.0,1013.0
2025-11-11 03:00:00,8.3,93.0,14.0,1013.2
2025-11-11 04:00:00,9.0,87.0,22.0,1013.0
2025-11-11 05:00:00,9.0,87.0,22.0,1014.0
2025-11-11 06:00:00,8.2,89.0,14.0,1014.8
2025-11-11 07:00:00,9.0,87.0,22.0,1015.0
2025-11-11 08:00:00,9.0,87.0,20.0,1016.0
2025-11-11 09:00:00,8.5,89.0,11.0,1016.3
2025-11-11 10:00:00,9.0,82.0,24.0,1016.0
2025-11-11 11:00:00,10.0,76.0,22.0,1016.0
2025-11-11 12:00:00,8.5,89.0,11.0,1016.6
2025-11-11 13:00:00,10.0,71.0,26.0,1016.0
2025-11-11 14:00:00,10.0,71.0,26.0,1017.0
2025-11-11 15:00:00,10.0,68.0,11.0,1017.1
2025-11-11 16:00:00,9.0,71.0,20.0,1018.0
2025-11-11 17:00:00,8.0,76.0,19.0,1019.0
2025-11-11 18:00:00,7.5,73.0,11.0,1019.8
2025-11-11 19:00:00,7.0,76.0,11.0,1020.0
2025-11-11 20:00:00,5.0,87.0,7.0,1020.0
2025-11-11 21:00:00,6.2,79.0,4.0,1021.3
2025-11-11 22:00:00,4.0,93.0,11.0,1020.0
2025-11-11 23:00:00,3.0,93.0,4.0,1021.0
2025-11-12 00:00:00,2.0,88.0,0.0,1023.1
2025-11-12 01:00:00,2.0,93.0,6.0,1021.0
2025-11-12 02:00:00,1.0,93.0,4.0,1021.0
2025-11-12 03:00:00,0.3,94.0,4.0,1023.9
2025-11-12 04:00:00,-1.0,100.0,6.0,1022.0
2025-11-12 05:00:00,-1.0,93.0,6.0,1022.0
2025-11-12 06:00:00,0.8,96.0,4.0,1025.1
2025-11-12 07:00:00,0.0,100.0,0.0,1023.0
2025-11-12 08:00:00,2.0,93.0,4.0,1024.0
2025-11-12 09:00:00,5.2,79.0,7.0,1024.9
2025-11-12 10:00:00,7.0,76.0,4.0,1023.0
2025-11-12 11:00:00,10.0,66.0,6.0,1022.0
2025-11-12 12:00:00,11.1,62.0,4.0,1022.0
2025-11-12 13:00:00,12.0,62.0,7.0,1022.0
2025-11-12 14:00:00,13.0,54.0,6.0,1022.0
2025-11-12 15:00:00,10.9,68.0,4.0,1022.1
2025-11-12 16:00:00,9.0,71.0,7.0,1022.0
2025-11-12 17:00:00,6.0,87.0,0.0,1023.0
2025-11-12 18:00:00,6.8,99.0,4.0,1023.6
2025-11-12 19:00:00,5.0,93.0,6.0,1023.0
2025-11-12 20:00:00,4.0,93.0,6.0,1023.0
2025-11-12 21:00:00,3.5,92.0,4.0,1025.3
2025-11-12 22:00:00,3.0,93.0,6.0,1023.0
2025-11-12 23:00:00,2.0,93.0,0.0,1024.0
2025-11-13 00:00:00,2.2,93.0,0.0,1026.2
2025-11-13 01:00:00,0.0,100.0,6.0,1024.0
2025-11-13 02:00:00,-1.0,100.0,6.0,1024.0
2025-11-13 03:00:00,0.9,96.0,4.0,1026.2
2025-11-13 04:00:00,-1.0,93.0,0.0,1024.0
2025-11-13 05:00:00,-1.0,100.0,2.0,1024.0
2025-11-13 06:00:00,1.0,94.0,0.0,1026.3
2025-11-13 07:00:00,0.0,100.0,4.0,1025.0
2025-11-13 08:00:00,3.0,100.0,4.0,1025.0
2025-11-13 09:00:00,7.0,79.0,0.0,1025.3
2025-11-13 10:00:00,8.0,76.0,0.0,1025.0
2025-11-13 11:00:00,10.0,66.0,7.0,1024.0
2025-11-13 12:00:00,12.2,59.0,0.0,1022.7
2025-11-13 13:00:00,14.0,51.0,4.0,1022.0
2025-11-13 14:00:00,15.0,48.0,6.0,1022.0
2025-11-13 15:00:00,11.2,67.0,0.0,1022.3
2025-11-13 16:00:00,8.0,76.0,7.0,1022.0
2025-11-13 17:00:00,7.0,81.0,6.0,1022.0
2025-11-13 18:00:00,6.6,87.0,4.0,1023.6
2025-11-13 19:00:00,6.0,81.0,11.0,1023.0
2025-11-13 20:00:00,5.0,87.0,0.0,1023.0
2025-11-13 21:00:00,4.7,86.0,0.0,1024.2
2025-11-13 22:00:00,2.0,93.0,6.0,1024.0
2025-11-13 23:00:00,1.0,93.0,2.0,1023.0
2025-11-14 00:00:00,2.7,91.0,0.0,1025.3
2025-11-14 01:00:00,-1.0,100.0,0.0,1023.0
2025-11-14 02:00:00,0.0,93.0,0.0,1023.0
2025-11-14 03:00:00,1.2,94.0,4.0,1025.1
2025-11-14 04:00:00,-1.0,100.0,4.0,1022.0
2025-11-14 05:00:00,-1.0,93.0,4.0,1023.0
2025-11-14 06:00:00,1.2,91.0,0.0,1025.4
2025-11-14 07:00:00,3.0,87.0,4.0,1023.0
2025-11-14 08:00:00,5.0,87.0,4.0,1023.0
2025-11-14 09:00:00,8.5,72.0,4.0,1023.0
2025-11-14 10:00:00,11.0,62.0,0.0,1022.0
2025-11-14 11:00:00,13.0,54.0,4.0,1021.0
2025-11-14 12:00:00,14.5,55.0,4.0,1019.3
2025-11-14 13:00:00,17.0,42.0,4.0,1020.0
2025-11-14 14:00:00,16.0,48.0,4.0,1019.0
2025-11-14 15:00:00,12.3,67.0,4.0,1019.2
2025-11-14 16:00:00,10.0,71.0,7.0,1020.0
2025-11-14 17:00:00,8.0,76.0,4.0,1020.0
2025-11-14 18:00:00,8.7,61.0,4.0,1020.6
2025-11-14 19:00:00,5.0,81.0,7.0,1020.0
2025-11-14 20:00:00,4.0,87.0,7.0,1020.0
2025-11-14 21:00:00,7.6,61.0,7.0,1020.9
2025-11-14 22:00:00,2.0,93.0,0.0,1021.0
2025-11-14 23:00:00,1.0,93.0,0.0,1021.0
2025-11-15 00:00:00,6.1,71.0,4.0,1021.4
2025-11-15 01:00:00,1.0,93.0,6.0,1020.0
2025-11-15 02:00:00,-1.0,100.0,7.0,1020.0
2025-11-15 03:00:00,2.6,90.0,0.0,1022.0
2025-11-15 04:00:00,-1.0,100.0,6.0,1019.0
2025-11-15 05:00:00,0.0,93.0,4.0,1020.0
2025-11-15 06:00:00,1.1,92.0,0.0,1022.6
2025-11-15 07:00:00,2.0,93.0,0.0,1020.0
2025-11-15 08:00:00,5.0,81.0,2.0,1020.0
2025-11-15 09:00:00,7.4,74.0,4.0,1020.9
2025-11-15 10:00:00,11.0,62.0,2.0,1019.0
2025-11-15 11:00:00,13.0,58.0,0.0,1018.0
2025-11-15 12:00:00,14.0,48.0,4.0,1016.7
2025-11-15 13:00:00,15.0,48.0,2.0,1016.0
2025-11-15 14:00:00,15.0,48.0,4.0,1016.0
2025-11-15 15:00:00,12.6,58.0,4.0,1016.0
2025-11-15 16:00:00,9.0,71.0,7.0,1016.0
2025-11-15 17:00:00,6.0,87.0,7.0,1016.0
2025-11-15 18:00:00,9.3,60.0,7.0,1016.8
2025-11-15 19:00:00,5.0,87.0,4.0,1017.0
2025-11-15 20:00:00,3.0,93.0,0.0,1017.0
2025-11-15 21:00:00,5.1,83.0,0.0,1018.5
2025-11-15 22:00:00,2.0,93.0,6.0,1017.0
2025-11-15 23:00:00,2.0,93.0,7.0,1017.0
2025-11-16 00:00:00,5.4,74.0,4.0,1018.3
2025-11-16 01:00:00,1.0,93.0,0.0,1018.0
2025-11-16 02:00:00,1.0,100.0,2.0,1018.0
2025-11-16 03:00:00,3.5,77.0,4.0,1018.9
2025-11-16 04:00:00,-1.0,100.0,6.0,1018.0
2025-11-16 05:00:00,-1.0,100.0,4.0,1018.0
2025-11-16 06:00:00,1.6,93.0,4.0,1020.5
2025-11-16 07:00:00,2.0,93.0,4.0,1019.0
2025-11-16 08:00:00,6.0,81.0,4.0,1019.0
2025-11-16 09:00:00,8.2,68.0,4.0,1019.3
2025-11-16 10:00:00,11.0,62.0,4.0,1018.0
2025-11-16 11:00:00,12.0,58.0,4.0,1017.0
2025-11-16 12:00:00,13.6,47.0,4.0,1016.6
2025-11-16 13:00:00,15.0,45.0,0.0,1017.0
2025-11-16 14:00:00,15.0,48.0,0.0,1017.0
2025-11-16 15:00:00,12.5,55.0,4.0,1016.5
2025-11-16 16:00:00,8.0,76.0,6.0,1017.0
2025-11-16 17:00:00,7.0,81.0,6.0,1017.0
2025-11-16 18:00:00,7.5,74.0,4.0,1018.1
2025-11-16 19:00:00,6.0,87.0,4.0,1018.0
2025-11-16 20:00:00,4.0,93.0,7.0,1018.0
2025-11-16 21:00:00,5.2,82.0,4.0,1019.3
2025-11-16 22:00:00,4.0,87.0,2.0,1018.0
2025-11-16 23:00:00,3.0,93.0,0.0,1018.0
2025-11-17 00:00:00,5.4,83.0,4.0,1018.9
2025-11-17 01:00:00,2.0,93.0,4.0,1017.0
2025-11-17 02:00:00,2.0,93.0,0.0,1017.0
2025-11-17 03:00:00,3.6,90.0,0.0,1018.9
2025-11-17 04:00:00,2.0,93.0,4.0,1017.0
2025-11-17 05:00:00,2.0,93.0,2.0,1017.0
2025-11-17 06:00:00,5.0,77.0,4.0,1018.1
2025-11-17 07:00:00,4.0,87.0,6.0,1016.0
2025-11-17 08:00:00,7.0,81.0,6.0,1016.0
2025-11-17 09:00:00,8.6,71.0,7.0,1016.4
2025-11-17 10:00:00,9.0,76.0,7.0,1015.0
2025-11-17 11:00:00,10.0,66.0,6.0,1013.0
2025-11-17 12:00:00,17.4,38.0,7.0,1012.1
2025-11-17 13:00:00,21.0,28.0,43.0,1011.0
2025-11-17 14:00:00,21.0,27.0,28.0,1011.0
2025-11-17 15:00:00,19.0,29.0,7.0,1009.8
2025-11-17 16:00:00,21.0,28.0,48.0,1010.0
2025-11-17 17:00:00,21.0,28.0,37.0,1011.0
2025-11-17 18:00:00,18.3,33.0,7.0,1009.9
2025-11-17 19:00:00,20.0,33.0,13.0,1012.0
2025-11-17 20:00:00,19.0,37.0,28.0,1011.0
2025-11-17 21:00:00,17.7,41.0,11.0,1010.4
2025-11-17 22:00:00,19.0,43.0,37.0,1012.0
2025-11-17 23:00:00,19.0,43.0,24.0,1012.0
2025-11-18 00:00:00,17.2,57.0,7.0,1010.5
2025-11-18 01:00:00,19.0,43.0,41.0,1011.0
2025-11-18 02:00:00,18.0,45.0,28.0,1011.0
2025-11-18 03:00:00,14.5,55.0,7.0,1011.0
2025-11-18 04:00:00,15.0,55.0,7.0,1012.0
2025-11-18 05:00:00,19.0,43.0,7.0,1012.0
2025-11-18 06:00:00,16.8,56.0,11.0,1011.7
2025-11-18 07:00:00,18.0,49.0,39.0,1013.0
2025-11-18 08:00:00,14.0,72.0,11.0,1014.0
2025-11-18 09:00:00,14.1,72.0,7.0,1013.5
2025-11-18 10:00:00,13.0,88.0,11.0,1015.0
2025-11-18 11:00:00,13.0,88.0,6.0,1015.0
2025-11-18 12:00:00,12.2,94.0,4.0,1014.6
2025-11-18 13:00:00,13.0,88.0,6.0,1014.0
2025-11-18 14:00:00,9.0,94.0,17.0,1014.0
2025-11-18 15:00:00,9.7,92.0,7.0,1014.9
2025-11-18 16:00:00,8.0,93.0,9.0,1014.0
2025-11-18 17:00:00,7.0,93.0,7.0,1014.0
2025-11-18 18:00:00,8.0,95.0,4.0,1014.9
2025-11-18 19:00:00,7.0,93.0,9.0,1013.0
2025-11-18 20:00:00,7.0,93.0,6.0,1013.0
2025-11-18 21:00:00,7.1,97.0,4.0,1014.1
2025-11-18 22:00:00,8.0,87.0,15.0,1015.0
2025-11-18 23:00:00,7.0,93.0,2.0,1014.0
2025-11-19 00:00:00,7.0,97.0,4.0,1015.2
2025-11-19 01:00:00,8.0,100.0,11.0,1014.0
2025-11-19 02:00:00,8.0,100.0,4.0,1014.0
2025-11-19 03:00:00,7.7,97.0,7.0,1015.1
2025-11-19 04:00:00,6.0,93.0,6.0,1015.0
2025-11-19 05:00:00,6.0,93.0,4.0,1015.0
2025-11-19 06:00:00,6.1,97.0,4.0,1016.2
2025-11-19 07:00:00,6.0,93.0,4.0,1016.0
2025-11-19 08:00:00,6.0,93.0,0.0,1016.0
2025-11-19 09:00:00,7.0,96.0,4.0,1016.7
2025-11-19 10:00:00,7.0,93.0,4.0,1015.0
2025-11-19 11:00:00,8.0,93.0,6.0,1015.0
2025-11-19 12:00:00,7.8,96.0,4.0,1015.3
2025-11-19 13:00:00,9.0,94.0,4.0,1014.0
2025-11-19 14:00:00,10.0,87.0,17.0,1013.0
2025-11-19 15:00:00,10.6,89.0,4.0,1013.1
2025-11-19 16:00:00,11.0,88.0,6.0,1013.0
2025-11-19 17:00:00,10.0,94.0,7.0,1014.0
2025-11-19 18:00:00,10.2,94.0,4.0,1013.6
2025-11-19 19:00:00,11.0,88.0,7.0,1014.0
2025-11-19 20:00:00,11.0,94.0,6.0,1014.0
2025-11-19 21:00:00,10.5,95.0,7.0,1013.8
2025-11-19 22:00:00,12.0,82.0,11.0,1013.0
2025-11-19 23:00:00,12.0,82.0,13.0,1013.0
2025-11-20 00:00:00,11.1,89.0,4.0,1014.1
2025-11-20 01:00:00,11.0,88.0,4.0,1013.0
2025-11-20 02:00:00,12.0,82.0,11.0,1013.0
2025-11-20 03:00:00,11.2,86.0,4.0,1014.2
2025-11-20 04:00:00,11.0,88.0,11.0,1013.0
2025-11-20 05:00:00,11.0,82.0,7.0,1012.0
2025-11-20 06:00:00,15.1,55.0,11.0,1011.7
2025-11-20 07:00:00,12.0,82.0,20.0,1013.0
2025-11-20 08:00:00,13.0,77.0,4.0,1013.0
2025-11-20 09:00:00,13.1,78.0,7.0,1012.7
2025-11-20 10:00:00,14.0,72.0,6.0,1013.0
2025-11-20 11:00:00,14.0,72.0,4.0,1013.0
2025-11-20 12:00:00,14.8,69.0,4.0,1011.5
2025-11-20 13:00:00,17.0,52.0,9.0,1012.0
2025-11-20 14:00:00,15.0,67.0,13.0,1012.0
2025-11-20 15:00:00,14.9,68.0,7.0,1011.2
2025-11-20 16:00:00,14.0,67.0,6.0,1013.0
2025-11-20 17:00:00,13.0,72.0,9.0,1013.0
2025-11-20 18:00:00,12.6,74.0,4.0,1012.7
2025-11-20 19:00:00,12.0,72.0,11.0,1013.0
2025-11-20 20:00:00,11.0,76.0,7.0,1013.0
2025-11-20 21:00:00,10.4,84.0,4.0,1013.2
2025-11-20 22:00:00,10.0,87.0,7.0,1013.0
2025-11-20 23:00:00,11.0,82.0,11.0,1014.0
2025-11-21 00:00:00,10.8,85.0,7.0,1013.3
2025-11-21 01:00:00,10.0,87.0,9.0,1013.0
2025-11-21 02:00:00,8.0,93.0,7.0,1012.0
2025-11-21 03:00:00,9.8,86.0,7.0,1012.0
2025-11-21 04:00:00,9.0,87.0,4.0,1011.0
2025-11-21 05:00:00,9.0,87.0,6.0,1012.0
2025-11-21 06:00:00,9.4,92.0,7.0,1011.6
2025-11-21 07:00:00,10.0,87.0,7.0,1013.0
2025-11-21 08:00:00,14.0,63.0,35.0,1012.0
2025-11-21 09:00:00,15.2,58.0,14.0,1010.8
2025-11-21 10:00:00,15.0,63.0,7.0,1012.0
2025-11-21 11:00:00,15.0,63.0,15.0,1012.0
2025-11-21 12:00:00,15.7,63.0,7.0,1010.5
2025-11-21 13:00:00,16.0,63.0,6.0,1011.0
2025-11-21 14:00:00,15.0,72.0,24.0,1011.0
2025-11-21 15:00:00,15.5,62.0,7.0,1010.1
2025-11-21 16:00:00,15.0,63.0,15.0,1012.0
2025-11-21 17:00:00,16.0,55.0,20.0,1012.0
2025-11-21 18:00:00,13.6,72.0,18.0,1011.3
2025-11-21 19:00:00,12.0,82.0,28.0,1013.0
2025-11-21 20:00:00,12.0,82.0,22.0,1012.0
2025-11-21 21:00:00,11.5,83.0,14.0,1012.1
2025-11-21 22:00:00,11.0,88.0,19.0,1012.0
2025-11-21 23:00:00,11.0,88.0,17.0,1012.0
2025-11-22 00:00:00,10.3,89.0,7.0,1011.8
2025-11-22 01:00:00,10.0,87.0,9.0,1012.0
2025-11-22 02:00:00,11.0,82.0,26.0,1011.0
2025-11-22 03:00:00,9.7,89.0,4.0,1011.9
2025-11-22 04:00:00,10.0,87.0,15.0,1012.0
2025-11-22 05:00:00,10.0,87.0,20.0,1012.0
2025-11-22 06:00:00,8.8,92.0,4.0,1012.7
2025-11-22 07:00:00,12.0,82.0,6.0,1013.0
2025-11-22 08:00:00,12.0,82.0,7.0,1013.0
2025-11-22 09:00:00,13.2,79.0,7.0,1012.4
2025-11-22 10:00:00,16.0,72.0,19.0,1013.0
2025-11-22 11:00:00,16.0,72.0,15.0,1012.0
2025-11-22 12:00:00,18.1,57.0,11.0,1010.2
2025-11-22 13:00:00,18.0,56.0,20.0,1011.0
2025-11-22 14:00:00,18.0,60.0,15.0,1010.0
2025-11-22 15:00:00,15.7,70.0,4.0,1010.7
2025-11-22 16:00:00,13.0,82.0,7.0,1011.0
2025-11-22 17:00:00,13.0,77.0,7.0,1011.0
2025-11-22 18:00:00,12.6,79.0,4.0,1010.6
2025-11-22 19:00:00,12.0,77.0,11.0,1012.0
2025-11-22 20:00:00,13.0,72.0,9.0,1012.0
2025-11-22 21:00:00,12.0,79.0,4.0,1011.6
2025-11-22 22:00:00,11.0,76.0,6.0,1013.0
2025-11-22 23:00:00,8.0,87.0,13.0,1012.0
2025-11-23 00:00:00,8.4,88.0,7.0,1012.8
2025-11-23 01:00:00,7.0,87.0,7.0,1013.0
2025-11-23 02:00:00,6.0,93.0,15.0,1013.0
2025-11-23 03:00:00,6.9,90.0,4.0,1013.4
2025-11-23 04:00:00,5.0,87.0,20.0,1013.0
2025-11-23 05:00:00,5.0,87.0,22.0,1014.0
2025-11-23 06:00:00,5.0,89.0,7.0,1014.8
2025-11-23 07:00:00,6.0,87.0,13.0,1014.0
2025-11-23 08:00:00,6.0,93.0,9.0,1015.0
2025-11-23 09:00:00,5.9,91.0,4.0,1015.4
2025-11-23 10:00:00,7.0,81.0,6.0,1014.0
2025-11-23 11:00:00,8.0,76.0,9.0,1013.0
2025-11-23 12:00:00,7.8,78.0,4.0,1013.5
2025-11-23 13:00:00,9.0,71.0,13.0,1012.0
2025-11-23 14:00:00,8.0,76.0,6.0,1012.0
2025-11-23 15:00:00,6.8,83.0,18.0,1013.9
2025-11-23 16:00:00,6.0,87.0,6.0,1013.0
2025-11-23 17:00:00,3.0,93.0,11.0,1014.0
2025-11-23 18:00:00,3.3,90.0,11.0,1016.0
2025-11-23 19:00:00,3.0,93.0,19.0,1015.0
2025-11-23 20:00:00,4.0,81.0,20.0,1016.0
2025-11-23 21:00:00,3.4,90.0,4.0,1018.6
2025-11-23 22:00:00,3.0,93.0,6.0,1016.0
2025-11-23 23:00:00,2.0,93.0,6.0,1016.0
2025-11-24 00:00:00,1.6,93.0,4.0,1018.5
2025-11-24 01:00:00,0.0,93.0,4.0,1017.0
2025-11-24 02:00:00,1.0,87.0,7.0,1016.0
2025-11-24 03:00:00,-0.6,98.0,4.0,1019.5
2025-11-24 04:00:00,0.0,100.0,4.0,1017.0
2025-11-24 05:00:00,0.0,100.0,4.0,1017.0
2025-11-24 06:00:00,0.2,96.0,4.0,1019.9
2025-11-24 07:00:00,1.0,100.0,7.0,1018.0
2025-11-24 08:00:00,2.0,93.0,6.0,1018.0
2025-11-24 09:00:00,2.2,93.0,4.0,1020.3
2025-11-24 10:00:00,4.0,81.0,6.0,1018.0
2025-11-24 11:00:00,5.0,81.0,6.0,1017.0
2025-11-24 12:00:00,6.9,75.0,4.0,1017.2
2025-11-24 13:00:00,8.0,66.0,2.0,1016.0
2025-11-24 14:00:00,8.0,71.0,7.0,1016.0
2025-11-24 15:00:00,6.6,73.0,4.0,1017.1
2025-11-24 16:00:00,4.0,87.0,4.0,1016.0
2025-11-24 17:00:00,4.0,81.0,4.0,1016.0
2025-11-24 18:00:00,2.6,90.0,4.0,1018.4
2025-11-24 19:00:00,1.0,93.0,7.0,1016.0
2025-11-24 20:00:00,2.0,93.0,6.0,1016.0
2025-11-24 21:00:00,1.3,91.0,0.0,1018.8
2025-11-24 22:00:00,0.0,93.0,7.0,1016.0
2025-11-24 23:00:00,1.0,93.0,6.0,1016.0
2025-11-25 00:00:00,1.8,91.0,4.0,1018.2
2025-11-25 01:00:00,1.0,93.0,2.0,1015.0
2025-11-25 02:00:00,1.0,93.0,4.0,1015.0
2025-11-25 03:00:00,1.6,94.0,4.0,1017.1
2025-11-25 04:00:00,1.0,93.0,4.0,1014.0
2025-11-25 05:00:00,1.0,93.0,4.0,1014.0
2025-11-25 06:00:00,2.6,90.0,4.0,1016.5
2025-11-25 07:00:00,2.0,93.0,7.0,1014.0
2025-11-25 08:00:00,4.0,81.0,7.0,1014.0
2025-11-25 09:00:00,6.3,74.0,4.0,1014.9
2025-11-25 10:00:00,10.0,62.0,15.0,1013.0
2025-11-25 11:00:00,9.0,66.0,7.0,1012.0
2025-11-25 12:00:00,8.8,70.0,4.0,1012.4
2025-11-25 13:00:00,9.0,71.0,22.0,1011.0
2025-11-25 14:00:00,9.0,66.0,20.0,1011.0
2025-11-25 15:00:00,8.4,74.0,7.0,1011.4
2025-11-25 16:00:00,8.0,66.0,22.0,1011.0
2025-11-25 17:00:00,8.0,61.0,19.0,1011.0
2025-11-25 18:00:00,6.8,74.0,4.0,1012.1
2025-11-25 19:00:00,5.0,81.0,4.0,1010.0
2025-11-25 20:00:00,6.0,81.0,20.0,1010.0
2025-11-25 21:00:00,4.7,84.0,4.0,1011.2
2025-11-25 22:00:00,6.0,81.0,20.0,1009.0
2025-11-25 23:00:00,6.0,81.0,26.0,1009.0
2025-11-26 00:00:00,4.1,89.0,4.0,1010.7
2025-11-26 01:00:00,4.0,93.0,9.0,1009.0
2025-11-26 02:00:00,7.0,81.0,13.0,1008.0
2025-11-26 03:00:00,4.9,88.0,4.0,1009.6
2025-11-26 04:00:00,6.0,87.0,17.0,1008.0
2025-11-26 05:00:00,6.0,87.0,20.0,1008.0
2025-11-26 06:00:00,5.4,89.0,7.0,1009.5
2025-11-26 07:00:00,7.0,87.0,9.0,1009.0
2025-11-26 08:00:00,9.0,82.0,9.0,1009.0
2025-11-26 09:00:00,11.9,71.0,7.0,1008.4
2025-11-26 10:00:00,12.0,72.0,26.0,1009.0
2025-11-26 11:00:00,13.0,67.0,17.0,1008.0
2025-11-26 12:00:00,15.7,48.0,7.0,1007.0
2025-11-26 13:00:00,13.0,67.0,20.0,1008.0
2025-11-26 14:00:00,13.0,72.0,13.0,1009.0
2025-11-26 15:00:00,13.1,67.0,7.0,1008.7
2025-11-26 16:00:00,11.0,82.0,20.0,1010.0
2025-11-26 17:00:00,11.0,82.0,7.0,1010.0
2025-11-26 18:00:00,10.6,86.0,0.0,1010.0
2025-11-26 19:00:00,11.0,82.0,4.0,1011.0
2025-11-26 20:00:00,10.0,87.0,0.0,1011.0
2025-11-26 21:00:00,9.9,89.0,0.0,1011.1
2025-11-26 22:00:00,9.0,100.0,9.0,1012.0
2025-11-26 23:00:00,9.0,100.0,9.0,1011.0
2025-11-27 00:00:00,9.2,96.0,4.0,1011.5
2025-11-27 01:00:00,8.0,100.0,6.0,1011.0
2025-11-27 02:00:00,8.0,100.0,0.0,1010.0
2025-11-27 03:00:00,8.8,95.0,4.0,1010.2
2025-11-27 04:00:00,9.0,94.0,9.0,1010.0
2025-11-27 05:00:00,9.0,94.0,9.0,1010.0
2025-11-27 06:00:00,8.7,97.0,4.0,1012.0
2025-11-27 07:00:00,9.0,94.0,11.0,1011.0
2025-11-27 08:00:00,9.0,94.0,7.0,1012.0
2025-11-27 09:00:00,8.8,97.0,7.0,1013.2
2025-11-27 10:00:00,7.0,87.0,11.0,1012.0
2025-11-27 11:00:00,7.0,87.0,13.0,1012.0
2025-11-27 12:00:00,6.2,89.0,7.0,1014.7
2025-11-27 13:00:00,5.0,93.0,19.0,1013.0
2025-11-27 14:00:00,5.0,87.0,17.0,1014.0
2025-11-27 15:00:00,4.5,95.0,7.0,1015.5
2025-11-27 16:00:00,3.0,93.0,11.0,1015.0
2025-11-27 17:00:00,3.0,93.0,9.0,1015.0
2025-11-27 18:00:00,3.3,95.0,7.0,1017.0
2025-11-27 19:00:00,3.0,93.0,13.0,1016.0
2025-11-27 20:00:00,3.0,87.0,13.0,1016.0
2025-11-27 21:00:00,2.6,93.0,7.0,1018.0
2025-11-27 22:00:00,2.0,93.0,11.0,1017.0
2025-11-27 23:00:00,2.0,93.0,7.0,1017.0
2025-11-28 00:00:00,2.0,96.0,4.0,1018.4
2025-11-28 01:00:00,2.0,93.0,9.0,1017.0
2025-11-28 02:00:00,2.0,93.0,7.0,1016.0
2025-11-28 03:00:00,2.1,96.0,4.0,1018.4
2025-11-28 04:00:00,2.0,93.0,9.0,1017.0
2025-11-28 05:00:00,2.0,93.0,7.0,1016.0
2025-11-28 06:00:00,2.0,96.0,4.0,1018.7
2025-11-28 07:00:00,2.0,93.0,9.0,1017.0
2025-11-28 08:00:00,2.0,100.0,9.0,1017.0
2025-11-28 09:00:00,2.5,97.0,4.0,1018.9
2025-11-28 10:00:00,3.0,93.0,9.0,1017.0
2025-11-28 11:00:00,3.0,93.0,6.0,1017.0
2025-11-28 12:00:00,3.1,97.0,4.0,1019.1
2025-11-28 13:00:00,4.0,93.0,4.0,1015.0
2025-11-28 14:00:00,4.0,93.0,7.0,1015.0
2025-11-28 15:00:00,3.4,99.0,4.0,1017.3
2025-11-28 16:00:00,3.0,93.0,7.0,1015.0
2025-11-28 17:00:00,3.0,100.0,6.0,1015.0
2025-11-28 18:00:00,3.7,97.0,0.0,1016.6
2025-11-28 19:00:00,4.0,93.0,6.0,1015.0
2025-11-28 20:00:00,3.0,100.0,6.0,1015.0
2025-11-28 21:00:00,3.4,97.0,4.0,1015.8
2025-11-28 22:00:00,4.0,93.0,2.0,1014.0
2025-11-28 23:00:00,3.0,93.0,13.0,1013.0
2025-11-29 00:00:00,3.1,97.0,4.0,1014.9
2025-11-29 01:00:00,4.0,87.0,7.0,1013.0
2025-11-29 02:00:00,3.0,93.0,7.0,1012.0
2025-11-29 03:00:00,3.2,93.0,4.0,1014.1
2025-11-29 04:00:00,3.0,87.0,13.0,1012.0
2025-11-29 05:00:00,3.0,87.0,11.0,1012.0
2025-11-29 06:00:00,2.8,93.0,4.0,1014.1
2025-11-29 07:00:00,3.0,87.0,6.0,1013.0
2025-11-29 08:00:00,3.0,87.0,13.0,1012.0
2025-11-29 09:00:00,2.7,93.0,7.0,1014.0
2025-11-29 10:00:00,3.0,93.0,13.0,1011.0
2025-11-29 11:00:00,4.0,87.0,13.0,1011.0
2025-11-29 12:00:00,3.4,95.0,4.0,1012.4
2025-11-29 13:00:00,3.0,93.0,15.0,1010.0
2025-11-29 14:00:00,3.0,93.0,20.0,1010.0
2025-11-29 15:00:00,2.1,93.0,14.0,1012.6
2025-11-29 16:00:00,2.0,93.0,20.0,1010.0
2025-11-29 17:00:00,2.0,87.0,20.0,1011.0
2025-11-29 18:00:00,1.6,91.0,11.0,1014.2
2025-11-29 19:00:00,2.0,87.0,22.0,1011.0
2025-11-29 20:00:00,2.0,87.0,19.0,1011.0
2025-11-29 21:00:00,1.1,92.0,11.0,1014.5
2025-11-29 22:00:00,1.0,93.0,19.0,1012.0
2025-11-29 23:00:00,1.0,93.0,19.0,1011.0
2025-11-30 00:00:00,0.8,94.0,7.0,1014.7
2025-11-30 01:00:00,1.0,93.0,11.0,1012.0
2025-11-30 02:00:00,1.0,87.0,15.0,1012.0
2025-11-30 03:00:00,1.0,91.0,4.0,1014.6
2025-11-30 04:00:00,1.0,87.0,19.0,1012.0
2025-11-30 05:00:00,2.0,81.0,19.0,1012.0
2025-11-30 06:00:00,1.7,88.0,4.0,1014.5
2025-11-30 07:00:00,2.0,87.0,11.0,1013.0
2025-11-30 08:00:00,3.0,81.0,13.0,1014.0
2025-11-30 09:00:00,3.2,82.0,4.0,1015.3
2025-11-30 10:00:00,4.0,81.0,13.0,1013.0
2025-11-30 11:00:00,4.0,81.0,9.0,1013.0
2025-11-30 12:00:00,3.7,86.0,4.0,1015.0
2025-11-30 13:00:00,4.0,75.0,19.0,1013.0
2025-11-30 14:00:00,4.0,75.0,20.0,1014.0
2025-11-30 15:00:00,2.2,90.0,7.0,1016.0
2025-11-30 16:00:00,2.0,87.0,15.0,1014.0
2025-11-30 17:00:00,2.0,87.0,13.0,1014.0
2025-11-30 18:00:00,1.8,93.0,4.0,1016.4
2025-11-30 19:00:00,2.0,87.0,13.0,1015.0
2025-11-30 20:00:00,2.0,87.0,19.0,1015.0
2025-11-30 21:00:00,1.8,94.0,4.0,1017.5
2025-11-30 22:00:00,3.0,87.0,22.0,1016.0
2025-11-30 23:00:00,3.0,87.0,15.0,1016.0
2025-12-01 00:00:00,2.3,93.0,4.0,1017.8
2025-12-01 01:00:00,3.0,87.0,15.0,1016.0
2025-12-01 02:00:00,4.0,81.0,13.0,1017.0
2025-12-01 03:00:00,2.7,95.0,4.0,1018.4
2025-12-01 04:00:00,4.0,81.0,7.0,1017.0
2025-12-01 05:00:00,2.0,93.0,6.0,1018.0
2025-12-01 06:00:00,0.9,96.0,0.0,1020.3
2025-12-01 07:00:00,3.0,87.0,9.0,1019.0
2025-12-01 08:00:00,5.0,81.0,7.0,1019.0
2025-12-01 09:00:00,5.5,82.0,4.0,1020.4
2025-12-01 10:00:00,7.0,76.0,7.0,1019.0
2025-12-01 11:00:00,9.0,66.0,4.0,1019.0
2025-12-01 12:00:00,9.5,70.0,4.0,1018.9
2025-12-01 13:00:00,10.0,58.0,15.0,1018.0
2025-12-01 14:00:00,10.0,58.0,17.0,1019.0
2025-12-01 15:00:00,7.9,69.0,7.0,1019.7
2025-12-01 16:00:00,5.0,81.0,7.0,1020.0
2025-12-01 17:00:00,6.0,76.0,13.0,1021.0
2025-12-01 18:00:00,5.6,79.0,4.0,1022.2
2025-12-01 19:00:00,2.0,93.0,6.0,1021.0
2025-12-01 20:00:00,2.0,93.0,4.0,1021.0
2025-12-01 21:00:00,0.8,94.0,4.0,1023.8
2025-12-01 22:00:00,0.0,93.0,7.0,1022.0
2025-12-01 23:00:00,-1.0,100.0,7.0,1021.0
2025-12-02 00:00:00,0.3,94.0,0.0,1024.1
2025-12-02 01:00:00,-1.0,100.0,6.0,1021.0
2025-12-02 02:00:00,-1.0,93.0,4.0,1022.0
2025-12-02 03:00:00,-0.9,96.0,4.0,1024.5
2025-12-02 04:00:00,-2.0,93.0,4.0,1022.0
2025-12-02 05:00:00,-2.0,93.0,4.0,1022.0
2025-12-02 06:00:00,-0.1,98.0,4.0,1024.5
2025-12-02 07:00:00,-2.0,100.0,2.0,1023.0
2025-12-02 08:00:00,0.0,100.0,2.0,1023.0
2025-12-02 09:00:00,3.2,88.0,0.0,1024.3
2025-12-02 10:00:00,3.0,87.0,6.0,1022.0
2025-12-02 11:00:00,5.0,81.0,6.0,1021.0
2025-12-02 12:00:00,6.6,76.0,4.0,1021.6
2025-12-02 13:00:00,7.0,71.0,2.0,1020.0
2025-12-02 14:00:00,7.0,76.0,6.0,1020.0
2025-12-02 15:00:00,5.6,83.0,4.0,1021.6
2025-12-02 16:00:00,4.0,87.0,7.0,1020.0
2025-12-02 17:00:00,3.0,87.0,4.0,1021.0
2025-12-02 18:00:00,2.6,95.0,0.0,1022.9
2025-12-02 19:00:00,2.0,93.0,4.0,1021.0
2025-12-02 20:00:00,2.0,93.0,2.0,1021.0
2025-12-02 21:00:00,2.5,97.0,0.0,1023.1
2025-12-02 22:00:00,3.0,93.0,4.0,1021.0
2025-12-02 23:00:00,1.0,87.0,7.0,1021.0
2025-12-03 00:00:00,2.2,94.0,0.0,1023.0
2025-12-03 01:00:00,1.0,100.0,4.0,1021.0
2025-12-03 02:00:00,0.0,93.0,9.0,1021.0
2025-12-03 03:00:00,1.7,96.0,4.0,1022.9
2025-12-03 04:00:00,1.0,93.0,2.0,1020.0
2025-12-03 05:00:00,4.0,87.0,4.0,1021.0
2025-12-03 06:00:00,2.8,91.0,4.0,1023.1
2025-12-03 07:00:00,5.0,87.0,6.0,1021.0
2025-12-03 08:00:00,6.0,87.0,17.0,1021.0
2025-12-03 09:00:00,5.4,85.0,4.0,1022.5
2025-12-03 10:00:00,7.0,81.0,19.0,1021.0
2025-12-03 11:00:00,7.0,81.0,20.0,1020.0
2025-12-03 12:00:00,7.3,78.0,4.0,1021.0
2025-12-03 13:00:00,8.0,76.0,17.0,1019.0
2025-12-03 14:00:00,7.0,81.0,15.0,1019.0
2025-12-03 15:00:00,7.4,79.0,4.0,1021.3
2025-12-03 16:00:00,7.0,81.0,17.0,1019.0
2025-12-03 17:00:00,7.0,81.0,13.0,1020.0
2025-12-03 18:00:00,6.7,80.0,7.0,1020.8
2025-12-03 19:00:00,6.0,87.0,17.0,1020.0
2025-12-03 20:00:00,6.0,87.0,15.0,1020.0
2025-12-03 21:00:00,6.3,87.0,7.0,1020.9
2025-12-03 22:00:00,7.0,87.0,20.0,1020.0
2025-12-03 23:00:00,6.0,93.0,19.0,1019.0
2025-12-04 00:00:00,5.2,93.0,7.0,1020.6
2025-12-04 01:00:00,7.0,87.0,26.0,1019.0
2025-12-04 02:00:00,7.0,87.0,20.0,1018.0
2025-12-04 03:00:00,6.3,89.0,7.0,1019.5
2025-12-04 04:00:00,7.0,87.0,20.0,1018.0
2025-12-04 05:00:00,7.0,87.0,22.0,1018.0
2025-12-04 06:00:00,6.3,93.0,4.0,1018.7
2025-12-04 07:00:00,7.0,87.0,19.0,1018.0
2025-12-04 08:00:00,7.0,87.0,24.0,1018.0
2025-12-04 09:00:00,6.7,90.0,7.0,1018.6
2025-12-04 10:00:00,8.0,81.0,22.0,1016.0
2025-12-04 11:00:00,8.0,81.0,24.0,1016.0
2025-12-04 12:00:00,7.5,82.0,11.0,1016.1
2025-12-04 13:00:00,8.0,81.0,19.0,1015.0
2025-12-04 14:00:00,8.0,81.0,22.0,1014.0
2025-12-04 15:00:00,7.5,85.0,7.0,1015.0
2025-12-04 16:00:00,8.0,81.0,22.0,1014.0
2025-12-04 17:00:00,9.0,76.0,26.0,1014.0
2025-12-04 18:00:00,7.5,86.0,14.0,1014.8
2025-12-04 19:00:00,8.0,87.0,20.0,1013.0
2025-12-04 20:00:00,9.0,82.0,20.0,1013.0
2025-12-04 21:00:00,8.3,87.0,7.0,1012.7
2025-12-04 22:00:00,9.0,87.0,20.0,1012.0
2025-12-04 23:00:00,9.0,87.0,22.0,1012.0
2025-12-05 00:00:00,8.5,91.0,7.0,1012.4
2025-12-05 01:00:00,9.0,87.0,17.0,1011.0
2025-12-05 02:00:00,9.0,87.0,17.0,1010.0
2025-12-05 03:00:00,8.6,87.0,11.0,1011.0
2025-12-05 04:00:00,9.0,82.0,26.0,1010.0
2025-12-05 05:00:00,9.0,82.0,26.0,1010.0
2025-12-05 06:00:00,8.4,88.0,11.0,1010.6
2025-12-05 07:00:00,9.0,82.0,17.0,1010.0
2025-12-05 08:00:00,9.0,87.0,17.0,1011.0
2025-12-05 09:00:00,8.8,87.0,7.0,1010.5
2025-12-05 10:00:00,10.0,82.0,24.0,1009.0
2025-12-05 11:00:00,10.0,82.0,30.0,1009.0
2025-12-05 12:00:00,9.4,87.0,14.0,1008.9
2025-12-05 13:00:00,11.0,76.0,26.0,1008.0
2025-12-05 14:00:00,10.0,82.0,22.0,1008.0
2025-12-05 15:00:00,10.1,79.0,7.0,1008.6
2025-12-05 16:00:00,10.0,76.0,9.0,1008.0
2025-12-05 17:00:00,10.0,76.0,9.0,1009.0
2025-12-05 18:00:00,9.1,82.0,4.0,1009.0
2025-12-05 19:00:00,9.0,82.0,11.0,1009.0
2025-12-05 20:00:00,9.0,82.0,2.0,1009.0
2025-12-05 21:00:00,8.5,91.0,4.0,1009.4
2025-12-05 22:00:00,8.0,93.0,4.0,1009.0
2025-12-05 23:00:00,8.0,93.0,2.0,1009.0
2025-12-06 00:00:00,7.7,96.0,4.0,1009.8
2025-12-06 01:00:00,8.0,93.0,6.0,1010.0
2025-12-06 02:00:00,7.0,87.0,4.0,1010.0
2025-12-06 03:00:00,6.4,96.0,0.0,1010.4
2025-12-06 04:00:00,6.0,87.0,4.0,1010.0
2025-12-06 05:00:00,6.0,87.0,6.0,1011.0
2025-12-06 06:00:00,5.5,94.0,4.0,1011.7
2025-12-06 07:00:00,6.0,81.0,4.0,1011.0
2025-12-06 08:00:00,6.0,87.0,4.0,1012.0
2025-12-06 09:00:00,5.0,91.0,4.0,1013.5
2025-12-06 10:00:00,5.0,93.0,7.0,1012.0
2025-12-06 11:00:00,6.0,81.0,4.0,1012.0
2025-12-06 12:00:00,5.3,85.0,4.0,1014.2
2025-12-06 13:00:00,7.0,76.0,6.0,1012.0
2025-12-06 14:00:00,7.0,76.0,4.0,1012.0
2025-12-06 15:00:00,6.0,87.0,4.0,1013.3
2025-12-06 16:00:00,6.0,87.0,6.0,1013.0
2025-12-06 17:00:00,5.0,93.0,6.0,1013.0
2025-12-06 18:00:00,5.1,86.0,4.0,1014.5
2025-12-06 19:00:00,5.0,93.0,0.0,1013.0
2025-12-06 20:00:00,5.0,87.0,2.0,1013.0
2025-12-06 21:00:00,4.2,95.0,4.0,1015.2
2025-12-06 22:00:00,5.0,81.0,9.0,1014.0
2025-12-06 23:00:00,5.0,81.0,7.0,1014.0
2025-12-07 00:00:00,4.3,84.0,4.0,1014.9
2025-12-07 01:00:00,5.0,81.0,4.0,1014.0
2025-12-07 02:00:00,5.0,81.0,4.0,1013.0
2025-12-07 03:00:00,4.3,87.0,4.0,1014.8
2025-12-07 04:00:00,5.0,81.0,4.0,1013.0
2025-12-07 05:00:00,5.0,81.0,4.0,1013.0
2025-12-07 06:00:00,4.6,80.0,4.0,1015.1
2025-12-07 07:00:00,5.0,81.0,9.0,1014.0
2025-12-07 08:00:00,5.0,81.0,9.0,1014.0
2025-12-07 09:00:00,5.6,73.0,0.0,1014.9
2025-12-07 10:00:00,7.0,71.0,11.0,1013.0
2025-12-07 11:00:00,8.0,71.0,9.0,1013.0
2025-12-07 12:00:00,7.4,70.0,7.0,1014.0
2025-12-07 13:00:00,8.0,71.0,11.0,1013.0
2025-12-07 14:00:00,8.0,71.0,11.0,1013.0
2025-12-07 15:00:00,7.4,75.0,4.0,1013.8
2025-12-07 16:00:00,7.0,76.0,11.0,1014.0
2025-12-07 17:00:00,6.0,81.0,15.0,1014.0
2025-12-07 18:00:00,5.6,85.0,11.0,1015.2
2025-12-07 19:00:00,5.0,87.0,15.0,1015.0
2025-12-07 20:00:00,5.0,87.0,19.0,1015.0
2025-12-07 21:00:00,4.7,87.0,11.0,1016.8
2025-12-07 22:00:00,5.0,87.0,15.0,1016.0
2025-12-07 23:00:00,5.0,87.0,13.0,1016.0
2025-12-08 00:00:00,4.5,86.0,11.0,1018.5
2025-12-08 01:00:00,5.0,81.0,19.0,1017.0
2025-12-08 02:00:00,4.0,87.0,19.0,1017.0
2025-12-08 03:00:00,4.0,89.0,11.0,1018.9
2025-12-08 04:00:00,5.0,81.0,15.0,1018.0
2025-12-08 05:00:00,5.0,81.0,15.0,1018.0
2025-12-08 06:00:00,4.2,87.0,11.0,1019.3
2025-12-08 07:00:00,5.0,87.0,15.0,1020.0
2025-12-08 08:00:00,6.0,81.0,13.0,1021.0
2025-12-08 09:00:00,5.2,84.0,7.0,1022.0
2025-12-08 10:00:00,7.0,76.0,13.0,1021.0
2025-12-08 11:00:00,8.0,71.0,15.0,1021.0
2025-12-08 12:00:00,7.8,74.0,7.0,1021.7
2025-12-08 13:00:00,7.0,76.0,20.0,1021.0
2025-12-08 14:00:00,7.0,76.0,20.0,1022.0
2025-12-08 15:00:00,6.0,79.0,11.0,1023.5
2025-12-08 16:00:00,6.0,81.0,13.0,1023.0
2025-12-08 17:00:00,6.0,81.0,11.0,1024.0
2025-12-08 18:00:00,5.4,85.0,7.0,1024.7
2025-12-08 19:00:00,6.0,81.0,13.0,1024.0
2025-12-08 20:00:00,6.0,81.0,11.0,1024.0
2025-12-08 21:00:00,5.3,83.0,11.0,1025.8
2025-12-08 22:00:00,6.0,81.0,13.0,1025.0
2025-12-08 23:00:00,6.0,81.0,9.0,1025.0
2025-12-09 00:00:00,5.2,82.0,7.0,1026.0
2025-12-09 01:00:00,6.0,76.0,9.0,1025.0
2025-12-09 02:00:00,6.0,76.0,9.0,1025.0
2025-12-09 03:00:00,4.7,81.0,7.0,1026.3
2025-12-09 04:00:00,5.0,81.0,13.0,1025.0
2025-12-09 05:00:00,5.0,81.0,6.0,1026.0
2025-12-09 06:00:00,4.5,80.0,7.0,1027.1
2025-12-09 07:00:00,5.0,75.0,9.0,1026.0
2025-12-09 08:00:00,5.0,75.0,11.0,1026.0
2025-12-09 09:00:00,4.5,80.0,4.0,1027.9
2025-12-09 10:00:00,5.0,75.0,11.0,1026.0
2025-12-09 11:00:00,6.0,76.0,7.0,1025.0
2025-12-09 12:00:00,7.3,70.0,4.0,1025.3
2025-12-09 13:00:00,8.0,66.0,4.0,1024.0
2025-12-09 14:00:00,8.0,66.0,6.0,1023.0
2025-12-09 15:00:00,6.1,77.0,4.0,1025.0
2025-12-09 16:00:00,5.0,81.0,4.0,1024.0
2025-12-09 17:00:00,3.0,87.0,4.0,1024.0
2025-12-09 18:00:00,2.5,91.0,0.0,1026.0
2025-12-09 19:00:00,2.0,87.0,9.0,1024.0
2025-12-09 20:00:00,1.0,93.0,4.0,1024.0
2025-12-09 21:00:00,1.2,94.0,4.0,1026.1
2025-12-09 22:00:00,-1.0,100.0,2.0,1023.0
2025-12-09 23:00:00,0.0,93.0,0.0,1023.0
2025-12-10 00:00:00,0.4,98.0,4.0,1025.8
2025-12-10 01:00:00,-1.0,93.0,4.0,1023.0
2025-12-10 02:00:00,-2.0,93.0,0.0,1023.0
2025-12-10 03:00:00,-0.5,98.0,4.0,1025.5
2025-12-10 04:00:00,-2.0,100.0,4.0,1022.0
2025-12-10 05:00:00,-1.0,100.0,4.0,1022.0
2025-12-10 06:00:00,-0.2,96.0,4.0,1025.3
2025-12-10 07:00:00,-1.0,100.0,0.0,1023.0
2025-12-10 08:00:00,2.0,87.0,2.0,1023.0
2025-12-10 09:00:00,3.6,87.0,7.0,1024.8
2025-12-10 10:00:00,5.0,81.0,4.0,1023.0
2025-12-10 11:00:00,6.0,81.0,2.0,1022.0
2025-12-10 12:00:00,7.3,75.0,4.0,1022.4
2025-12-10 13:00:00,9.0,62.0,2.0,1021.0
2025-12-10 14:00:00,9.0,66.0,6.0,1021.0
2025-12-10 15:00:00,7.8,75.0,4.0,1022.6
2025-12-10 16:00:00,5.0,87.0,4.0,1022.0
2025-12-10 17:00:00,5.0,87.0,4.0,1022.0
2025-12-10 18:00:00,5.8,88.0,4.0,1023.8
2025-12-10 19:00:00,5.0,87.0,6.0,1023.0
2025-12-10 20:00:00,4.0,93.0,7.0,1023.0
2025-12-10 21:00:00,3.9,92.0,0.0,1025.1
2025-12-10 22:00:00,1.0,93.0,4.0,1024.0
2025-12-10 23:00:00,1.0,93.0,4.0,1023.0
2025-12-11 00:00:00,2.2,96.0,0.0,1025.6
2025-12-11 01:00:00,0.0,100.0,4.0,1023.0
2025-12-11 02:00:00,-1.0,93.0,2.0,1023.0
2025-12-11 03:00:00,0.7,96.0,0.0,1025.6
2025-12-11 04:00:00,-1.0,100.0,4.0,1023.0
2025-12-11 05:00:00,-2.0,100.0,0.0,1023.0
2025-12-11 06:00:00,0.0,98.0,4.0,1026.1
2025-12-11 07:00:00,0.0,100.0,4.0,1024.0
2025-12-11 08:00:00,3.0,87.0,0.0,1023.0
2025-12-11 09:00:00,6.3,79.0,4.0,1024.5
2025-12-11 10:00:00,7.0,76.0,4.0,1022.0
2025-12-11 11:00:00,10.0,62.0,4.0,1021.0
2025-12-11 12:00:00,11.0,61.0,4.0,1020.8
2025-12-11 13:00:00,13.0,51.0,0.0,1020.0
2025-12-11 14:00:00,12.0,54.0,6.0,1020.0
2025-12-11 15:00:00,10.6,66.0,4.0,1021.2
2025-12-11 16:00:00,8.0,76.0,4.0,1020.0
2025-12-11 17:00:00,6.0,81.0,4.0,1021.0
2025-12-11 18:00:00,8.6,66.0,7.0,1021.4
2025-12-11 19:00:00,8.0,71.0,4.0,1021.0
2025-12-11 20:00:00,5.0,87.0,7.0,1021.0
2025-12-11 21:00:00,8.3,68.0,7.0,1021.9
2025-12-11 22:00:00,8.0,71.0,15.0,1021.0
2025-12-11 23:00:00,8.0,71.0,9.0,1021.0
2025-12-12 00:00:00,6.4,80.0,4.0,1022.0
2025-12-12 01:00:00,5.0,81.0,17.0,1021.0
2025-12-12 02:00:00,5.0,81.0,13.0,1021.0
2025-12-12 03:00:00,4.0,87.0,4.0,1022.3
2025-12-12 04:00:00,5.0,87.0,13.0,1021.0
2025-12-12 05:00:00,5.0,87.0,9.0,1022.0
2025-12-12 06:00:00,5.9,85.0,11.0,1021.8
2025-12-12 07:00:00,4.0,93.0,4.0,1022.0
2025-12-12 08:00:00,5.0,87.0,6.0,1022.0
2025-12-12 09:00:00,7.2,78.0,11.0,1023.0
2025-12-12 10:00:00,8.0,76.0,24.0,1022.0
2025-12-12 11:00:00,8.0,76.0,28.0,1022.0
2025-12-12 12:00:00,7.3,75.0,14.0,1022.6
2025-12-12 13:00:00,6.0,81.0,30.0,1022.0
2025-12-12 14:00:00,6.0,81.0,30.0,1023.0
2025-12-12 15:00:00,5.7,82.0,14.0,1023.6
2025-12-12 16:00:00,5.0,87.0,20.0,1023.0
2025-12-12 17:00:00,4.0,93.0,17.0,1024.0
2025-12-12 18:00:00,4.9,86.0,11.0,1025.5
2025-12-12 19:00:00,4.0,87.0,9.0,1024.0
2025-12-12 20:00:00,3.0,93.0,9.0,1025.0
2025-12-12 21:00:00,4.2,89.0,7.0,1026.5
2025-12-12 22:00:00,1.0,93.0,4.0,1025.0
2025-12-12 23:00:00,1.0,100.0,4.0,1025.0
2025-12-13 00:00:00,4.3,87.0,7.0,1026.6
2025-12-13 01:00:00,2.0,93.0,0.0,1026.0
2025-12-13 02:00:00,2.0,93.0,6.0,1026.0
2025-12-13 03:00:00,3.8,89.0,7.0,1028.5
2025-12-13 04:00:00,1.0,93.0,0.0,1026.0
2025-12-13 05:00:00,1.0,93.0,0.0,1026.0
2025-12-13 06:00:00,2.6,93.0,0.0,1028.3
2025-12-13 07:00:00,2.0,93.0,4.0,1027.0
2025-12-13 08:00:00,3.0,93.0,4.0,1028.0
2025-12-13 09:00:00,4.0,87.0,4.0,1029.1
2025-12-13 10:00:00,5.0,81.0,7.0,1028.0
2025-12-13 11:00:00,6.0,76.0,7.0,1027.0
2025-12-13 12:00:00,6.2,75.0,4.0,1028.6
2025-12-13 13:00:00,7.0,71.0,4.0,1026.0
2025-12-13 14:00:00,8.0,66.0,6.0,1027.0
2025-12-13 15:00:00,5.3,79.0,4.0,1028.0
2025-12-13 16:00:00,4.0,81.0,6.0,1027.0
2025-12-13 17:00:00,2.0,87.0,7.0,1027.0
2025-12-13 18:00:00,1.0,94.0,4.0,1029.7
2025-12-13 19:00:00,0.0,93.0,2.0,1028.0
2025-12-13 20:00:00,-2.0,100.0,4.0,1028.0
2025-12-13 21:00:00,-0.7,96.0,4.0,1030.8
2025-12-13 22:00:00,1.0,93.0,9.0,1028.0
2025-12-13 23:00:00,1.0,93.0,6.0,1028.0
2025-12-14 00:00:00,2.0,91.0,4.0,1029.8
2025-12-14 01:00:00,1.0,93.0,0.0,1027.0
2025-12-14 02:00:00,1.0,93.0,4.0,1027.0
2025-12-14 03:00:00,1.4,92.0,4.0,1029.7
2025-12-14 04:00:00,2.0,93.0,6.0,1026.0
2025-12-14 05:00:00,2.0,93.0,11.0,1027.0
2025-12-14 06:00:00,1.7,93.0,4.0,1028.5
2025-12-14 07:00:00,2.0,93.0,6.0,1027.0
2025-12-14 08:00:00,2.0,93.0,11.0,1027.0
2025-12-14 09:00:00,1.7,91.0,4.0,1029.1
2025-12-14 10:00:00,2.0,93.0,13.0,1026.0
2025-12-14 11:00:00,3.0,87.0,15.0,1026.0
2025-12-14 12:00:00,4.1,79.0,7.0,1027.2
2025-12-14 13:00:00,6.0,65.0,15.0,1025.0
2025-12-14 14:00:00,6.0,65.0,9.0,1025.0
2025-12-14 15:00:00,4.2,75.0,4.0,1026.6
2025-12-14 16:00:00,4.0,70.0,11.0,1025.0
2025-12-14 17:00:00,3.0,75.0,19.0,1026.0
2025-12-14 18:00:00,4.2,65.0,4.0,1027.0
2025-12-14 19:00:00,3.0,70.0,7.0,1026.0
2025-12-14 20:00:00,3.0,65.0,7.0,1026.0
2025-12-14 21:00:00,0.9,80.0,4.0,1028.9
2025-12-14 22:00:00,0.0,80.0,6.0,1027.0
2025-12-14 23:00:00,-1.0,93.0,2.0,1027.0
2025-12-15 00:00:00,-0.4,84.0,4.0,1029.8
2025-12-15 01:00:00,-3.0,93.0,4.0,1027.0
2025-12-15 02:00:00,-3.0,100.0,4.0,1027.0
2025-12-15 03:00:00,-2.6,94.0,4.0,1030.6
2025-12-15 04:00:00,-4.0,93.0,4.0,1028.0
2025-12-15 05:00:00,-3.0,93.0,6.0,1028.0
2025-12-15 06:00:00,-2.7,98.0,4.0,1031.5
2025-12-15 07:00:00,-2.0,93.0,0.0,1028.0
2025-12-15 08:00:00,0.0,86.0,4.0,1029.0
2025-12-15 09:00:00,2.1,62.0,0.0,1030.7
2025-12-15 10:00:00,4.0,65.0,4.0,1028.0
2025-12-15 11:00:00,6.0,61.0,4.0,1027.0
2025-12-15 12:00:00,6.8,64.0,4.0,1027.8
2025-12-15 13:00:00,8.0,53.0,2.0,1026.0
2025-12-15 14:00:00,8.0,57.0,4.0,1026.0
2025-12-15 15:00:00,5.5,72.0,4.0,1027.3
2025-12-15 16:00:00,3.0,81.0,6.0,1026.0
2025-12-15 17:00:00,1.0,93.0,4.0,1026.0
2025-12-15 18:00:00,1.6,87.0,4.0,1028.8
2025-12-15 19:00:00,0.0,93.0,2.0,1027.0
2025-12-15 20:00:00,-2.0,100.0,4.0,1027.0
2025-12-15 21:00:00,-0.3,94.0,4.0,1029.6
2025-12-15 22:00:00,-3.0,100.0,0.0,1027.0
2025-12-15 23:00:00,-4.0,100.0,2.0,1027.0
2025-12-16 00:00:00,-1.5,86.0,0.0,1029.6
2025-12-16 01:00:00,-4.0,100.0,6.0,1027.0
2025-12-16 02:00:00,-4.0,93.0,6.0,1026.0
2025-12-16 03:00:00,-3.2,92.0,4.0,1029.6
2025-12-16 04:00:00,-5.0,93.0,4.0,1026.0
2025-12-16 05:00:00,-6.0,100.0,4.0,1027.0
2025-12-16 06:00:00,-3.3,100.0,4.0,1030.1
2025-12-16 07:00:00,-6.0,100.0,4.0,1027.0
2025-12-16 08:00:00,-3.0,100.0,0.0,1027.0
2025-12-16 09:00:00,1.2,76.0,4.0,1029.7
2025-12-16 10:00:00,3.0,81.0,4.0,1027.0
2025-12-16 11:00:00,5.0,70.0,2.0,1026.0
2025-12-16 12:00:00,6.3,70.0,4.0,1027.4
2025-12-16 13:00:00,7.0,61.0,4.0,1025.0
2025-12-16 14:00:00,8.0,57.0,6.0,1024.0
2025-12-16 15:00:00,5.9,73.0,4.0,1026.6
2025-12-16 16:00:00,1.0,93.0,4.0,1025.0
2025-12-16 17:00:00,0.0,93.0,6.0,1025.0
2025-12-16 18:00:00,0.7,92.0,4.0,1027.9
2025-12-16 19:00:00,-1.0,100.0,6.0,1026.0
2025-12-16 20:00:00,-2.0,93.0,2.0,1027.0
2025-12-16 21:00:00,-0.5,96.0,4.0,1029.6
2025-12-16 22:00:00,-2.0,93.0,4.0,1027.0
2025-12-16 23:00:00,-3.0,93.0,4.0,1027.0
2025-12-17 00:00:00,-1.7,89.0,4.0,1030.0
2025-12-17 01:00:00,-4.0,100.0,7.0,1027.0
2025-12-17 02:00:00,-4.0,93.0,4.0,1027.0
2025-12-17 03:00:00,-3.1,96.0,0.0,1030.5
2025-12-17 04:00:00,-5.0,93.0,6.0,1027.0
2025-12-17 05:00:00,-5.0,100.0,4.0,1027.0
2025-12-17 06:00:00,-3.2,98.0,4.0,1030.9
2025-12-17 07:00:00,-4.0,93.0,4.0,1028.0
2025-12-17 08:00:00,-2.0,100.0,4.0,1029.0
2025-12-17 09:00:00,1.5,71.0,4.0,1030.7
2025-12-17 10:00:00,3.0,75.0,4.0,1028.0
2025-12-17 11:00:00,6.0,65.0,6.0,1028.0
2025-12-17 12:00:00,5.7,69.0,4.0,1028.6
2025-12-17 13:00:00,7.0,61.0,4.0,1027.0
2025-12-17 14:00:00,6.0,65.0,6.0,1027.0
2025-12-17 15:00:00,5.5,72.0,0.0,1028.2
2025-12-17 16:00:00,2.0,81.0,4.0,1028.0
2025-12-17 17:00:00,2.0,81.0,4.0,1028.0
2025-12-17 18:00:00,1.1,91.0,4.0,1030.0
2025-12-17 19:00:00,-1.0,93.0,6.0,1029.0
2025-12-17 20:00:00,0.0,93.0,7.0,1029.0
2025-12-17 21:00:00,-0.4,86.0,4.0,1031.3
2025-12-17 22:00:00,-3.0,100.0,4.0,1029.0
2025-12-17 23:00:00,-2.0,93.0,6.0,1029.0
2025-12-18 00:00:00,-0.8,86.0,4.0,1032.4
2025-12-18 01:00:00,-3.0,93.0,4.0,1030.0
2025-12-18 02:00:00,-4.0,93.0,4.0,1030.0
2025-12-18 03:00:00,-1.9,94.0,4.0,1032.9
2025-12-18 04:00:00,-3.0,93.0,0.0,1030.0
2025-12-18 05:00:00,-4.0,100.0,6.0,1030.0
2025-12-18 06:00:00,-2.3,98.0,4.0,1033.3
2025-12-18 07:00:00,-2.0,93.0,4.0,1031.0
2025-12-18 08:00:00,-1.0,93.0,4.0,1031.0
2025-12-18 09:00:00,1.4,76.0,4.0,1033.2
2025-12-18 10:00:00,3.0,81.0,4.0,1031.0
2025-12-18 11:00:00,5.0,70.0,2.0,1030.0
2025-12-18 12:00:00,6.1,68.0,4.0,1030.6
2025-12-18 13:00:00,8.0,57.0,4.0,1029.0
2025-12-18 14:00:00,8.0,57.0,7.0,1029.0
2025-12-18 15:00:00,6.4,76.0,4.0,1030.1
2025-12-18 16:00:00,3.0,81.0,2.0,1029.0
2025-12-18 17:00:00,3.0,75.0,4.0,1030.0
2025-12-18 18:00:00,3.0,90.0,4.0,1031.5
2025-12-18 19:00:00,0.0,93.0,0.0,1030.0
2025-12-18 20:00:00,-1.0,100.0,2.0,1030.0
2025-12-18 21:00:00,1.5,94.0,4.0,1032.6
2025-12-18 22:00:00,-1.0,100.0,0.0,1030.0
2025-12-18 23:00:00,-1.0,93.0,0.0,1030.0
2025-12-19 00:00:00,0.2,96.0,4.0,1033.2
2025-12-19 01:00:00,-2.0,93.0,2.0,1030.0
2025-12-19 02:00:00,-3.0,93.0,4.0,1030.0
2025-12-19 03:00:00,-1.3,96.0,0.0,1032.5
2025-12-19 04:00:00,-3.0,93.0,2.0,1030.0
2025-12-19 05:00:00,-4.0,93.0,7.0,1030.0
2025-12-19 06:00:00,-1.5,98.0,4.0,1032.7
2025-12-19 07:00:00,-3.0,100.0,2.0,1029.0
2025-12-19 08:00:00,0.0,93.0,7.0,1030.0
2025-12-19 09:00:00,2.4,69.0,7.0,1031.3
2025-12-19 10:00:00,4.0,81.0,4.0,1028.0
2025-12-19 11:00:00,7.0,71.0,6.0,1027.0
2025-12-19 12:00:00,7.7,70.0,4.0,1028.5
2025-12-19 13:00:00,9.0,66.0,2.0,1026.0
2025-12-19 14:00:00,9.0,66.0,2.0,1026.0
2025-12-19 15:00:00,7.1,76.0,4.0,1026.6
2025-12-19 16:00:00,4.0,75.0,4.0,1025.0
2025-12-19 17:00:00,1.0,93.0,6.0,1025.0
2025-12-19 18:00:00,3.0,92.0,4.0,1027.3
2025-12-19 19:00:00,-0.0,93.0,2.0,1025.0
2025-12-19 20:00:00,0.0,100.0,2.0,1025.0
2025-12-19 21:00:00,1.6,94.0,4.0,1027.3
2025-12-19 22:00:00,-1.0,100.0,6.0,1025.0
2025-12-19 23:00:00,-1.0,93.0,2.0,1024.0
2025-12-20 00:00:00,0.2,96.0,0.0,1026.6
2025-12-20 01:00:00,-2.0,100.0,2.0,1023.0
2025-12-20 02:00:00,-2.0,93.0,6.0,1023.0
2025-12-20 03:00:00,-0.4,96.0,4.0,1025.6
2025-12-20 04:00:00,-3.0,100.0,4.0,1022.0
2025-12-20 05:00:00,-3.0,93.0,3.0,1022.0
2025-12-20 06:00:00,-0.5,91.0,4.0,1024.8
2025-12-20 07:00:00,-3.0,100.0,4.0,1022.0
2025-12-20 08:00:00,-2.0,93.0,4.0,1022.0
2025-12-20 09:00:00,4.1,76.0,0.0,1023.7
2025-12-20 10:00:00,3.0,93.0,2.0,1021.0
2025-12-20 11:00:00,4.0,81.0,4.0,1020.0
2025-12-20 12:00:00,7.6,71.0,4.0,1020.3
2025-12-20 13:00:00,10.0,58.0,4.0,1019.0
2025-12-20 14:00:00,10.0,62.0,0.0,1018.0
2025-12-20 15:00:00,6.8,77.0,4.0,1019.3
2025-12-20 16:00:00,4.0,81.0,7.0,1018.0
2025-12-20 17:00:00,4.0,87.0,9.0,1019.0
2025-12-20 18:00:00,5.7,75.0,4.0,1019.9
2025-12-20 19:00:00,1.0,93.0,7.0,1019.0
2025-12-20 20:00:00,4.0,93.0,9.0,1019.0
2025-12-20 21:00:00,3.4,90.0,4.0,1020.6
2025-12-20 22:00:00,5.0,87.0,6.0,1019.0
2025-12-20 23:00:00,5.0,87.0,5.0,1019.0
2025-12-21 00:00:00,3.3,90.0,4.0,1020.5
2025-12-21 01:00:00,4.0,87.0,3.0,1019.0
2025-12-21 02:00:00,2.0,93.0,3.0,1018.0
2025-12-21 03:00:00,1.8,94.0,0.0,1020.7
2025-12-21 04:00:00,1.0,93.0,2.0,1018.0
2025-12-21 05:00:00,-1.0,100.0,3.0,1018.0
2025-12-21 06:00:00,0.7,98.0,4.0,1021.0
2025-12-21 07:00:00,0.0,100.0,0.0,1019.0
2025-12-21 08:00:00,2.0,93.0,2.0,1019.0
2025-12-21 09:00:00,2.9,95.0,4.0,1020.7
2025-12-21 10:00:00,3.0,100.0,3.0,1019.0
2025-12-21 11:00:00,5.0,87.0,3.0,1018.0
2025-12-21 12:00:00,6.4,80.0,4.0,1018.9
2025-12-21 13:00:00,9.0,62.0,2.0,1017.0
2025-12-21 14:00:00,8.0,71.0,3.0,1017.0
2025-12-21 15:00:00,5.4,80.0,0.0,1018.6
2025-12-21 16:00:00,3.0,87.0,4.0,1017.0
2025-12-21 17:00:00,1.0,86.0,4.0,1017.0
2025-12-21 18:00:00,3.7,79.0,7.0,1019.2
2025-12-21 19:00:00,1.0,86.0,3.0,1018.0
2025-12-21 20:00:00,1.0,93.0,2.0,1018.0
2025-12-21 21:00:00,1.9,89.0,4.0,1020.7
2025-12-21 22:00:00,-2.0,100.0,3.0,1019.0
2025-12-21 23:00:00,-2.0,100.0,2.0,1019.0
2025-12-22 00:00:00,-0.2,96.0,4.0,1021.4
2025-12-22 01:00:00,-2.0,100.0,3.0,1019.0
2025-12-22 02:00:00,-2.0,93.0,0.0,1019.0
2025-12-22 03:00:00,-1.3,96.0,4.0,1021.7
2025-12-22 04:00:00,-1.0,93.0,3.0,1019.0
2025-12-22 05:00:00,-0.0,93.0,2.0,1019.0
2025-12-22 06:00:00,0.2,94.0,4.0,1021.6
2025-12-22 07:00:00,-0.0,93.0,1.0,1020.0
2025-12-22 08:00:00,1.0,93.0,2.0,1020.0
2025-12-22 09:00:00,1.8,88.0,4.0,1021.9
2025-12-22 10:00:00,2.0,93.0,3.0,1019.0
2025-12-22 11:00:00,4.0,87.0,5.0,1019.0
2025-12-22 12:00:00,5.9,73.0,7.0,1020.0
2025-12-22 13:00:00,7.0,71.0,4.0,1018.0
2025-12-22 14:00:00,7.0,76.0,6.0,1019.0
2025-12-22 15:00:00,6.4,78.0,4.0,1019.7
2025-12-22 16:00:00,5.0,81.0,6.0,1019.0
2025-12-22 17:00:00,5.0,87.0,7.0,1019.0
2025-12-22 18:00:00,6.2,77.0,4.0,1020.1
2025-12-22 19:00:00,5.0,87.0,17.0,1019.0
2025-12-22 20:00:00,5.0,87.0,11.0,1019.0
2025-12-22 21:00:00,5.3,82.0,4.0,1020.8
2025-12-22 22:00:00,5.0,87.0,13.0,1019.0
2025-12-22 23:00:00,3.0,87.0,6.0,1019.0
2025-12-23 00:00:00,4.3,87.0,4.0,1020.7
2025-12-23 01:00:00,3.0,87.0,0.0,1019.0
2025-12-23 02:00:00,3.0,87.0,6.0,1019.0
2025-12-23 03:00:00,2.5,95.0,4.0,1020.5
2025-12-23 04:00:00,2.0,93.0,4.0,1018.0
2025-12-23 05:00:00,2.0,93.0,0.0,1018.0
2025-12-23 06:00:00,1.2,94.0,0.0,1020.7
2025-12-23 07:00:00,1.0,100.0,0.0,1019.0
2025-12-23 08:00:00,6.0,81.0,0.0,1019.0
2025-12-23 09:00:00,5.3,83.0,4.0,1018.8
2025-12-23 10:00:00,8.0,66.0,17.0,1018.0
2025-12-23 11:00:00,8.0,71.0,17.0,1017.0
2025-12-23 12:00:00,7.8,70.0,7.0,1017.8
2025-12-23 13:00:00,8.0,71.0,20.0,1017.0
2025-12-23 14:00:00,7.0,71.0,19.0,1017.0
2025-12-23 15:00:00,5.9,78.0,4.0,1018.2
2025-12-23 16:00:00,2.0,87.0,11.0,1017.0
2025-12-23 17:00:00,2.0,93.0,13.0,1017.0
2025-12-23 18:00:00,2.0,91.0,4.0,1020.4
2025-12-23 19:00:00,3.0,87.0,20.0,1017.0
2025-12-23 20:00:00,3.0,93.0,24.0,1017.0
2025-12-23 21:00:00,1.9,94.0,4.0,1019.8
2025-12-23 22:00:00,3.0,93.0,22.0,1017.0
2025-12-23 23:00:00,4.0,87.0,19.0,1017.0
2025-12-24 00:00:00,2.9,93.0,4.0,1020.3
2025-12-24 01:00:00,4.0,87.0,19.0,1017.0
2025-12-24 02:00:00,4.0,87.0,20.0,1016.0
2025-12-24 03:00:00,3.1,93.0,4.0,1018.4
2025-12-24 04:00:00,3.0,93.0,24.0,1016.0
2025-12-24 05:00:00,3.0,93.0,24.0,1016.0
2025-12-24 06:00:00,3.1,90.0,4.0,1018.5
2025-12-24 07:00:00,3.0,93.0,20.0,1017.0
2025-12-24 08:00:00,4.0,87.0,28.0,1018.0
2025-12-24 09:00:00,3.5,90.0,7.0,1019.3
2025-12-24 10:00:00,4.0,87.0,32.0,1018.0
2025-12-24 11:00:00,4.0,87.0,28.0,1017.0
2025-12-24 12:00:00,3.4,92.0,11.0,1019.0
2025-12-24 13:00:00,4.0,87.0,26.0,1018.0
2025-12-24 14:00:00,4.0,87.0,22.0,1018.0
2025-12-24 15:00:00,3.5,93.0,4.0,1020.2
2025-12-24 16:00:00,4.0,87.0,11.0,1019.0
2025-12-24 17:00:00,3.0,100.0,11.0,1019.0
2025-12-24 18:00:00,3.2,95.0,7.0,1021.0
2025-12-24 19:00:00,4.0,93.0,11.0,1020.0
2025-12-24 20:00:00,4.0,93.0,9.0,1020.0
2025-12-24 21:00:00,3.2,99.0,4.0,1021.7
2025-12-24 22:00:00,3.0,100.0,4.0,1020.0
2025-12-24 23:00:00,3.0,100.0,4.0,1020.0
2025-12-25 00:00:00,3.6,95.0,4.0,1021.7
2025-12-25 01:00:00,3.0,100.0,7.0,1021.0
2025-12-25 02:00:00,3.0,100.0,4.0,1021.0
2025-12-25 03:00:00,2.9,95.0,7.0,1022.5
2025-12-25 04:00:00,3.0,93.0,6.0,1021.0
2025-12-25 05:00:00,3.0,93.0,9.0,1021.0
2025-12-25 06:00:00,1.9,94.0,11.0,1023.3
2025-12-25 07:00:00,2.0,93.0,11.0,1023.0
2025-12-25 08:00:00,0.0,100.0,6.0,1024.0
2025-12-25 09:00:00,0.5,96.0,4.0,1026.4
2025-12-25 10:00:00,0.0,93.0,7.0,1024.0
2025-12-25 11:00:00,0.0,100.0,6.0,1024.0
2025-12-25 12:00:00,0.2,96.0,7.0,1026.8
2025-12-25 13:00:00,0.0,93.0,6.0,1025.0
2025-12-25 14:00:00,0.0,93.0,7.0,1025.0
2025-12-25 15:00:00,0.0,100.0,7.0,1027.1
2025-12-25 16:00:00,0.0,93.0,7.0,1025.0
2025-12-25 17:00:00,0.0,93.0,6.0,1026.0
2025-12-25 18:00:00,-0.4,99.0,7.0,1028.1
2025-12-25 19:00:00,0.0,93.0,9.0,1026.0
2025-12-25 20:00:00,0.0,93.0,11.0,1027.0
2025-12-25 21:00:00,-0.3,99.0,7.0,1029.0
2025-12-25 22:00:00,0.0,86.0,11.0,1027.0
2025-12-25 23:00:00,-1.0,93.0,11.0,1027.0
2025-12-26 00:00:00,-0.4,96.0,7.0,1028.9
2025-12-26 01:00:00,0.0,93.0,9.0,1026.0
2025-12-26 02:00:00,0.0,93.0,9.0,1026.0
2025-12-26 03:00:00,0.0,93.0,4.0,1028.5
2025-12-26 04:00:00,0.0,93.0,6.0,1025.0
2025-12-26 05:00:00,1.0,93.0,4.0,1025.0
2025-12-26 06:00:00,0.0,95.0,4.0,1027.8
2025-12-26 07:00:00,0.0,93.0,7.0,1026.0
2025-12-26 08:00:00,1.0,87.0,9.0,1026.0
2025-12-26 09:00:00,1.3,92.0,7.0,1028.1
2025-12-26 10:00:00,2.0,87.0,11.0,1025.0
2025-12-26 11:00:00,3.0,87.0,11.0,1024.0
2025-12-26 12:00:00,3.0,85.0,7.0,1025.5
2025-12-26 13:00:00,3.0,81.0,19.0,1023.0
2025-12-26 14:00:00,1.0,87.0,24.0,1023.0
2025-12-26 15:00:00,0.7,87.0,11.0,1025.6
2025-12-26 16:00:00,1.0,80.0,26.0,1023.0
2025-12-26 17:00:00,0.0,86.0,28.0,1023.0
2025-12-26 18:00:00,-0.4,90.0,11.0,1026.2
2025-12-26 19:00:00,0.0,86.0,32.0,1024.0
2025-12-26 20:00:00,0.0,86.0,26.0,1023.0
2025-12-26 21:00:00,-0.2,90.0,14.0,1026.6
2025-12-26 22:00:00,0.0,86.0,26.0,1024.0
2025-12-26 23:00:00,0.0,86.0,24.0,1023.0
2025-12-27 00:00:00,-0.2,83.0,14.0,1026.5
2025-12-27 01:00:00,0.0,80.0,22.0,1023.0
2025-12-27 02:00:00,0.0,86.0,24.0,1023.0
2025-12-27 03:00:00,-0.4,86.0,14.0,1026.2
2025-12-27 04:00:00,0.0,86.0,20.0,1023.0
2025-12-27 05:00:00,0.0,86.0,22.0,1023.0
2025-12-27 06:00:00,0.1,81.0,11.0,1026.1
2025-12-27 07:00:00,0.0,80.0,22.0,1024.0
2025-12-27 08:00:00,1.0,75.0,20.0,1024.0
2025-12-27 09:00:00,1.4,71.0,14.0,1026.0
2025-12-27 10:00:00,1.0,75.0,28.0,1023.0
2025-12-27 11:00:00,1.0,75.0,28.0,1023.0
2025-12-27 12:00:00,1.6,71.0,14.0,1024.8
2025-12-27 13:00:00,1.0,75.0,26.0,1022.0
2025-12-27 14:00:00,1.0,75.0,30.0,1022.0
2025-12-27 15:00:00,0.5,83.0,14.0,1024.8
2025-12-27 16:00:00,0.0,80.0,26.0,1021.0
2025-12-27 17:00:00,0.0,80.0,17.0,1021.0
2025-12-27 18:00:00,-0.4,81.0,7.0,1023.3
2025-12-27 19:00:00,-1.0,80.0,13.0,1020.0
2025-12-27 20:00:00,-1.0,80.0,15.0,1020.0
2025-12-27 21:00:00,-2.0,91.0,4.0,1022.7
2025-12-27 22:00:00,-2.0,86.0,13.0,1018.0
2025-12-27 23:00:00,-2.0,86.0,9.0,1017.0
2025-12-28 00:00:00,-3.7,93.0,4.0,1019.3
2025-12-28 01:00:00,-4.0,93.0,4.0,1015.0
2025-12-28 02:00:00,-4.0,86.0,7.0,1014.0
2025-12-28 03:00:00,-3.0,88.0,4.0,1015.7
2025-12-28 04:00:00,2.0,55.0,20.0,1012.0
2025-12-28 05:00:00,2.0,60.0,22.0,1012.0
2025-12-28 06:00:00,3.8,68.0,25.0,1014.0
2025-12-28 07:00:00,4.0,65.0,30.0,1012.0
2025-12-28 08:00:00,4.0,65.0,50.0,1012.0
2025-12-28 09:00:00,2.7,67.0,29.0,1015.3
2025-12-28 10:00:00,3.0,65.0,52.0,1013.0
2025-12-28 11:00:00,2.0,60.0,46.0,1014.0
2025-12-28 12:00:00,1.5,61.0,25.0,1016.5
2025-12-28 13:00:00,2.0,55.0,43.0,1014.0
2025-12-28 14:00:00,1.0,60.0,44.0,1015.0
2025-12-28 15:00:00,-0.2,69.0,22.0,1018.2
2025-12-28 16:00:00,0.0,64.0,30.0,1016.0
2025-12-28 17:00:00,0.0,64.0,33.0,1016.0
2025-12-28 18:00:00,0.0,81.0,22.0,1019.7
2025-12-28 19:00:00,0.0,64.0,30.0,1018.0
2025-12-28 20:00:00,0.0,64.0,26.0,1017.0
2025-12-28 21:00:00,-0.3,78.0,18.0,1020.6
2025-12-28 22:00:00,0.0,64.0,28.0,1017.0
2025-12-28 23:00:00,-1.0,64.0,35.0,1017.0
2025-12-29 00:00:00,-1.0,82.0,18.0,1019.8
2025-12-29 01:00:00,-1.0,69.0,37.0,1017.0
2025-12-29 02:00:00,-1.0,69.0,35.0,1017.0
2025-12-29 03:00:00,-1.1,73.0,22.0,1020.0
2025-12-29 04:00:00,-1.0,69.0,35.0,1018.0
2025-12-29 05:00:00,-2.0,74.0,30.0,1018.0
2025-12-29 06:00:00,-1.9,74.0,18.0,1021.7
2025-12-29 07:00:00,-1.0,64.0,26.0,1019.0
2025-12-29 08:00:00,0.0,64.0,28.0,1020.0
2025-12-29 09:00:00,0.5,65.0,11.0,1022.0
2025-12-29 10:00:00,2.0,51.0,26.0,1018.0
2025-12-29 11:00:00,3.0,48.0,22.0,1017.0
2025-12-29 12:00:00,4.5,54.0,11.0,1018.4
2025-12-29 13:00:00,5.0,48.0,20.0,1016.0
2025-12-29 14:00:00,5.0,48.0,15.0,1016.0
2025-12-29 15:00:00,3.3,62.0,7.0,1017.5
2025-12-29 16:00:00,1.0,60.0,15.0,1015.0
2025-12-29 17:00:00,1.0,60.0,6.0,1015.0
2025-12-29 18:00:00,-1.2,86.0,4.0,1017.7
2025-12-29 19:00:00,1.0,55.0,15.0,1014.0
2025-12-29 20:00:00,-1.0,69.0,11.0,1013.0
2025-12-29 21:00:00,-3.0,84.0,4.0,1017.8
2025-12-29 22:00:00,-3.0,80.0,6.0,1013.0
2025-12-29 23:00:00,-5.0,80.0,7.0,1012.0
2025-12-30 00:00:00,-3.9,85.0,4.0,1017.2
2025-12-30 01:00:00,-5.0,86.0,9.0,1012.0
2025-12-30 02:00:00,-5.0,86.0,6.0,1011.0
2025-12-30 03:00:00,-4.0,85.0,4.0,1014.4
2025-12-30 04:00:00,-7.0,93.0,9.0,1010.0
2025-12-30 05:00:00,-7.0,93.0,4.0,1009.0
2025-12-30 06:00:00,-5.0,91.0,0.0,1013.0
2025-12-30 07:00:00,-5.0,86.0,6.0,1009.0
2025-12-30 08:00:00,-2.0,80.0,6.0,1010.0
2025-12-30 09:00:00,2.5,63.0,7.0,1012.1
2025-12-30 10:00:00,4.0,45.0,35.0,1010.0
2025-12-30 11:00:00,4.0,41.0,37.0,1010.0
2025-12-30 12:00:00,3.5,52.0,14.0,1012.0
2025-12-30 13:00:00,2.0,55.0,43.0,1011.0
2025-12-30 14:00:00,1.0,60.0,39.0,1011.0
2025-12-30 15:00:00,0.0,74.0,14.0,1014.0
2025-12-30 16:00:00,0.0,69.0,28.0,1012.0
2025-12-30 17:00:00,-1.0,80.0,22.0,1012.0
2025-12-30 18:00:00,-0.2,76.0,11.0,1015.0
2025-12-30 19:00:00,0.0,69.0,28.0,1013.0
2025-12-30 20:00:00,-1.0,69.0,22.0,1013.0
2025-12-30 21:00:00,-1.5,69.0,14.0,1016.7
2025-12-30 22:00:00,-2.0,64.0,19.0,1014.0
2025-12-30 23:00:00,-3.0,68.0,20.0,1014.0
2025-12-31 00:00:00,-3.9,73.0,14.0,1017.2
2025-12-31 01:00:00,-5.0,74.0,19.0,1014.0
2025-12-31 02:00:00,-5.0,68.0,15.0,1014.0
2025-12-31 03:00:00,-5.2,70.0,11.0,1017.9
2025-12-31 04:00:00,-6.0,68.0,17.0,1014.0
2025-12-31 05:00:00,-6.0,68.0,22.0,1014.0
2025-12-31 06:00:00,-6.0,76.0,11.0,1018.5
2025-12-31 07:00:00,-5.0,63.0,9.0,1015.0
2025-12-31 08:00:00,-5.0,63.0,11.0,1015.0
2025-12-31 09:00:00,-4.0,66.0,18.0,1018.4
2025-12-31 10:00:00,-2.0,50.0,33.0,1014.0
2025-12-31 11:00:00,-2.0,46.0,37.0,1013.0
2025-12-31 12:00:00,-2.8,64.0,18.0,1017.3
2025-12-31 13:00:00,-3.0,46.0,28.0,1013.0
2025-12-31 14:00:00,-3.0,50.0,30.0,1014.0
2025-12-31 15:00:00,-4.2,74.0,14.0,1017.8
2025-12-31 16:00:00,-4.0,54.0,19.0,1014.0
2025-12-31 17:00:00,-5.0,58.0,22.0,1015.0
2025-12-31 18:00:00,-5.0,78.0,11.0,1018.6
2025-12-31 19:00:00,-5.0,54.0,15.0,1015.0
2025-12-31 20:00:00,-5.0,58.0,20.0,1016.0
2025-12-31 21:00:00,-6.4,76.0,14.0,1019.7
2025-12-31 22:00:00,-6.0,63.0,22.0,1015.0
2025-12-31 23:00:00,-6.0,68.0,20.0,1015.0
